category,tag,problem_id,title,difficulty,diff_band,solver,url
Data-Structure,Binary-Indexed-Tree,abc262_c,C. Min Max Pair,360,0-399,9987,https://atcoder.jp/contests/abc262/tasks/abc262_c
Data-Structure,Binary-Indexed-Tree,abc185_f,F. Range Xor Query,1053,800-1199,6841,https://atcoder.jp/contests/abc185/tasks/abc185_f
Data-Structure,Binary-Indexed-Tree,abc253_e,E. Distance Sequence,1073,800-1199,6353,https://atcoder.jp/contests/abc253/tasks/abc253_e
Data-Structure,Binary-Indexed-Tree,abc241_d,D. Sequence Query,1177,800-1199,7293,https://atcoder.jp/contests/abc241/tasks/abc241_d
Data-Structure,Binary-Indexed-Tree,abc190_f,F. Shift and Inversions,1321,1200-1599,4853,https://atcoder.jp/contests/abc190/tasks/abc190_f
Data-Structure,Binary-Indexed-Tree,abc157_e,E. Simple String Queries,1443,1200-1599,5399,https://atcoder.jp/contests/abc157/tasks/abc157_e
Data-Structure,Binary-Indexed-Tree,abc174_f,F. Range Set Query,1495,1200-1599,5265,https://atcoder.jp/contests/abc174/tasks/abc174_f
Data-Structure,Binary-Indexed-Tree,abc231_f,F. Jealous Two,1580,1200-1599,3067,https://atcoder.jp/contests/abc231/tasks/abc231_f
Data-Structure,Binary-Indexed-Tree,arc043_b,B. 難易度,1606,1600-1999,1501,https://atcoder.jp/contests/arc043/tasks/arc043_b
Data-Structure,Binary-Indexed-Tree,abc309_f,F. Box in Box,1619,1600-1999,3035,https://atcoder.jp/contests/abc309/tasks/abc309_f
Data-Structure,Binary-Indexed-Tree,abc223_f,F. Parenthesis Checking,1641,1600-1999,3151,https://atcoder.jp/contests/abc223/tasks/abc223_f
Data-Structure,Binary-Indexed-Tree,arc033_3,C. データ構造,1641,1600-1999,2270,https://atcoder.jp/contests/arc033/tasks/arc033_3
Data-Structure,Binary-Indexed-Tree,abc253_f,F. Operations on a Matrix,1756,1600-1999,2527,https://atcoder.jp/contests/abc253/tasks/abc253_f
Data-Structure,Binary-Indexed-Tree,abc038_d,D. プレゼント,1804,1600-1999,2607,https://atcoder.jp/contests/abc038/tasks/abc038_d
Data-Structure,Binary-Indexed-Tree,abc186_f,F. Rook on Grid,1833,1600-1999,2450,https://atcoder.jp/contests/abc186/tasks/abc186_f
Data-Structure,Binary-Indexed-Tree,arc031_3,C. 積み木,1880,1600-1999,925,https://atcoder.jp/contests/arc031/tasks/arc031_3
Data-Structure,Binary-Indexed-Tree,jsc2021_f,F. Max Matrix,1954,1600-1999,1154,https://atcoder.jp/contests/jsc2021/tasks/jsc2021_f
Data-Structure,Binary-Indexed-Tree,arc075_c,E. Meaningful Mean,1979,1600-1999,2942,https://atcoder.jp/contests/arc075/tasks/arc075_c
Data-Structure,Binary-Indexed-Tree,abc127_f,F. Absolute Minima,2003,2000-2399,3003,https://atcoder.jp/contests/abc127/tasks/abc127_f
Data-Structure,Binary-Indexed-Tree,arc101_b,D. Median of Medians,2073,2000-2399,3045,https://atcoder.jp/contests/abc107/tasks/arc101_b
Data-Structure,Binary-Indexed-Tree,arc088_c,E. Papple Sort,2231,2000-2399,1466,https://atcoder.jp/contests/arc088/tasks/arc088_c
Data-Structure,Binary-Indexed-Tree,arc047_c,C. N!÷K番目の単語,2262,2000-2399,457,https://atcoder.jp/contests/arc047/tasks/arc047_c
Data-Structure,Binary-Indexed-Tree,arc068_c,E. Snuke Line,2307,2000-2399,1970,https://atcoder.jp/contests/arc068/tasks/arc068_c
Data-Structure,Binary-Indexed-Tree,abc136_f,F. Enclosed Points,2334,2000-2399,1528,https://atcoder.jp/contests/abc136/tasks/abc136_f
Data-Structure,Binary-Indexed-Tree,arc043_c,C. 転倒距離,2409,2400-2799,355,https://atcoder.jp/contests/arc043/tasks/arc043_c
Data-Structure,Binary-Indexed-Tree,abc266_h,Ex. Snuke Panic (2D),2865,2800-3199,367,https://atcoder.jp/contests/abc266/tasks/abc266_h
Data-Structure,Binary-Indexed-Tree,practice2_b,B. Fenwick Tree,,unknown,4575,https://atcoder.jp/contests/practice2/tasks/practice2_b
Data-Structure,Binary-Indexed-Tree,chokudai_S001_h,H. LIS,,unknown,2742,https://atcoder.jp/contests/chokudai_S001/tasks/chokudai_S001_h
Data-Structure,Binary-Indexed-Tree,chokudai_S001_j,J. 転倒数,,unknown,2245,https://atcoder.jp/contests/chokudai_S001/tasks/chokudai_S001_j
Data-Structure,Binary-Indexed-Tree,typical90_q,017. Crossing Segments（★7）,,unknown,1467,https://atcoder.jp/contests/typical90/tasks/typical90_q
Data-Structure,Binary-Indexed-Tree,chokudai_S001_k,K. 辞書順で何番目？,,unknown,734,https://atcoder.jp/contests/chokudai_S001/tasks/chokudai_S001_k
Data-Structure,Binary-Indexed-Tree,typical90_ck,089. Partitions and Inversions（★7）,,unknown,653,https://atcoder.jp/contests/typical90/tasks/typical90_ck
Data-Structure,Binary-Indexed-Tree,joisc2008_typhoon,typhoon. 台風 (Typhoon),,unknown,383,https://atcoder.jp/contests/joisc2008/tasks/joisc2008_typhoon
Data-Structure,Binary-Indexed-Tree,joisc2011_bookshelf,bookshelf. 本棚 (Bookshelf),,unknown,369,https://atcoder.jp/contests/joisc2011/tasks/joisc2011_bookshelf
Data-Structure,Binary-Indexed-Tree,indeednow_2015_finalb_e,E. Line up!,,unknown,314,https://atcoder.jp/contests/indeednow-finalb-open/tasks/indeednow_2015_finalb_e
Data-Structure,Binary-Indexed-Tree,ttpc2019_m,M. Inversion Numbers of Tree,,unknown,190,https://atcoder.jp/contests/ttpc2019/tasks/ttpc2019_m
Data-Structure,Binary-Indexed-Tree,wupc_07,G. だるま落とし,,unknown,134,https://atcoder.jp/contests/wupc2nd/tasks/wupc_07
Data-Structure,Binary-Indexed-Tree,nikkei2019_2_final_e,E. Notorious B.I.T.,,unknown,102,https://atcoder.jp/contests/nikkei2019-2-final/tasks/nikkei2019_2_final_e
Data-Structure,Lazy-Segment-Tree,abc323_b,B. Round-Robin Tournament,-267,<0,16615,https://atcoder.jp/contests/abc323/tasks/abc323_b
Data-Structure,Lazy-Segment-Tree,abc341_e,E. Alternating String,1223,1200-1599,5128,https://atcoder.jp/contests/abc341/tasks/abc341_e
Data-Structure,Lazy-Segment-Tree,arc045_b,B. ドキドキデート大作戦高橋君,1526,1200-1599,1797,https://atcoder.jp/contests/arc045/tasks/arc045_b
Data-Structure,Lazy-Segment-Tree,abc327_f,F. Apples,1624,1600-1999,2862,https://atcoder.jp/contests/abc327/tasks/abc327_f
Data-Structure,Lazy-Segment-Tree,abl_e,E. Replace Digits,1706,1600-1999,2100,https://atcoder.jp/contests/abl/tasks/abl_e
Data-Structure,Lazy-Segment-Tree,abc179_f,F. Simplified Reversi,1713,1600-1999,2949,https://atcoder.jp/contests/abc179/tasks/abc179_f
Data-Structure,Lazy-Segment-Tree,abc332_f,F. Random Update Query,1786,1600-1999,2308,https://atcoder.jp/contests/abc332/tasks/abc332_f
Data-Structure,Lazy-Segment-Tree,abc357_f,F. Two Sequence Queries,1793,1600-1999,3084,https://atcoder.jp/contests/abc357/tasks/abc357_f
Data-Structure,Lazy-Segment-Tree,abc322_f,F. Vacation Query,1806,1600-1999,2510,https://atcoder.jp/contests/abc322/tasks/abc322_f
Data-Structure,Lazy-Segment-Tree,abc441_g,G. Takoyaki and Flip,1985,1600-1999,1309,https://atcoder.jp/contests/abc441/tasks/abc441_g
Data-Structure,Lazy-Segment-Tree,abc428_f,F. Pyramid Alignment,2073,2000-2399,1072,https://atcoder.jp/contests/abc428/tasks/abc428_f
Data-Structure,Lazy-Segment-Tree,abc237_g,G. Range Sort Query,2088,2000-2399,1735,https://atcoder.jp/contests/abc237/tasks/abc237_g
Data-Structure,Lazy-Segment-Tree,abc177_f,F. I hate Shortest Path Problem,2291,2000-2399,1409,https://atcoder.jp/contests/abc177/tasks/abc177_f
Data-Structure,Lazy-Segment-Tree,abc211_f,F. Rectilinear Polygons,2350,2000-2399,839,https://atcoder.jp/contests/abc211/tasks/abc211_f
Data-Structure,Lazy-Segment-Tree,abc255_h,Ex. Range Harvest Query,2430,2400-2799,848,https://atcoder.jp/contests/abc255/tasks/abc255_h
Data-Structure,Lazy-Segment-Tree,arc056_d,D. サケノミ,2870,2800-3199,149,https://atcoder.jp/contests/arc056/tasks/arc056_d
Data-Structure,Lazy-Segment-Tree,typical90_ac,029. Long Bricks（★5）,,unknown,3478,https://atcoder.jp/contests/typical90/tasks/typical90_ac
Data-Structure,Lazy-Segment-Tree,dp_w,W. Intervals,,unknown,3348,https://atcoder.jp/contests/dp/tasks/dp_w
Data-Structure,Lazy-Segment-Tree,practice2_k,K. Range Affine Range Sum,,unknown,1619,https://atcoder.jp/contests/practice2/tasks/practice2_k
Data-Structure,Lazy-Segment-Tree,practice2_l,L. Lazy Segment Tree,,unknown,1266,https://atcoder.jp/contests/practice2/tasks/practice2_l
Data-Structure,Lazy-Segment-Tree,past202004_n,N. Building Construction,,unknown,482,https://atcoder.jp/contests/past202004-open/tasks/past202004_n
Data-Structure,Lazy-Segment-Tree,past202107_n,N. Monochrome Design,,unknown,209,https://atcoder.jp/contests/past202107-open/tasks/past202107_n
Data-Structure,Lazy-Segment-Tree,joi2013ho5,5. バブルソート (Bubble Sort),,unknown,185,https://atcoder.jp/contests/joi2013ho/tasks/joi2013ho5
Data-Structure,Lazy-Segment-Tree,iroha2019_day2_k,K. 虫取り,,unknown,103,https://atcoder.jp/contests/iroha2019-day2/tasks/iroha2019_day2_k
Data-Structure,Lazy-Segment-Tree,icpc2015autumn_h,H. Donut Decoration,,unknown,57,https://atcoder.jp/contests/jag2015autumn/tasks/icpc2015autumn_h
Data-Structure,Segment-Tree,abc349_d,D. Divide Interval,832,800-1199,7476,https://atcoder.jp/contests/abc349/tasks/abc349_d
Data-Structure,Segment-Tree,abc039_d,D. 画像処理高橋君,1039,800-1199,3545,https://atcoder.jp/contests/abc039/tasks/abc039_d
Data-Structure,Segment-Tree,abc185_f,F. Range Xor Query,1053,800-1199,6841,https://atcoder.jp/contests/abc185/tasks/abc185_f
Data-Structure,Segment-Tree,abc239_e,E. Subtree K-th Max,1084,800-1199,5922,https://atcoder.jp/contests/abc239/tasks/abc239_e
Data-Structure,Segment-Tree,abc194_e,E. Mex Min,1088,800-1199,7006,https://atcoder.jp/contests/abc194/tasks/abc194_e
Data-Structure,Segment-Tree,abc339_e,E. Smooth Subsequence,1109,800-1199,5657,https://atcoder.jp/contests/abc339/tasks/abc339_e
Data-Structure,Segment-Tree,abc340_e,E. Mancala 2,1157,800-1199,4799,https://atcoder.jp/contests/abc340/tasks/abc340_e
Data-Structure,Segment-Tree,abc241_d,D. Sequence Query,1177,800-1199,7293,https://atcoder.jp/contests/abc241/tasks/abc241_d
Data-Structure,Segment-Tree,abc125_c,C. GCD on Blackboard,1197,800-1199,15385,https://atcoder.jp/contests/abc125/tasks/abc125_c
Data-Structure,Segment-Tree,abc341_e,E. Alternating String,1223,1200-1599,5128,https://atcoder.jp/contests/abc341/tasks/abc341_e
Data-Structure,Segment-Tree,abc351_f,F. Double Sum,1253,1200-1599,4790,https://atcoder.jp/contests/abc351/tasks/abc351_f
Data-Structure,Segment-Tree,abc247_e,E. Max Min,1256,1200-1599,5418,https://atcoder.jp/contests/abc247/tasks/abc247_e
Data-Structure,Segment-Tree,abl_d,D. Flat Subsequence,1283,1200-1599,3681,https://atcoder.jp/contests/abl/tasks/abl_d
Data-Structure,Segment-Tree,abc437_f,F. Manhattan Christmas Tree 2,1332,1200-1599,3031,https://atcoder.jp/contests/abc437/tasks/abc437_f
Data-Structure,Segment-Tree,abc343_f,F. Second Largest Query,1370,1200-1599,5290,https://atcoder.jp/contests/abc343/tasks/abc343_f
Data-Structure,Segment-Tree,abc272_e,E. Add and Mex,1434,1200-1599,4234,https://atcoder.jp/contests/abc272/tasks/abc272_e
Data-Structure,Segment-Tree,abc157_e,E. Simple String Queries,1443,1200-1599,5399,https://atcoder.jp/contests/abc157/tasks/abc157_e
Data-Structure,Segment-Tree,abc231_f,F. Jealous Two,1580,1200-1599,3067,https://atcoder.jp/contests/abc231/tasks/abc231_f
Data-Structure,Segment-Tree,abc223_f,F. Parenthesis Checking,1641,1600-1999,3151,https://atcoder.jp/contests/abc223/tasks/abc223_f
Data-Structure,Segment-Tree,arc033_3,C. データ構造,1641,1600-1999,2270,https://atcoder.jp/contests/arc033/tasks/arc033_3
Data-Structure,Segment-Tree,nikkei2019_2_qual_d,D. Shortest Path on a Line,1647,1600-1999,2478,https://atcoder.jp/contests/nikkei2019-2-qual/tasks/nikkei2019_2_qual_d
Data-Structure,Segment-Tree,code_festival_qualB_d,D. 登山家,1651,1600-1999,1077,https://atcoder.jp/contests/code-festival-2014-qualb/tasks/code_festival_qualB_d
Data-Structure,Segment-Tree,donuts_2015_3,C. 行列のできるドーナツ屋,1661,1600-1999,1000,https://atcoder.jp/contests/donuts-2015/tasks/donuts_2015_3
Data-Structure,Segment-Tree,abc254_f,F. Rectangle GCD,1764,1600-1999,2731,https://atcoder.jp/contests/abc254/tasks/abc254_f
Data-Structure,Segment-Tree,abc038_d,D. プレゼント,1804,1600-1999,2607,https://atcoder.jp/contests/abc038/tasks/abc038_d
Data-Structure,Segment-Tree,abc165_f,F. LIS on Tree,1843,1600-1999,3713,https://atcoder.jp/contests/abc165/tasks/abc165_f
Data-Structure,Segment-Tree,arc026_3,C. 蛍光灯,1930,1600-1999,989,https://atcoder.jp/contests/arc026/tasks/arc026_3
Data-Structure,Segment-Tree,jsc2021_f,F. Max Matrix,1954,1600-1999,1154,https://atcoder.jp/contests/jsc2021/tasks/jsc2021_f
Data-Structure,Segment-Tree,abc256_f,F. Cumulative Cumulative Cumulative Sum,2067,2000-2399,2041,https://atcoder.jp/contests/abc256/tasks/abc256_f
Data-Structure,Segment-Tree,abc237_g,G. Range Sort Query,2088,2000-2399,1735,https://atcoder.jp/contests/abc237/tasks/abc237_g
Data-Structure,Segment-Tree,arc035_d,D. 高橋くんとマラソンコース,2173,2000-2399,439,https://atcoder.jp/contests/arc035/tasks/arc035_d
Data-Structure,Segment-Tree,arc017_4,D. ARCたんクッキー,2244,2000-2399,416,https://atcoder.jp/contests/arc017/tasks/arc017_4
Data-Structure,Segment-Tree,arc080_c,E. Young Maids,2277,2000-2399,1606,https://atcoder.jp/contests/arc080/tasks/arc080_c
Data-Structure,Segment-Tree,abc136_f,F. Enclosed Points,2334,2000-2399,1528,https://atcoder.jp/contests/abc136/tasks/abc136_f
Data-Structure,Segment-Tree,mujin_pc_2016_d,D. Parenthesis Sequence,2404,2400-2799,302,https://atcoder.jp/contests/mujin-pc-2016/tasks/mujin_pc_2016_d
Data-Structure,Segment-Tree,arc008_4,D. タコヤキオイシクナール,2430,2400-2799,1021,https://atcoder.jp/contests/arc008/tasks/arc008_4
Data-Structure,Segment-Tree,arc027_4,D. ぴょんぴょんトレーニング,2474,2400-2799,177,https://atcoder.jp/contests/arc027/tasks/arc027_4
Data-Structure,Segment-Tree,abc256_h,Ex. I like Query Problem,2531,2400-2799,959,https://atcoder.jp/contests/abc256/tasks/abc256_h
Data-Structure,Segment-Tree,arc038_c,C. 茶碗と豆,2531,2400-2799,426,https://atcoder.jp/contests/arc038/tasks/arc038_c
Data-Structure,Segment-Tree,arc067_d,F. Yakiniku Restaurants,2729,2400-2799,1466,https://atcoder.jp/contests/arc067/tasks/arc067_d
Data-Structure,Segment-Tree,arc076_d,F. Exhausted?,2819,2800-3199,1288,https://atcoder.jp/contests/arc076/tasks/arc076_d
Data-Structure,Segment-Tree,arc025_4,D. コンセント,2863,2800-3199,76,https://atcoder.jp/contests/arc025/tasks/arc025_4
Data-Structure,Segment-Tree,arc073_d,F. Many Moves,2867,2800-3199,1320,https://atcoder.jp/contests/arc073/tasks/arc073_d
Data-Structure,Segment-Tree,arc049_d,D. すわっぷしまーす,2988,2800-3199,63,https://atcoder.jp/contests/arc049/tasks/arc049_d
Data-Structure,Segment-Tree,arc054_d,D. バブルソート,3095,2800-3199,60,https://atcoder.jp/contests/arc054/tasks/arc054_d
Data-Structure,Segment-Tree,dp_q,Q. Flowers,,unknown,10848,https://atcoder.jp/contests/dp/tasks/dp_q
Data-Structure,Segment-Tree,chokudai_S001_h,H. LIS,,unknown,2742,https://atcoder.jp/contests/chokudai_S001/tasks/chokudai_S001_h
Data-Structure,Segment-Tree,practice2_j,J. Segment Tree,,unknown,2401,https://atcoder.jp/contests/practice2/tasks/practice2_j
Data-Structure,Segment-Tree,chokudai_S001_j,J. 転倒数,,unknown,2245,https://atcoder.jp/contests/chokudai_S001/tasks/chokudai_S001_j
Data-Structure,Segment-Tree,tessoku_book_bf,A58. RMQ (Range Maximum Queries),,unknown,2237,https://atcoder.jp/contests/tessoku-book/tasks/tessoku_book_bf
Data-Structure,Segment-Tree,past202107_l,L. Multiple Min Query,,unknown,421,https://atcoder.jp/contests/past202107-open/tasks/past202107_l
Data-Structure,Segment-Tree,codefestival_2015_final_d,D. 足ゲームII,,unknown,396,https://atcoder.jp/contests/code-festival-2015-final-open/tasks/codefestival_2015_final_d
Data-Structure,Segment-Tree,joisc2008_typhoon,typhoon. 台風 (Typhoon),,unknown,383,https://atcoder.jp/contests/joisc2008/tasks/joisc2008_typhoon
Data-Structure,Segment-Tree,code_festival_2018_final_e,E. Tough Journey,,unknown,354,https://atcoder.jp/contests/code-festival-2018-final-open/tasks/code_festival_2018_final_e
Data-Structure,Segment-Tree,s8pc_2_h,H. Counting 1's,,unknown,352,https://atcoder.jp/contests/s8pc-2/tasks/s8pc_2_h
Data-Structure,Segment-Tree,nikkei2019_2_final_c,C. Largest N,,unknown,274,https://atcoder.jp/contests/nikkei2019-2-final/tasks/nikkei2019_2_final_c
Data-Structure,Segment-Tree,ddcc2019_final_d,D. DISCO!,,unknown,233,https://atcoder.jp/contests/ddcc2019-final/tasks/ddcc2019_final_d
Data-Structure,Segment-Tree,tkppc4_1_n,N. multiple,,unknown,123,https://atcoder.jp/contests/tkppc4-1/tasks/tkppc4_1_n
Data-Structure,Segment-Tree,iroha2019_day2_j,J. ライ麦畑で待ちながら,,unknown,74,https://atcoder.jp/contests/iroha2019-day2/tasks/iroha2019_day2_j
Data-Structure,Segment-Tree,pakencamp_2019_day3_f,F. クリスマス飾り2,,unknown,51,https://atcoder.jp/contests/pakencamp-2019-day3/tasks/pakencamp_2019_day3_f
Data-Structure,Segment-Tree,pakencamp_2019_day3_g,G. プレゼント配り2,,unknown,13,https://atcoder.jp/contests/pakencamp-2019-day3/tasks/pakencamp_2019_day3_g
Data-Structure,Sparse-Table,abc189_c,C. Mandarin Orange,565,400-799,12463,https://atcoder.jp/contests/abc189/tasks/abc189_c
Data-Structure,Sparse-Table,abc282_f,F. Union of Two Sets,1734,1600-1999,2311,https://atcoder.jp/contests/abc282/tasks/abc282_f
Data-Structure,Sparse-Table,arc023_4,D. GCD区間,2511,2400-2799,469,https://atcoder.jp/contests/arc023/tasks/arc023_4
Data-Structure,Sparse-Table,past202012_n,N. Travel Agency,,unknown,346,https://atcoder.jp/contests/past202012-open/tasks/past202012_n
Data-Structure,Union-Find-Tree,abc325_c,C. Sensors,400,400-799,9874,https://atcoder.jp/contests/abc325/tasks/abc325_c
Data-Structure,Union-Find-Tree,abl_c,C. Connect Cities,435,400-799,6979,https://atcoder.jp/contests/abl/tasks/abl_c
Data-Structure,Union-Find-Tree,abc288_c,C. Don’t be cycle,436,400-799,9239,https://atcoder.jp/contests/abc288/tasks/abc288_c
Data-Structure,Union-Find-Tree,abc287_c,C. Path Graph?,466,400-799,9066,https://atcoder.jp/contests/abc287/tasks/abc287_c
Data-Structure,Union-Find-Tree,abc269_d,D. Do use hexagon grid,612,400-799,7601,https://atcoder.jp/contests/abc269/tasks/abc269_d
Data-Structure,Union-Find-Tree,abc285_d,D. Change Usernames,663,400-799,7222,https://atcoder.jp/contests/abc285/tasks/abc285_d
Data-Structure,Union-Find-Tree,abc333_d,D. Erase Leaves,704,400-799,8354,https://atcoder.jp/contests/abc333/tasks/abc333_d
Data-Structure,Union-Find-Tree,abc231_d,D. Neighbors,726,400-799,7617,https://atcoder.jp/contests/abc231/tasks/abc231_d
Data-Structure,Union-Find-Tree,abc177_d,D. Friends,732,400-799,12236,https://atcoder.jp/contests/abc177/tasks/abc177_d
Data-Structure,Union-Find-Tree,arc106_b,B. Values,732,400-799,5572,https://atcoder.jp/contests/arc106/tasks/arc106_b
Data-Structure,Union-Find-Tree,abc142_d,D. Disjoint Set of Common Divisors,827,800-1199,11406,https://atcoder.jp/contests/abc142/tasks/abc142_d
Data-Structure,Union-Find-Tree,abc293_d,D. Tying Rope,830,800-1199,7074,https://atcoder.jp/contests/abc293/tasks/abc293_d
Data-Structure,Union-Find-Tree,abc206_d,D. KAIBUNsyo,879,800-1199,8434,https://atcoder.jp/contests/abc206/tasks/abc206_d
Data-Structure,Union-Find-Tree,abc259_d,D. Circumferences,947,800-1199,7122,https://atcoder.jp/contests/abc259/tasks/abc259_d
Data-Structure,Union-Find-Tree,arc114_b,B. Special Subsets,1000,800-1199,3765,https://atcoder.jp/contests/arc114/tasks/arc114_b
Data-Structure,Union-Find-Tree,abc229_e,E. Graph Destruction,1015,800-1199,5969,https://atcoder.jp/contests/abc229/tasks/abc229_e
Data-Structure,Union-Find-Tree,abc352_e,E. Clique Connect,1030,800-1199,6328,https://atcoder.jp/contests/abc352/tasks/abc352_e
Data-Structure,Union-Find-Tree,abc372_e,E. K-th Largest Connected Components,1042,800-1199,6024,https://atcoder.jp/contests/abc372/tasks/abc372_e
Data-Structure,Union-Find-Tree,abc276_e,E. Round Trip,1058,800-1199,5561,https://atcoder.jp/contests/abc276/tasks/abc276_e
Data-Structure,Union-Find-Tree,abc075_c,C. Bridge,1067,800-1199,9385,https://atcoder.jp/contests/abc075/tasks/abc075_c
Data-Structure,Union-Find-Tree,abc328_e,E. Modulo MST,1160,800-1199,5520,https://atcoder.jp/contests/abc328/tasks/abc328_e
Data-Structure,Union-Find-Tree,arc032_2,B. 道路工事,1169,800-1199,3167,https://atcoder.jp/contests/arc032/tasks/arc032_2
Data-Structure,Union-Find-Tree,abc334_e,E. Christmas Color Grid 1,1195,800-1199,4703,https://atcoder.jp/contests/abc334/tasks/abc334_e
Data-Structure,Union-Find-Tree,abc157_d,D. Friend Suggestions,1208,1200-1599,7208,https://atcoder.jp/contests/abc157/tasks/abc157_d
Data-Structure,Union-Find-Tree,arc107_c,C. Shuffle Permutation,1223,1200-1599,3880,https://atcoder.jp/contests/arc107/tasks/arc107_c
Data-Structure,Union-Find-Tree,abc264_e,E. Blackout 2,1229,1200-1599,4882,https://atcoder.jp/contests/abc264/tasks/abc264_e
Data-Structure,Union-Find-Tree,abc380_e,E. 1D Bucket Tool,1230,1200-1599,5011,https://atcoder.jp/contests/abc380/tasks/abc380_e
Data-Structure,Union-Find-Tree,arc097_b,D. Equals,1270,1200-1599,6971,https://atcoder.jp/contests/abc097/tasks/arc097_b
Data-Structure,Union-Find-Tree,abc235_e,E. MST + 1,1304,1200-1599,5049,https://atcoder.jp/contests/abc235/tasks/abc235_e
Data-Structure,Union-Find-Tree,abc226_e,E. Just one,1327,1200-1599,4569,https://atcoder.jp/contests/abc226/tasks/abc226_e
Data-Structure,Union-Find-Tree,abc126_e,E. 1 or 2,1340,1200-1599,7607,https://atcoder.jp/contests/abc126/tasks/abc126_e
Data-Structure,Union-Find-Tree,abc214_d,D. Sum of Maximum Weights,1341,1200-1599,7067,https://atcoder.jp/contests/abc214/tasks/abc214_d
Data-Structure,Union-Find-Tree,abc120_d,D. Decayed Bridges,1355,1200-1599,7783,https://atcoder.jp/contests/abc120/tasks/abc120_d
Data-Structure,Union-Find-Tree,arc027_2,B. 大事な数なのでZ回書きまLた。,1432,1200-1599,1553,https://atcoder.jp/contests/arc027/tasks/arc027_2
Data-Structure,Union-Find-Tree,codefestival_2016_final_c,C. Interpretation,1525,1200-1599,2331,https://atcoder.jp/contests/cf16-final/tasks/codefestival_2016_final_c
Data-Structure,Union-Find-Tree,abc238_e,E. Range Sums,1577,1200-1599,5118,https://atcoder.jp/contests/abc238/tasks/abc238_e
Data-Structure,Union-Find-Tree,abc040_d,D. 道路の老朽化対策について,1656,1600-1999,2328,https://atcoder.jp/contests/abc040/tasks/abc040_d
Data-Structure,Union-Find-Tree,abc219_e,E. Moat,1690,1600-1999,2743,https://atcoder.jp/contests/abc219/tasks/abc219_e
Data-Structure,Union-Find-Tree,abc247_f,F. Cards,1697,1600-1999,3116,https://atcoder.jp/contests/abc247/tasks/abc247_f
Data-Structure,Union-Find-Tree,apc001_d,D. Forest,1719,1600-1999,1797,https://atcoder.jp/contests/apc001/tasks/apc001_d
Data-Structure,Union-Find-Tree,arc056_b,B. 駐車場,1726,1600-1999,1366,https://atcoder.jp/contests/arc056/tasks/arc056_b
Data-Structure,Union-Find-Tree,abc279_f,F. BOX,1777,1600-1999,2475,https://atcoder.jp/contests/abc279/tasks/abc279_f
Data-Structure,Union-Find-Tree,abc131_f,F. Must Be Rectangular!,1937,1600-1999,2712,https://atcoder.jp/contests/abc131/tasks/abc131_f
Data-Structure,Union-Find-Tree,arc029_3,C. 高橋君と国家,1973,1600-1999,993,https://atcoder.jp/contests/arc029/tasks/arc029_3
Data-Structure,Union-Find-Tree,arc065_b,D. Connectivity,1996,1600-1999,5298,https://atcoder.jp/contests/abc049/tasks/arc065_b
Data-Structure,Union-Find-Tree,abc181_f,F. Silver Woods,2009,2000-2399,2072,https://atcoder.jp/contests/abc181/tasks/abc181_f
Data-Structure,Union-Find-Tree,arc112_d,D. Skate,2028,2000-2399,1677,https://atcoder.jp/contests/arc112/tasks/arc112_d
Data-Structure,Union-Find-Tree,arc036_d,D. 偶数メートル,2227,2000-2399,774,https://atcoder.jp/contests/arc036/tasks/arc036_d
Data-Structure,Union-Find-Tree,keyence2020_e,E. Bichromization,2340,2000-2399,653,https://atcoder.jp/contests/keyence2020/tasks/keyence2020_e
Data-Structure,Union-Find-Tree,arc140_d,D. One to One,2443,2400-2799,888,https://atcoder.jp/contests/arc140/tasks/arc140_d
Data-Structure,Union-Find-Tree,arc098_d,F. Donation,3189,2800-3199,923,https://atcoder.jp/contests/arc098/tasks/arc098_d
Data-Structure,Union-Find-Tree,practice2_a,A. Disjoint Set Union,,unknown,6717,https://atcoder.jp/contests/practice2/tasks/practice2_a
Data-Structure,Union-Find-Tree,typical90_l,012. Red Painting（★4）,,unknown,6630,https://atcoder.jp/contests/typical90/tasks/typical90_l
Data-Structure,Union-Find-Tree,unionfind_a,B. Union Find,,unknown,5622,https://atcoder.jp/contests/atc001/tasks/unionfind_a
Data-Structure,Union-Find-Tree,typical90_bp,068. Paired Information（★5）,,unknown,2096,https://atcoder.jp/contests/typical90/tasks/typical90_bp
Data-Structure,Union-Find-Tree,joisc2007_fiber,fiber. 光ファイバー (Fiber),,unknown,764,https://atcoder.jp/contests/joisc2007/tasks/joisc2007_fiber
Data-Structure,Union-Find-Tree,iroha2019_day2_d,D. 楽しすぎる家庭菜園,,unknown,578,https://atcoder.jp/contests/iroha2019-day2/tasks/iroha2019_day2_d
Data-Structure,Union-Find-Tree,joig2023_e,E. 運河 (Canal),,unknown,308,https://atcoder.jp/contests/joig2023-open/tasks/joig2023_e
Data-Structure,Union-Find-Tree,tkppc4_2_e,E. 引きこもり,,unknown,202,https://atcoder.jp/contests/tkppc4-2/tasks/tkppc4_2_e
Data-Structure,Union-Find-Tree,kupc2014_c,C. 占い,,unknown,159,https://atcoder.jp/contests/kupc2014/tasks/kupc2014_c
Data-Structure,Union-Find-Tree,pakencamp_2019_day3_e,E. 大きなクリスマスプレゼント,,unknown,159,https://atcoder.jp/contests/pakencamp-2019-day3/tasks/pakencamp_2019_day3_e
Data-Structure,Union-Find-Tree,code_festival_exhibition_a,A. パズル,,unknown,45,https://atcoder.jp/contests/code-festival-2014-exhibition/tasks/code_festival_exhibition_a
Data-Structure,WaveletMatrix,abc234_d,D. Prefix K-th Max,503,400-799,10402,https://atcoder.jp/contests/abc234/tasks/abc234_d
Data-Structure,WaveletMatrix,abc239_e,E. Subtree K-th Max,1084,800-1199,5922,https://atcoder.jp/contests/abc239/tasks/abc239_e
Data-Structure,WaveletMatrix,abc281_e,E. Least Elements,1334,1200-1599,4673,https://atcoder.jp/contests/abc281/tasks/abc281_e
Data-Structure,WaveletMatrix,abc231_f,F. Jealous Two,1580,1200-1599,3067,https://atcoder.jp/contests/abc231/tasks/abc231_f
Data-Structure,WaveletMatrix,abc339_g,G. Smaller Sum,1792,1600-1999,2614,https://atcoder.jp/contests/abc339/tasks/abc339_g
Data-Structure,deque,abc237_d,D. LR insertion,544,400-799,10796,https://atcoder.jp/contests/abc237/tasks/abc237_d
Data-Structure,deque,arc077_a,C. pushpush,552,400-799,11442,https://atcoder.jp/contests/abc066/tasks/arc077_a
Data-Structure,deque,abc158_d,D. String Formation,610,400-799,13397,https://atcoder.jp/contests/abc158/tasks/abc158_d
Data-Structure,deque,abc246_e,E. Bishop 2,1476,1200-1599,4387,https://atcoder.jp/contests/abc246/tasks/abc246_e
Data-Structure,deque,arc072_d,F. Dam,3414,3200-3599,685,https://atcoder.jp/contests/arc072/tasks/arc072_d
Data-Structure,deque,typical90_bi,061. Deck（★2）,,unknown,7610,https://atcoder.jp/contests/typical90/tasks/typical90_bi
Data-Structure,deque,past202104_e,E. Third from Front,,unknown,819,https://atcoder.jp/contests/past202104-open/tasks/past202104_e
Data-Structure,map,abc241_b,B. Pasta,-503,<0,14950,https://atcoder.jp/contests/abc241/tasks/abc241_b
Data-Structure,map,abc159_c,C. Maximum Volume,-104,<0,16773,https://atcoder.jp/contests/abc159/tasks/abc159_c
Data-Structure,map,abc295_c,C. Socks,-75,<0,12498,https://atcoder.jp/contests/abc295/tasks/abc295_c
Data-Structure,map,abc314_b,B. Roulette,-34,<0,12142,https://atcoder.jp/contests/abc314/tasks/abc314_b
Data-Structure,map,abc261_c,C. NewFolder(1),79,0-399,11984,https://atcoder.jp/contests/abc261/tasks/abc261_c
Data-Structure,map,abc291_c,C. LRUD Instructions 2,97,0-399,11064,https://atcoder.jp/contests/abc291/tasks/abc291_c
Data-Structure,map,abc155_c,C. Poll,189,0-399,17072,https://atcoder.jp/contests/abc155/tasks/abc155_c
Data-Structure,map,abc235_c,C. The Kth Time Query,210,0-399,11818,https://atcoder.jp/contests/abc235/tasks/abc235_c
Data-Structure,map,arc019_1,A. お買い物クライシス,219,0-399,2861,https://atcoder.jp/contests/arc019/tasks/arc019_1
Data-Structure,map,abc044_b,B. Beautiful Strings,243,0-399,14719,https://atcoder.jp/contests/abc044/tasks/abc044_b
Data-Structure,map,abc091_b,B. Two Colors Card Game,310,0-399,15104,https://atcoder.jp/contests/abc091/tasks/abc091_b
Data-Structure,map,abc210_c,C. Colorful Candies,357,0-399,11554,https://atcoder.jp/contests/abc210/tasks/abc210_c
Data-Structure,map,arc082_a,C. Together,407,400-799,12908,https://atcoder.jp/contests/abc072/tasks/arc082_a
Data-Structure,map,abc243_c,C. Collision 2,409,400-799,10720,https://atcoder.jp/contests/abc243/tasks/abc243_c
Data-Structure,map,abc343_d,D. Diversity of Scores,422,400-799,11349,https://atcoder.jp/contests/abc343/tasks/abc343_d
Data-Structure,map,abc073_c,C. Write and Erase,454,400-799,12581,https://atcoder.jp/contests/abc073/tasks/abc073_c
Data-Structure,map,abc345_c,C. One Time Swap,469,400-799,11127,https://atcoder.jp/contests/abc345/tasks/abc345_c
Data-Structure,map,abc171_d,D. Replacing,498,400-799,14178,https://atcoder.jp/contests/abc171/tasks/abc171_d
Data-Structure,map,abc342_c,C. Many Replacement,505,400-799,11419,https://atcoder.jp/contests/abc342/tasks/abc342_c
Data-Structure,map,code_festival_2017_qualb_b,B. Problem Set,568,400-799,5882,https://atcoder.jp/contests/code-festival-2017-qualb/tasks/code_festival_2017_qualb_b
Data-Structure,map,arc087_a,C. Good Sequence,593,400-799,15502,https://atcoder.jp/contests/abc082/tasks/arc087_a
Data-Structure,map,abc137_c,C. Green Bin,597,400-799,15096,https://atcoder.jp/contests/abc137/tasks/abc137_c
Data-Structure,map,abc008_2,B. 投票,601,400-799,7720,https://atcoder.jp/contests/abc008/tasks/abc008_2
Data-Structure,map,abc003_2,B. AtCoderトランプ,668,400-799,8388,https://atcoder.jp/contests/abc003/tasks/abc003_2
Data-Structure,map,abc233_d,D. Count Interval,726,400-799,8796,https://atcoder.jp/contests/abc233/tasks/abc233_d
Data-Structure,map,abc342_d,D. Square Pair,944,800-1199,7732,https://atcoder.jp/contests/abc342/tasks/abc342_d
Data-Structure,map,abc304_d,D. A Piece of Cake,1015,800-1199,5880,https://atcoder.jp/contests/abc304/tasks/abc304_d
Data-Structure,map,abc166_e,E. This Message Will Self-Destruct in 5s,1062,800-1199,9012,https://atcoder.jp/contests/abc166/tasks/abc166_e
Data-Structure,map,arc063_b,D. An Invisible Hand,1376,1200-1599,5032,https://atcoder.jp/contests/abc047/tasks/arc063_b
Data-Structure,map,abc105_d,D. Candy Distribution,1458,1200-1599,5291,https://atcoder.jp/contests/abc105/tasks/abc105_d
Data-Structure,map,arc061_b,D. Snuke's Coloring,1682,1600-1999,4689,https://atcoder.jp/contests/abc045/tasks/arc061_b
Data-Structure,map,abc023_c,C. 収集王,1752,1600-1999,2456,https://atcoder.jp/contests/abc023/tasks/abc023_c
Data-Structure,map,abc146_e,E. Rem of Sum is Num,1762,1600-1999,3634,https://atcoder.jp/contests/abc146/tasks/abc146_e
Data-Structure,map,arc069_c,E. Frequency,1835,1600-1999,2024,https://atcoder.jp/contests/arc069/tasks/arc069_c
Data-Structure,map,arc045_c,C. エックスオア多橋君,2022,2000-2399,877,https://atcoder.jp/contests/arc045/tasks/arc045_c
Data-Structure,map,arc023_4,D. GCD区間,2511,2400-2799,469,https://atcoder.jp/contests/arc023/tasks/arc023_4
Data-Structure,map,typical90_aa,027. Sign Up Requests （★2）,,unknown,9772,https://atcoder.jp/contests/typical90/tasks/typical90_aa
Data-Structure,map,past202010_f,F. 構文解析,,unknown,1025,https://atcoder.jp/contests/past202010-open/tasks/past202010_f
Data-Structure,map,joisc2008_origami,origami. 折り紙 (Origami),,unknown,646,https://atcoder.jp/contests/joisc2008/tasks/joisc2008_origami
Data-Structure,multiset,code_festival_2017_qualb_b,B. Problem Set,568,400-799,5882,https://atcoder.jp/contests/code-festival-2017-qualb/tasks/code_festival_2017_qualb_b
Data-Structure,multiset,abc230_d,D. Destroyer Takahashi,963,800-1199,6417,https://atcoder.jp/contests/abc230/tasks/abc230_d
Data-Structure,multiset,abc241_d,D. Sequence Query,1177,800-1199,7293,https://atcoder.jp/contests/abc241/tasks/abc241_d
Data-Structure,multiset,abc306_e,E. Best Performances,1268,1200-1599,4713,https://atcoder.jp/contests/abc306/tasks/abc306_e
Data-Structure,multiset,abc281_e,E. Least Elements,1334,1200-1599,4673,https://atcoder.jp/contests/abc281/tasks/abc281_e
Data-Structure,multiset,abc170_e,E. Smart Infants,1502,1200-1599,5192,https://atcoder.jp/contests/abc170/tasks/abc170_e
Data-Structure,multiset,abc245_e,E. Wrapping Chocolate,1571,1200-1599,4325,https://atcoder.jp/contests/abc245/tasks/abc245_e
Data-Structure,multiset,abc140_e,E. Second Sum,1873,1600-1999,3208,https://atcoder.jp/contests/abc140/tasks/abc140_e
Data-Structure,multiset,abc127_f,F. Absolute Minima,2003,2000-2399,3003,https://atcoder.jp/contests/abc127/tasks/abc127_f
Data-Structure,multiset,arc046_c,C. 合コン大作戦,2203,2000-2399,532,https://atcoder.jp/contests/arc046/tasks/arc046_c
Data-Structure,multiset,donuts_2015_4,D. ドーナツの箱詰め,2383,2000-2399,197,https://atcoder.jp/contests/donuts-2015/tasks/donuts_2015_4
Data-Structure,multiset,arc070_c,E. NarrowRectangles,3365,3200-3599,789,https://atcoder.jp/contests/arc070/tasks/arc070_c
Data-Structure,multiset,jsc2019_final_c,C. Maximize Minimum,,unknown,131,https://atcoder.jp/contests/jsc2019-final/tasks/jsc2019_final_c
Data-Structure,priority_queue,abc234_d,D. Prefix K-th Max,503,400-799,10402,https://atcoder.jp/contests/abc234/tasks/abc234_d
Data-Structure,priority_queue,abc212_d,D. Querying Multiset,775,400-799,10526,https://atcoder.jp/contests/abc212/tasks/abc212_d
Data-Structure,priority_queue,abc141_d,D. Powerful Discount Tickets,823,800-1199,12519,https://atcoder.jp/contests/abc141/tasks/abc141_d
Data-Structure,priority_queue,abc223_d,D. Restricted Permutation,1069,800-1199,7004,https://atcoder.jp/contests/abc223/tasks/abc223_d
Data-Structure,priority_queue,abc297_e,E. Kth Takoyaki Set,1176,800-1199,6127,https://atcoder.jp/contests/abc297/tasks/abc297_e
Data-Structure,priority_queue,indeednow_2015_qualc_3,C. 木,1246,1200-1599,1660,https://atcoder.jp/contests/indeednow-qualb/tasks/indeednow_2015_qualc_3
Data-Structure,priority_queue,abc137_d,D. Summer Vacation,1313,1200-1599,8571,https://atcoder.jp/contests/abc137/tasks/abc137_d
Data-Structure,priority_queue,abc080_d,D. Recording,1383,1200-1599,4132,https://atcoder.jp/contests/abc080/tasks/abc080_d
Data-Structure,priority_queue,abc246_e,E. Bishop 2,1476,1200-1599,4387,https://atcoder.jp/contests/abc246/tasks/abc246_e
Data-Structure,priority_queue,abc123_d,D. Cake 123,1489,1200-1599,6263,https://atcoder.jp/contests/abc123/tasks/abc123_d
Data-Structure,priority_queue,arc028_2,B. 特別賞,1507,1200-1599,1722,https://atcoder.jp/contests/arc028/tasks/arc028_2
Data-Structure,priority_queue,code_formula_2014_qualA_c,C. 決勝進出者,1610,1600-1999,680,https://atcoder.jp/contests/code-formula-2014-quala/tasks/code_formula_2014_qualA_c
Data-Structure,priority_queue,apc001_d,D. Forest,1719,1600-1999,1797,https://atcoder.jp/contests/apc001/tasks/apc001_d
Data-Structure,priority_queue,arc074_b,D. 3N Numbers,1730,1600-1999,4775,https://atcoder.jp/contests/abc062/tasks/arc074_b
Data-Structure,priority_queue,agc053_b,B. Taking the middle,1755,1600-1999,1378,https://atcoder.jp/contests/agc053/tasks/agc053_b
Data-Structure,priority_queue,abc214_e,E. Packing Under Range Regulations,1835,1600-1999,4115,https://atcoder.jp/contests/abc214/tasks/abc214_e
Data-Structure,priority_queue,abc127_f,F. Absolute Minima,2003,2000-2399,3003,https://atcoder.jp/contests/abc127/tasks/abc127_f
Data-Structure,priority_queue,aising2020_e,E. Camel Train,2133,2000-2399,1356,https://atcoder.jp/contests/aising2020/tasks/aising2020_e
Data-Structure,priority_queue,arc063_c,E. Integers on a Tree,2198,2000-2399,1634,https://atcoder.jp/contests/arc063/tasks/arc063_c
Data-Structure,priority_queue,arc080_c,E. Young Maids,2277,2000-2399,1606,https://atcoder.jp/contests/arc080/tasks/arc080_c
Data-Structure,priority_queue,past202004_f,F. Tasking,,unknown,1768,https://atcoder.jp/contests/past202004-open/tasks/past202004_f
Data-Structure,priority_queue,code_thanks_festival_2017_c,C. Factory,,unknown,1693,https://atcoder.jp/contests/code-thanks-festival-2017/tasks/code_thanks_festival_2017_c
Data-Structure,priority_queue,past202004_l,L. Lexicographically Minimum,,unknown,759,https://atcoder.jp/contests/past202004-open/tasks/past202004_l
Data-Structure,priority_queue,joi2010ho_c,C. つらら,,unknown,731,https://atcoder.jp/contests/joi2010ho/tasks/joi2010ho_c
Data-Structure,priority_queue,past202104_g,G. One Step at a Time,,unknown,533,https://atcoder.jp/contests/past202104-open/tasks/past202104_g
Data-Structure,priority_queue,dwango2017qual_d,D. ネタだけ食べたい寿司,,unknown,458,https://atcoder.jp/contests/dwacon2017-prelims/tasks/dwango2017qual_d
Data-Structure,priority_queue,joi2009ho_e,E. 認証レベル,,unknown,346,https://atcoder.jp/contests/joi2009ho/tasks/joi2009ho_e
Data-Structure,priority_queue,joi2011ho5,E. 微生物実験 (Bug Party),,unknown,292,https://atcoder.jp/contests/joi2011ho/tasks/joi2011ho5
Data-Structure,priority_queue,cpsco2019_s1_f,F. Fruits in Season,,unknown,258,https://atcoder.jp/contests/cpsco2019-s1/tasks/cpsco2019_s1_f
Data-Structure,priority_queue,tkppc4_1_k,K. 天使と宿題,,unknown,213,https://atcoder.jp/contests/tkppc4-1/tasks/tkppc4_1_k
Data-Structure,queue,abc247_d,D. Cylinder,468,400-799,10438,https://atcoder.jp/contests/abc247/tasks/abc247_d
Data-Structure,queue,abc379_d,D. Home Garden,745,400-799,7570,https://atcoder.jp/contests/abc379/tasks/abc379_d
Data-Structure,queue,abc005_3,C. おいしいたこ焼きの売り方,840,800-1199,6964,https://atcoder.jp/contests/abc005/tasks/abc005_3
Data-Structure,queue,abc216_d,D. Pair of Balls,1039,800-1199,7300,https://atcoder.jp/contests/abc216/tasks/abc216_d
Data-Structure,set,abc211_b,B. Cycle Hit,-864,<0,15942,https://atcoder.jp/contests/abc211/tasks/abc211_b
Data-Structure,set,abc240_b,B. Count Distinct Integers,-819,<0,15217,https://atcoder.jp/contests/abc240/tasks/abc240_b
Data-Structure,set,abc245_b,B. Mex,-523,<0,14864,https://atcoder.jp/contests/abc245/tasks/abc245_b
Data-Structure,set,abc154_c,C. Distinct or Not,-333,<0,16997,https://atcoder.jp/contests/abc154/tasks/abc154_c
Data-Structure,set,abc293_b,B. Call the ID Number,-328,<0,12825,https://atcoder.jp/contests/abc293/tasks/abc293_b
Data-Structure,set,abc236_c,C. Route Map,-245,<0,13846,https://atcoder.jp/contests/abc236/tasks/abc236_c
Data-Structure,set,abc164_c,C. gacha,-241,<0,20126,https://atcoder.jp/contests/abc164/tasks/abc164_c
Data-Structure,set,abc085_b,B. Kagami Mochi,-106,<0,60271,https://atcoder.jp/contests/abc085/tasks/abc085_b
Data-Structure,set,abc296_c,C. Gap Existence,38,0-399,12329,https://atcoder.jp/contests/abc296/tasks/abc296_c
Data-Structure,set,abc244_c,C. Yamanote Line Game,46,0-399,10674,https://atcoder.jp/contests/abc244/tasks/abc244_c
Data-Structure,set,abc109_b,B. Shiritori,93,0-399,12995,https://atcoder.jp/contests/abc109/tasks/abc109_b
Data-Structure,set,abc226_b,B. Counting Arrays,107,0-399,12083,https://atcoder.jp/contests/abc226/tasks/abc226_b
Data-Structure,set,abc344_c,C. A+B+C,131,0-399,14461,https://atcoder.jp/contests/abc344/tasks/abc344_c
Data-Structure,set,abc251_c,C. Poem Online Judge,205,0-399,10819,https://atcoder.jp/contests/abc251/tasks/abc251_c
Data-Structure,set,abc278_c,C. FF,320,0-399,10133,https://atcoder.jp/contests/abc278/tasks/abc278_c
Data-Structure,set,hhkb2020_c,C. Neq Min,349,0-399,7438,https://atcoder.jp/contests/hhkb2020/tasks/hhkb2020_c
Data-Structure,set,abc098_b,B. Cut and Count,358,0-399,12009,https://atcoder.jp/contests/abc098/tasks/abc098_b
Data-Structure,set,abc021_b,B. 嘘つきの高橋くん,391,0-399,5534,https://atcoder.jp/contests/abc021/tasks/abc021_b
Data-Structure,set,abc073_c,C. Write and Erase,454,400-799,12581,https://atcoder.jp/contests/abc073/tasks/abc073_c
Data-Structure,set,arc014_2,B. あの日したしりとりの結果を僕達はまだ知らない。,606,400-799,3062,https://atcoder.jp/contests/arc014/tasks/arc014_2
Data-Structure,set,abc022_b,B. Bumble Bee,621,400-799,6433,https://atcoder.jp/contests/abc022/tasks/abc022_b
Data-Structure,set,abc032_b,B. 高橋君とパスワード,672,400-799,6191,https://atcoder.jp/contests/abc032/tasks/abc032_b
Data-Structure,set,arc033_2,B. メタ構文変数,789,400-799,2860,https://atcoder.jp/contests/arc033/tasks/arc033_2
Data-Structure,set,abc228_d,D. Linear Probing,1035,800-1199,5761,https://atcoder.jp/contests/abc228/tasks/abc228_d
Data-Structure,set,abc260_d,D. Draw Your Cards,1074,800-1199,6056,https://atcoder.jp/contests/abc260/tasks/abc260_d
Data-Structure,set,abc019_3,C. 高橋くんと魔法の箱,1129,800-1199,4435,https://atcoder.jp/contests/abc019/tasks/abc019_3
Data-Structure,set,arc058_a,C. Iroha's Obsession,1174,800-1199,13792,https://atcoder.jp/contests/arc058/tasks/arc058_a
Data-Structure,set,abc329_f,F. Colored Ball,1207,1200-1599,6005,https://atcoder.jp/contests/abc329/tasks/abc329_f
Data-Structure,set,abc250_e,E. Prefix Equality,1421,1200-1599,5718,https://atcoder.jp/contests/abc250/tasks/abc250_e
Data-Structure,set,arc028_2,B. 特別賞,1507,1200-1599,1722,https://atcoder.jp/contests/arc028/tasks/arc028_2
Data-Structure,set,code_festival_qualB_d,D. 登山家,1651,1600-1999,1077,https://atcoder.jp/contests/code-festival-2014-qualb/tasks/code_festival_qualB_d
Data-Structure,set,abc140_e,E. Second Sum,1873,1600-1999,3208,https://atcoder.jp/contests/abc140/tasks/abc140_e
Data-Structure,set,abc364_f,F. Range Connect MST,1878,1600-1999,2471,https://atcoder.jp/contests/abc364/tasks/abc364_f
Data-Structure,set,arc039_c,C. 幼稚園児高橋君,2004,2000-2399,674,https://atcoder.jp/contests/arc039/tasks/arc039_c
Data-Structure,set,abc177_f,F. I hate Shortest Path Problem,2291,2000-2399,1409,https://atcoder.jp/contests/abc177/tasks/abc177_f
Data-Structure,set,cf_2015_morning_hard_b,D. 立方体とペンキ,2456,2400-2799,157,https://atcoder.jp/contests/code-festival-2015-morning-middle/tasks/cf_2015_morning_hard_b
Data-Structure,set,arc065_c,E. Manhattan Compass,2835,2800-3199,779,https://atcoder.jp/contests/arc065/tasks/arc065_c
Data-Structure,set,chokudai_S002_f,F. 種類数 α,,unknown,1777,https://atcoder.jp/contests/chokudai_S002/tasks/chokudai_S002_f
Data-Structure,set,past202005_l,L. Supamarket,,unknown,588,https://atcoder.jp/contests/past202005-open/tasks/past202005_l
Data-Structure,set,past202012_n,N. Travel Agency,,unknown,346,https://atcoder.jp/contests/past202012-open/tasks/past202012_n
Data-Structure,stack,abc328_d,D. Take ABC,555,400-799,10691,https://atcoder.jp/contests/abc328/tasks/abc328_d
Data-Structure,stack,abc240_d,D. Strange Balls,570,400-799,9687,https://atcoder.jp/contests/abc240/tasks/abc240_d
Data-Structure,stack,arc108_b,B. Abbreviate Fox,681,400-799,6464,https://atcoder.jp/contests/arc108/tasks/arc108_b
Data-Structure,stack,abc243_d,D. Moves on Binary Tree,758,400-799,8996,https://atcoder.jp/contests/abc243/tasks/abc243_d
Data-Structure,stack,abc064_d,D. Insertion,969,800-1199,7322,https://atcoder.jp/contests/abc064/tasks/abc064_d
Data-Structure,stack,agc005_a,A. STring,1054,800-1199,6278,https://atcoder.jp/contests/agc005/tasks/agc005_a
Data-Structure,stack,abc338_e,E. Chords,1220,1200-1599,5358,https://atcoder.jp/contests/abc338/tasks/abc338_e
Data-Structure,stack,donuts_2015_3,C. 行列のできるドーナツ屋,1661,1600-1999,1000,https://atcoder.jp/contests/donuts-2015/tasks/donuts_2015_3
Data-Structure,stack,arc076_c,E. Connected?,2180,2000-2399,1646,https://atcoder.jp/contests/arc076/tasks/arc076_c
Data-Structure,stack,arc081_d,F. Flip and Rectangles,2608,2400-2799,1220,https://atcoder.jp/contests/arc081/tasks/arc081_d
Data-Structure,stack,colopl2018_final_b,B. 異世界数式,,unknown,695,https://atcoder.jp/contests/colopl2018-final/tasks/colopl2018_final_b
Data-Structure,stack,bitflyer2018_final_c,C. 部分文字列と括弧,,unknown,496,https://atcoder.jp/contests/bitflyer2018-final/tasks/bitflyer2018_final_c
Data-Structure,stack,iroha2019_day3_e,E. 「く」,,unknown,334,https://atcoder.jp/contests/iroha2019-day3/tasks/iroha2019_day3_e
Data-Structure,stack,gigacode_2019_f,F. クローゼットの配置,,unknown,57,https://atcoder.jp/contests/gigacode-2019/tasks/gigacode_2019_f
Data-Structure,その他,abc344_e,E. Insert or Erase,973,800-1199,7364,https://atcoder.jp/contests/abc344/tasks/abc344_e
Data-Structure,その他,abc217_e,E. Sorting Queries,986,800-1199,10425,https://atcoder.jp/contests/abc217/tasks/abc217_e
Data-Structure,その他,agc005_b,B. Minimum Sum,1828,1600-1999,4088,https://atcoder.jp/contests/agc005/tasks/agc005_b
Data-Structure,その他,practice2_b,B. Fenwick Tree,,unknown,4575,https://atcoder.jp/contests/practice2/tasks/practice2_b
Data-Structure,その他,past202005_k,K. Moving Containers,,unknown,668,https://atcoder.jp/contests/past202005-open/tasks/past202005_k
Data-Structure,その他,jag2018summer_day2_d,D. Knapsack And Queries,,unknown,76,https://atcoder.jp/contests/jag2018summer-day2/tasks/jag2018summer_day2_d
Data-Structure,平衡二分探索木,abc352_d,D. Permutation Subsequence,714,400-799,9114,https://atcoder.jp/contests/abc352/tasks/abc352_d
Data-Structure,平衡二分探索木,arc030_4,D. グラフではない,3246,3200-3599,136,https://atcoder.jp/contests/arc030/tasks/arc030_4
Data-Structure,平衡二分探索木,past202112_m,M. Deadnames,,unknown,270,https://atcoder.jp/contests/past202112-open/tasks/past202112_m
Data-Structure,平衡二分探索木,soundhound2018_summer_final_e,E. Hash Swapping,,unknown,145,https://atcoder.jp/contests/soundhound2018-summer-final/tasks/soundhound2018_summer_final_e
Data-Structure,永続データ構造,arc030_4,D. グラフではない,3246,3200-3599,136,https://atcoder.jp/contests/arc030/tasks/arc030_4
Data-Structure,永続データ構造,dfs_a,A. 深さ優先探索,,unknown,10925,https://atcoder.jp/contests/atc001/tasks/dfs_a
Dynamic-Programming,Convex-Hull-Trick,abc289_g,G. Shopping in AtCoder store,2109,2000-2399,1187,https://atcoder.jp/contests/abc289/tasks/abc289_g
Dynamic-Programming,Convex-Hull-Trick,arc051_d,D. 長方形,2779,2400-2799,143,https://atcoder.jp/contests/arc051/tasks/arc051_d
Dynamic-Programming,Convex-Hull-Trick,arc066_d,F. Contest with Drinks Hard,,unknown,500,https://atcoder.jp/contests/arc066/tasks/arc066_d
Dynamic-Programming,Convex-Hull-Trick,colopl2018_final_c,C. スペースエクスプローラー高橋君,,unknown,439,https://atcoder.jp/contests/colopl2018-final/tasks/colopl2018_final_c
Dynamic-Programming,Convex-Hull-Trick,tenka1_2016_final_e,E. 串焼きパーティ,,unknown,76,https://atcoder.jp/contests/tenka1-2016-final/tasks/tenka1_2016_final_e
Dynamic-Programming,bitDP,abc318_d,D. General Weighted Max Matching,1017,800-1199,7141,https://atcoder.jp/contests/abc318/tasks/abc318_d
Dynamic-Programming,bitDP,abc180_e,E. Traveling Salesman among Aerial Cities,1256,1200-1599,5749,https://atcoder.jp/contests/abc180/tasks/abc180_e
Dynamic-Programming,bitDP,abc142_e,E. Get Everything,1397,1200-1599,6109,https://atcoder.jp/contests/abc142/tasks/abc142_e
Dynamic-Programming,bitDP,abc215_e,E. Chain Contestant,1413,1200-1599,4557,https://atcoder.jp/contests/abc215/tasks/abc215_e
Dynamic-Programming,bitDP,abc278_f,F. Shiritori,1452,1200-1599,3409,https://atcoder.jp/contests/abc278/tasks/abc278_f
Dynamic-Programming,bitDP,abc251_d,D. At Most 3 (Contestant ver.),1463,1200-1599,5492,https://atcoder.jp/contests/abc251/tasks/abc251_d
Dynamic-Programming,bitDP,abc274_e,E. Booster,1520,1200-1599,3432,https://atcoder.jp/contests/abc274/tasks/abc274_e
Dynamic-Programming,bitDP,abc190_e,E. Magical Ornament,1645,1600-1999,3664,https://atcoder.jp/contests/abc190/tasks/abc190_e
Dynamic-Programming,bitDP,abc041_d,D. 徒競走,1670,1600-1999,2335,https://atcoder.jp/contests/abc041/tasks/abc041_d
Dynamic-Programming,bitDP,abc199_d,D. RGB Coloring 2,1804,1600-1999,3141,https://atcoder.jp/contests/abc199/tasks/abc199_d
Dynamic-Programming,bitDP,abc199_e,E. Permutation,1814,1600-1999,2602,https://atcoder.jp/contests/abc199/tasks/abc199_e
Dynamic-Programming,bitDP,keyence2020_d,D. Swap and Flip,1841,1600-1999,1542,https://atcoder.jp/contests/keyence2020/tasks/keyence2020_d
Dynamic-Programming,bitDP,abc332_e,E. Lucky bag,1883,1600-1999,2596,https://atcoder.jp/contests/abc332/tasks/abc332_e
Dynamic-Programming,bitDP,tenka1_2012_7,C. 席が足りない,1936,1600-1999,371,https://atcoder.jp/contests/tenka1-2012-qualB/tasks/tenka1_2012_7
Dynamic-Programming,bitDP,arc010_3,C. 積み上げパズル,2011,2000-2399,735,https://atcoder.jp/contests/arc010/tasks/arc010_3
Dynamic-Programming,bitDP,tenka1_2014_qualA_c,C. 天下一文字列集合,2024,2000-2399,447,https://atcoder.jp/contests/tenka1-2014-quala/tasks/tenka1_2014_qualA_c
Dynamic-Programming,bitDP,abc352_f,F. Estimate Order,2052,2000-2399,1472,https://atcoder.jp/contests/abc352/tasks/abc352_f
Dynamic-Programming,bitDP,abc195_f,F. Coprime Present,2068,2000-2399,1947,https://atcoder.jp/contests/abc195/tasks/abc195_f
Dynamic-Programming,bitDP,arc016_3,C. ソーシャルゲーム,2092,2000-2399,657,https://atcoder.jp/contests/arc016/tasks/arc016_3
Dynamic-Programming,bitDP,arc056_c,C. 部門分け,2179,2000-2399,642,https://atcoder.jp/contests/arc056/tasks/arc056_c
Dynamic-Programming,bitDP,arc057_b,B. 高橋君ゲーム,2220,2000-2399,1083,https://atcoder.jp/contests/arc057/tasks/arc057_b
Dynamic-Programming,bitDP,arc058_c,E. Iroha and Haiku,2473,2400-2799,1751,https://atcoder.jp/contests/arc058/tasks/arc058_c
Dynamic-Programming,bitDP,tenka1_2014_qualB_d,D. 天下一芸術,2572,2400-2799,72,https://atcoder.jp/contests/tenka1-2014-qualb/tasks/tenka1_2014_qualB_d
Dynamic-Programming,bitDP,tenka1_2013_qualB_c,C. 天下一ジグソーパズルふたたび,2613,2400-2799,55,https://atcoder.jp/contests/tenka1-2013-qualb/tasks/tenka1_2013_qualB_c
Dynamic-Programming,bitDP,caddi2018_d,F. Square,2723,2400-2799,291,https://atcoder.jp/contests/caddi2018/tasks/caddi2018_d
Dynamic-Programming,bitDP,arc078_d,F. Mole and Abandoned Mine,2972,2800-3199,997,https://atcoder.jp/contests/arc078/tasks/arc078_d
Dynamic-Programming,bitDP,abc025_d,D. 25個の整数,3006,2800-3199,736,https://atcoder.jp/contests/abc025/tasks/abc025_d
Dynamic-Programming,bitDP,arc020_4,D. お菓子の国の旅行,3133,2800-3199,100,https://atcoder.jp/contests/arc020/tasks/arc020_4
Dynamic-Programming,bitDP,dp_o,O. Matching,,unknown,16612,https://atcoder.jp/contests/dp/tasks/dp_o
Dynamic-Programming,bitDP,dp_u,U. Grouping,,unknown,7741,https://atcoder.jp/contests/dp/tasks/dp_u
Dynamic-Programming,bitDP,tessoku_book_w,A23. All Free,,unknown,2698,https://atcoder.jp/contests/tessoku-book/tasks/tessoku_book_w
Dynamic-Programming,bitDP,past201912_g,G. Division,,unknown,2551,https://atcoder.jp/contests/past201912-open/tasks/past201912_g
Dynamic-Programming,bitDP,past201912_i,I. Procurement,,unknown,1993,https://atcoder.jp/contests/past201912-open/tasks/past201912_i
Dynamic-Programming,bitDP,typical90_as,045. Simple Grouping（★6）,,unknown,1598,https://atcoder.jp/contests/typical90/tasks/typical90_as
Dynamic-Programming,bitDP,joi2017yo_d,D. ぬいぐるみの整理 (Plush Toys),,unknown,1537,https://atcoder.jp/contests/joi2017yo/tasks/joi2017yo_d
Dynamic-Programming,bitDP,s8pc_1_g,G. Revenge of Traveling Salesman Problem,,unknown,1132,https://atcoder.jp/contests/s8pc-1/tasks/s8pc_1_g
Dynamic-Programming,bitDP,typical90_w,023. Avoid War（★7）,,unknown,796,https://atcoder.jp/contests/typical90/tasks/typical90_w
Dynamic-Programming,bitDP,yahoo_procon2018_qual_c,C. 駆引取引,,unknown,387,https://atcoder.jp/contests/yahoo-procon2018-qual/tasks/yahoo_procon2018_qual_c
Dynamic-Programming,bitDP,past202010_n,N. マス目の穴埋め,,unknown,320,https://atcoder.jp/contests/past202010-open/tasks/past202010_n
Dynamic-Programming,bitDP,dwacon2018_prelims_d,D. ディスクの節約,,unknown,234,https://atcoder.jp/contests/dwacon2018-prelims/tasks/dwacon2018_prelims_d
Dynamic-Programming,bitDP,wtf19_b,B. Multiple of Nine,,unknown,226,https://atcoder.jp/contests/wtf19-open/tasks/wtf19_b
Dynamic-Programming,bitDP,joi2010yo_f,F. 方向音痴のトナカイ,,unknown,198,https://atcoder.jp/contests/joi2010yo/tasks/joi2010yo_f
Dynamic-Programming,bitDP,qupc2018_f,F. Team Making,,unknown,148,https://atcoder.jp/contests/qupc2018/tasks/qupc2018_f
Dynamic-Programming,bitDP,donuts_live2014_5,E. お菓子やさん,,unknown,131,https://atcoder.jp/contests/donuts-live2014/tasks/donuts_live2014_5
Dynamic-Programming,bitDP,tenka1_2016_final_d,D. 右往左往,,unknown,126,https://atcoder.jp/contests/tenka1-2016-final/tasks/tenka1_2016_final_d
Dynamic-Programming,bitDP,maximum_cup_2018_f,F. 献立表制作,,unknown,123,https://atcoder.jp/contests/maximum-cup-2018/tasks/maximum_cup_2018_f
Dynamic-Programming,bitDP,maximum_2013_a,A. 特別作戦,,unknown,110,https://atcoder.jp/contests/maximum-cup-2013/tasks/maximum_2013_a
Dynamic-Programming,bitDP,jag2017summer_day3_d,D. Janken Master,,unknown,63,https://atcoder.jp/contests/jag2017summer-day3/tasks/jag2017summer_day3_d
Dynamic-Programming,きたまさ法,tdpc_fibonacci,T. フィボナッチ,,unknown,539,https://atcoder.jp/contests/tdpc/tasks/tdpc_fibonacci
Dynamic-Programming,きたまさ法,typical90_cl,090. Tenkei90's Last Problem（★7）,,unknown,184,https://atcoder.jp/contests/typical90/tasks/typical90_cl
Dynamic-Programming,その他,abc291_f,F. Teleporter and Closed off,1449,1200-1599,3259,https://atcoder.jp/contests/abc291/tasks/abc291_f
Dynamic-Programming,その他,abc334_f,F. Christmas Present 2,1813,1600-1999,2463,https://atcoder.jp/contests/abc334/tasks/abc334_f
Dynamic-Programming,その他,abc243_g,G. Sqrt,2032,2000-2399,1998,https://atcoder.jp/contests/abc243/tasks/abc243_g
Dynamic-Programming,その他,agc012_b,B. Splatter Painting,2047,2000-2399,2110,https://atcoder.jp/contests/agc012/tasks/agc012_b
Dynamic-Programming,その他,code_festival_2017_qualc_d,D. Yet Another Palindrome Partitioning,2132,2000-2399,1109,https://atcoder.jp/contests/code-festival-2017-qualc/tasks/code_festival_2017_qualc_d
Dynamic-Programming,その他,agc020_c,C. Median Sum,2259,2000-2399,3274,https://atcoder.jp/contests/agc020/tasks/agc020_c
Dynamic-Programming,その他,agc009_d,D. Uninity,3404,3200-3599,1044,https://atcoder.jp/contests/agc009/tasks/agc009_d
Dynamic-Programming,その他,dp_k,K. Stones,,unknown,24217,https://atcoder.jp/contests/dp/tasks/dp_k
Dynamic-Programming,その他,typical90_bh,060. Chimera（★5）,,unknown,2841,https://atcoder.jp/contests/typical90/tasks/typical90_bh
Dynamic-Programming,その他,joi2017yo_e,E. 尾根 (Ridge),,unknown,673,https://atcoder.jp/contests/joi2017yo/tasks/joi2017yo_e
Dynamic-Programming,その他,past202104_n,N. Activities,,unknown,345,https://atcoder.jp/contests/past202104-open/tasks/past202104_n
Dynamic-Programming,インラインDP,abc164_d,D. Multiple of 2019,1232,1200-1599,10879,https://atcoder.jp/contests/abc164/tasks/abc164_d
Dynamic-Programming,インラインDP,agc024_b,B. Backfront,1259,1200-1599,4124,https://atcoder.jp/contests/agc024/tasks/agc024_b
Dynamic-Programming,インラインDP,abl_d,D. Flat Subsequence,1283,1200-1599,3681,https://atcoder.jp/contests/abl/tasks/abl_d
Dynamic-Programming,インラインDP,abc038_d,D. プレゼント,1804,1600-1999,2607,https://atcoder.jp/contests/abc038/tasks/abc038_d
Dynamic-Programming,インラインDP,abc334_f,F. Christmas Present 2,1813,1600-1999,2463,https://atcoder.jp/contests/abc334/tasks/abc334_f
Dynamic-Programming,インラインDP,abc360_g,G. Suitable Edit for LIS,1982,1600-1999,1516,https://atcoder.jp/contests/abc360/tasks/abc360_g
Dynamic-Programming,インラインDP,arc070_b,D. No Need,2015,2000-2399,3146,https://atcoder.jp/contests/abc056/tasks/arc070_b
Dynamic-Programming,インラインDP,abc145_f,F. Laminate,2116,2000-2399,1804,https://atcoder.jp/contests/abc145/tasks/abc145_f
Dynamic-Programming,インラインDP,abc132_f,F. Small Products,2143,2000-2399,2275,https://atcoder.jp/contests/abc132/tasks/abc132_f
Dynamic-Programming,インラインDP,arc115_e,E. LEQ and NEQ,2363,2000-2399,1458,https://atcoder.jp/contests/arc115/tasks/arc115_e
Dynamic-Programming,インラインDP,abc201_f,F. Insertion Sort,2484,2400-2799,845,https://atcoder.jp/contests/abc201/tasks/abc201_f
Dynamic-Programming,インラインDP,agc007_d,D. Shik and Game,2755,2400-2799,1251,https://atcoder.jp/contests/agc007/tasks/agc007_d
Dynamic-Programming,インラインDP,arc073_d,F. Many Moves,2867,2800-3199,1320,https://atcoder.jp/contests/arc073/tasks/arc073_d
Dynamic-Programming,インラインDP,arc056_d,D. サケノミ,2870,2800-3199,149,https://atcoder.jp/contests/arc056/tasks/arc056_d
Dynamic-Programming,インラインDP,abc176_f,F. Brave CHAIN,2912,2800-3199,805,https://atcoder.jp/contests/abc176/tasks/abc176_f
Dynamic-Programming,インラインDP,arc101_d,F. Robots and Exits,2930,2800-3199,1010,https://atcoder.jp/contests/arc101/tasks/arc101_d
Dynamic-Programming,インラインDP,cf_2015_morning_hard_h,D. ありんこ,2944,2800-3199,98,https://atcoder.jp/contests/code-festival-2015-morning-hard/tasks/cf_2015_morning_hard_h
Dynamic-Programming,インラインDP,arc085_d,F. NRE,3049,2800-3199,698,https://atcoder.jp/contests/arc085/tasks/arc085_d
Dynamic-Programming,インラインDP,arc108_e,E. Random IS,3101,2800-3199,806,https://atcoder.jp/contests/arc108/tasks/arc108_e
Dynamic-Programming,インラインDP,dp_w,W. Intervals,,unknown,3348,https://atcoder.jp/contests/dp/tasks/dp_w
Dynamic-Programming,インラインDP,typical90_ak,037. Don't Leave the Spice（★5）,,unknown,2996,https://atcoder.jp/contests/typical90/tasks/typical90_ak
Dynamic-Programming,インラインDP,typical90_ck,089. Partitions and Inversions（★7）,,unknown,653,https://atcoder.jp/contests/typical90/tasks/typical90_ck
Dynamic-Programming,インラインDP,past202012_m,M. Shipping Sticks,,unknown,397,https://atcoder.jp/contests/past202012-open/tasks/past202012_m
Dynamic-Programming,インラインDP,past202010_o,O. 宝箱,,unknown,351,https://atcoder.jp/contests/past202010-open/tasks/past202010_o
Dynamic-Programming,全方位木DP,abc220_f,F. Distance Sums 2,1304,1200-1599,5322,https://atcoder.jp/contests/abc220/tasks/abc220_f
Dynamic-Programming,全方位木DP,arc022_3,C. ロミオとジュリエット,1694,1600-1999,1398,https://atcoder.jp/contests/arc022/tasks/arc022_3
Dynamic-Programming,全方位木DP,arc028_3,C. 高橋王国の分割統治,1748,1600-1999,1159,https://atcoder.jp/contests/arc028/tasks/arc028_3
Dynamic-Programming,全方位木DP,abc387_f,F. Count Arrays,1760,1600-1999,1906,https://atcoder.jp/contests/abc387/tasks/abc387_f
Dynamic-Programming,全方位木DP,abc222_f,F. Expensive Expense,1934,1600-1999,2400,https://atcoder.jp/contests/abc222/tasks/abc222_f
Dynamic-Programming,全方位木DP,abc160_f,F. Distributing Integers,2048,2000-2399,3700,https://atcoder.jp/contests/abc160/tasks/abc160_f
Dynamic-Programming,全方位木DP,abc223_g,G. Vertex Deletion,2351,2000-2399,1038,https://atcoder.jp/contests/abc223/tasks/abc223_g
Dynamic-Programming,全方位木DP,arc097_d,F. Monochrome Cat,2948,2800-3199,763,https://atcoder.jp/contests/arc097/tasks/arc097_d
Dynamic-Programming,全方位木DP,dp_v,V. Subtree,,unknown,5894,https://atcoder.jp/contests/dp/tasks/dp_v
Dynamic-Programming,全方位木DP,tdpc_tree,N. 木,,unknown,786,https://atcoder.jp/contests/tdpc/tasks/tdpc_tree
Dynamic-Programming,全方位木DP,s8pc_4_d,D. Driving on a Tree,,unknown,307,https://atcoder.jp/contests/s8pc-4/tasks/s8pc_4_d
Dynamic-Programming,全方位木DP,njpc2017_e,E. 限界集落,,unknown,238,https://atcoder.jp/contests/njpc2017/tasks/njpc2017_e
Dynamic-Programming,全方位木DP,APG4bPython_b,B. 1.01.出力とコメント,,unknown,,https://atcoder.jp/contests/APG4bPython/tasks/APG4bPython_b
Dynamic-Programming,区間DP,keyence2020_b,B. Robot Arms,889,800-1199,6956,https://atcoder.jp/contests/keyence2020/tasks/keyence2020_b
Dynamic-Programming,区間DP,arc135_c,C. XOR to All,1512,1200-1599,2690,https://atcoder.jp/contests/arc135/tasks/arc135_c
Dynamic-Programming,区間DP,nikkei2019_2_qual_d,D. Shortest Path on a Line,1647,1600-1999,2478,https://atcoder.jp/contests/nikkei2019-2-qual/tasks/nikkei2019_2_qual_d
Dynamic-Programming,区間DP,abc159_f,F. Knapsack for All Segments,1876,1600-1999,3477,https://atcoder.jp/contests/abc159/tasks/abc159_f
Dynamic-Programming,区間DP,abc217_f,F. Make Pair,1954,1600-1999,2828,https://atcoder.jp/contests/abc217/tasks/abc217_f
Dynamic-Programming,区間DP,arc032_3,C. 仕事計画,2014,2000-2399,611,https://atcoder.jp/contests/arc032/tasks/arc032_3
Dynamic-Programming,区間DP,agc050_b,B. Three Coins,2091,2000-2399,994,https://atcoder.jp/contests/agc050/tasks/agc050_b
Dynamic-Programming,区間DP,abc273_f,F. Hammer 2,2277,2000-2399,1104,https://atcoder.jp/contests/abc273/tasks/abc273_f
Dynamic-Programming,区間DP,keyence2021_e,E. Greedy Ant,2560,2400-2799,548,https://atcoder.jp/contests/keyence2021/tasks/keyence2021_e
Dynamic-Programming,区間DP,agc048_d,D. Pocky Game,3046,2800-3199,790,https://atcoder.jp/contests/agc048/tasks/agc048_d
Dynamic-Programming,区間DP,arc108_e,E. Random IS,3101,2800-3199,806,https://atcoder.jp/contests/arc108/tasks/arc108_e
Dynamic-Programming,区間DP,dp_n,N. Slimes,,unknown,17407,https://atcoder.jp/contests/dp/tasks/dp_n
Dynamic-Programming,区間DP,typical90_s,019. Pick Two（★6）,,unknown,2776,https://atcoder.jp/contests/typical90/tasks/typical90_s
Dynamic-Programming,区間DP,joi2015ho_b,B. ケーキの切り分け２ (Cake 2),,unknown,1756,https://atcoder.jp/contests/joi2015ho/tasks/joi2015ho_b
Dynamic-Programming,区間DP,tdpc_iwi,I. イウィ,,unknown,1234,https://atcoder.jp/contests/tdpc/tasks/tdpc_iwi
Dynamic-Programming,区間DP,joi2020ho_c,C. スタンプラリー 3 (Collecting Stamps 3),,unknown,413,https://atcoder.jp/contests/joi2020ho/tasks/joi2020ho_c
Dynamic-Programming,区間DP,past202012_l,L. Collecting T,,unknown,381,https://atcoder.jp/contests/past202012-open/tasks/past202012_l
Dynamic-Programming,基礎DP,abc208_b,B. Factorial Yen Coin,-421,<0,15192,https://atcoder.jp/contests/abc208/tasks/abc208_b
Dynamic-Programming,基礎DP,abc153_d,D. Caracal vs Monster,-52,<0,17916,https://atcoder.jp/contests/abc153/tasks/abc153_d
Dynamic-Programming,基礎DP,abc263_b,B. Ancestor,-32,<0,10824,https://atcoder.jp/contests/abc263/tasks/abc263_b
Dynamic-Programming,基礎DP,abc272_b,B. Everyone is Friends,-24,<0,10984,https://atcoder.jp/contests/abc272/tasks/abc272_b
Dynamic-Programming,基礎DP,abc247_c,C. 1 2 1 3 1 2 1,5,0-399,14017,https://atcoder.jp/contests/abc247/tasks/abc247_c
Dynamic-Programming,基礎DP,abc139_c,C. Lower,13,0-399,17157,https://atcoder.jp/contests/abc139/tasks/abc139_c
Dynamic-Programming,基礎DP,sumitb2019_c,C. 100 to 105,216,0-399,9040,https://atcoder.jp/contests/sumitrust2019/tasks/sumitb2019_c
Dynamic-Programming,基礎DP,abc274_c,C. Ameba,304,0-399,9702,https://atcoder.jp/contests/abc274/tasks/abc274_c
Dynamic-Programming,基礎DP,abc214_c,C. Distribution,309,0-399,11849,https://atcoder.jp/contests/abc214/tasks/abc214_c
Dynamic-Programming,基礎DP,hhkb2020_c,C. Neq Min,349,0-399,7438,https://atcoder.jp/contests/hhkb2020/tasks/hhkb2020_c
Dynamic-Programming,基礎DP,abc245_c,C. Choose Elements,403,400-799,11790,https://atcoder.jp/contests/abc245/tasks/abc245_c
Dynamic-Programming,基礎DP,abc260_c,C. Changing Jewels,413,400-799,10136,https://atcoder.jp/contests/abc260/tasks/abc260_c
Dynamic-Programming,基礎DP,agc029_a,A. Irreversible operation,423,400-799,10037,https://atcoder.jp/contests/agc029/tasks/agc029_a
Dynamic-Programming,基礎DP,abc240_c,C. Jumping Takahashi,464,400-799,11527,https://atcoder.jp/contests/abc240/tasks/abc240_c
Dynamic-Programming,基礎DP,abc242_c,C. 1111gal password,512,400-799,10823,https://atcoder.jp/contests/abc242/tasks/abc242_c
Dynamic-Programming,基礎DP,abc232_d,D. Weak Takahashi,539,400-799,8179,https://atcoder.jp/contests/abc232/tasks/abc232_d
Dynamic-Programming,基礎DP,abc289_d,D. Step Up Robot,551,400-799,8790,https://atcoder.jp/contests/abc289/tasks/abc289_d
Dynamic-Programming,基礎DP,abc211_c,C. chokudai,559,400-799,11563,https://atcoder.jp/contests/abc211/tasks/abc211_c
Dynamic-Programming,基礎DP,abc306_d,D. Poisonous Full-Course,596,400-799,8658,https://atcoder.jp/contests/abc306/tasks/abc306_d
Dynamic-Programming,基礎DP,abc286_d,D. Money in Hand,607,400-799,8273,https://atcoder.jp/contests/abc286/tasks/abc286_d
Dynamic-Programming,基礎DP,abc369_d,D. Bonus EXP,621,400-799,10020,https://atcoder.jp/contests/abc369/tasks/abc369_d
Dynamic-Programming,基礎DP,abc178_c,C. Ubiquity,653,400-799,13817,https://atcoder.jp/contests/abc178/tasks/abc178_c
Dynamic-Programming,基礎DP,abc220_d,D. FG operation,664,400-799,9163,https://atcoder.jp/contests/abc220/tasks/abc220_d
Dynamic-Programming,基礎DP,abc431_d,D. Robot Customize,693,400-799,6988,https://atcoder.jp/contests/abc431/tasks/abc431_d
Dynamic-Programming,基礎DP,abc149_d,D. Prediction and Restriction,719,400-799,9620,https://atcoder.jp/contests/abc149/tasks/abc149_d
Dynamic-Programming,基礎DP,abc291_d,D. Flip Cards,720,400-799,8199,https://atcoder.jp/contests/abc291/tasks/abc291_d
Dynamic-Programming,基礎DP,abc365_d,D. AtCoder Janken 3,730,400-799,9214,https://atcoder.jp/contests/abc365/tasks/abc365_d
Dynamic-Programming,基礎DP,abc248_c,C. Dice Sum,787,400-799,9056,https://atcoder.jp/contests/abc248/tasks/abc248_c
Dynamic-Programming,基礎DP,abc129_c,C. Typical Stairs,796,400-799,14659,https://atcoder.jp/contests/abc129/tasks/abc129_c
Dynamic-Programming,基礎DP,abc261_d,D. Flipping and Bonus,801,800-1199,8401,https://atcoder.jp/contests/abc261/tasks/abc261_d
Dynamic-Programming,基礎DP,abc011_3,C. 123引き算,810,800-1199,5555,https://atcoder.jp/contests/abc011/tasks/abc011_3
Dynamic-Programming,基礎DP,abc006_2,B. トリボナッチ数列,813,800-1199,8625,https://atcoder.jp/contests/abc006/tasks/abc006_2
Dynamic-Programming,基礎DP,agc017_a,A. Biscuits,815,800-1199,6374,https://atcoder.jp/contests/agc017/tasks/agc017_a
Dynamic-Programming,基礎DP,abc204_d,D. Cooking,832,800-1199,9645,https://atcoder.jp/contests/abc204/tasks/abc204_d
Dynamic-Programming,基礎DP,abc125_d,D. Flipping Signs,833,800-1199,11031,https://atcoder.jp/contests/abc125/tasks/abc125_d
Dynamic-Programming,基礎DP,sumitb2019_d,D. Lucky PIN,838,800-1199,11130,https://atcoder.jp/contests/sumitrust2019/tasks/sumitb2019_d
Dynamic-Programming,基礎DP,abc266_d,D. Snuke Panic (1D),840,800-1199,7424,https://atcoder.jp/contests/abc266/tasks/abc266_d
Dynamic-Programming,基礎DP,nikkei2019_2_qual_b,B. Counting of Trees,841,800-1199,5606,https://atcoder.jp/contests/nikkei2019-2-qual/tasks/nikkei2019_2_qual_b
Dynamic-Programming,基礎DP,abc344_d,D. String Bags,854,800-1199,8085,https://atcoder.jp/contests/abc344/tasks/abc344_d
Dynamic-Programming,基礎DP,abc267_d,D. Index × A(Not Continuous ver.),864,800-1199,7839,https://atcoder.jp/contests/abc267/tasks/abc267_d
Dynamic-Programming,基礎DP,abc222_d,D. Between Two Arrays,865,800-1199,8283,https://atcoder.jp/contests/abc222/tasks/abc222_d
Dynamic-Programming,基礎DP,abc178_d,D. Redistribution,875,800-1199,10595,https://atcoder.jp/contests/abc178/tasks/abc178_d
Dynamic-Programming,基礎DP,abc271_d,D. Flip and Adjust,886,800-1199,7549,https://atcoder.jp/contests/abc271/tasks/abc271_d
Dynamic-Programming,基礎DP,keyence2020_b,B. Robot Arms,889,800-1199,6956,https://atcoder.jp/contests/keyence2020/tasks/keyence2020_b
Dynamic-Programming,基礎DP,abc040_c,C. 柱柱柱柱柱,896,800-1199,7597,https://atcoder.jp/contests/abc040/tasks/abc040_c
Dynamic-Programming,基礎DP,abc174_c,C. Repsept,902,800-1199,12851,https://atcoder.jp/contests/abc174/tasks/abc174_c
Dynamic-Programming,基礎DP,abc274_d,D. Robot Arms 2,916,800-1199,6301,https://atcoder.jp/contests/abc274/tasks/abc274_d
Dynamic-Programming,基礎DP,agc043_a,A. Range Flip Find Route,934,800-1199,6172,https://atcoder.jp/contests/agc043/tasks/agc043_a
Dynamic-Programming,基礎DP,abc202_d,D. aab aba baa,966,800-1199,7708,https://atcoder.jp/contests/abc202/tasks/abc202_d
Dynamic-Programming,基礎DP,abc153_e,E. Crested Ibis vs Monster,1015,800-1199,9943,https://atcoder.jp/contests/abc153/tasks/abc153_e
Dynamic-Programming,基礎DP,abc263_d,D. Left Right Operation,1016,800-1199,6531,https://atcoder.jp/contests/abc263/tasks/abc263_d
Dynamic-Programming,基礎DP,code_festival_final_e,E. 常ならずグラフ,1017,800-1199,1660,https://atcoder.jp/contests/code-festival-2014-final/tasks/code_festival_final_e
Dynamic-Programming,基礎DP,abc281_d,D. Max Multiple,1031,800-1199,7332,https://atcoder.jp/contests/abc281/tasks/abc281_d
Dynamic-Programming,基礎DP,abc253_e,E. Distance Sequence,1073,800-1199,6353,https://atcoder.jp/contests/abc253/tasks/abc253_e
Dynamic-Programming,基礎DP,abc219_d,D. Strange Lunchbox,1085,800-1199,7004,https://atcoder.jp/contests/abc219/tasks/abc219_d
Dynamic-Programming,基礎DP,abc035_c,C. オセロ,1096,800-1199,5330,https://atcoder.jp/contests/abc035/tasks/abc035_c
Dynamic-Programming,基礎DP,abc099_c,C. Strange Bank,1101,800-1199,8942,https://atcoder.jp/contests/abc099/tasks/abc099_c
Dynamic-Programming,基礎DP,abc129_d,D. Lamp,1103,800-1199,8243,https://atcoder.jp/contests/abc129/tasks/abc129_d
Dynamic-Programming,基礎DP,abc244_e,E. King Bombee,1125,800-1199,5001,https://atcoder.jp/contests/abc244/tasks/abc244_e
Dynamic-Programming,基礎DP,arc109_c,C. Large RPS Tournament,1157,800-1199,3504,https://atcoder.jp/contests/arc109/tasks/arc109_c
Dynamic-Programming,基礎DP,abc188_e,E. Peddler,1170,800-1199,6214,https://atcoder.jp/contests/abc188/tasks/abc188_e
Dynamic-Programming,基礎DP,abc262_d,D. I Hate Non-integer Number,1213,1200-1599,5764,https://atcoder.jp/contests/abc262/tasks/abc262_d
Dynamic-Programming,基礎DP,abc362_e,E. Count Arithmetic Subsequences,1225,1200-1599,5307,https://atcoder.jp/contests/abc362/tasks/abc362_e
Dynamic-Programming,基礎DP,abc251_e,E. Tahakashi and Animals,1227,1200-1599,5345,https://atcoder.jp/contests/abc251/tasks/abc251_e
Dynamic-Programming,基礎DP,abc327_e,E. Maximize Rating,1227,1200-1599,5157,https://atcoder.jp/contests/abc327/tasks/abc327_e
Dynamic-Programming,基礎DP,agc003_b,B. Simplified mahjong,1234,1200-1599,5210,https://atcoder.jp/contests/agc003/tasks/agc003_b
Dynamic-Programming,基礎DP,abc307_e,E. Distinct Adjacent,1240,1200-1599,4898,https://atcoder.jp/contests/abc307/tasks/abc307_e
Dynamic-Programming,基礎DP,abc179_d,D. Leaping Tak,1251,1200-1599,7413,https://atcoder.jp/contests/abc179/tasks/abc179_d
Dynamic-Programming,基礎DP,tenka1_2014_qualB_b,B. エターナルスタティックファイナル,1258,1200-1599,1328,https://atcoder.jp/contests/tenka1-2014-qualb/tasks/tenka1_2014_qualB_b
Dynamic-Programming,基礎DP,abc261_e,E. Many Operations,1261,1200-1599,4998,https://atcoder.jp/contests/abc261/tasks/abc261_e
Dynamic-Programming,基礎DP,abc183_e,E. Queen on Grid,1288,1200-1599,5442,https://atcoder.jp/contests/abc183/tasks/abc183_e
Dynamic-Programming,基礎DP,abc270_d,D. Stones,1300,1200-1599,5933,https://atcoder.jp/contests/abc270/tasks/abc270_d
Dynamic-Programming,基礎DP,abc201_d,D. Game in Momotetsu World,1317,1200-1599,5406,https://atcoder.jp/contests/abc201/tasks/abc201_d
Dynamic-Programming,基礎DP,abc134_e,E. Sequence Decomposing,1320,1200-1599,6507,https://atcoder.jp/contests/abc134/tasks/abc134_e
Dynamic-Programming,基礎DP,abc021_c,C. 正直者の高橋くん,1324,1200-1599,3129,https://atcoder.jp/contests/abc021/tasks/abc021_c
Dynamic-Programming,基礎DP,abc135_d,D. Digits Parade,1334,1200-1599,6912,https://atcoder.jp/contests/abc135/tasks/abc135_d
Dynamic-Programming,基礎DP,abc114_d,D. 756,1337,1200-1599,5494,https://atcoder.jp/contests/abc114/tasks/abc114_d
Dynamic-Programming,基礎DP,abc037_d,D. 経路,1377,1200-1599,2968,https://atcoder.jp/contests/abc037/tasks/abc037_d
Dynamic-Programming,基礎DP,abc197_e,E. Traveler,1379,1200-1599,4253,https://atcoder.jp/contests/abc197/tasks/abc197_e
Dynamic-Programming,基礎DP,abc232_e,E. Rook Path,1380,1200-1599,3989,https://atcoder.jp/contests/abc232/tasks/abc232_e
Dynamic-Programming,基礎DP,agc033_b,B. LRUD Game,1384,1200-1599,2599,https://atcoder.jp/contests/agc033/tasks/agc033_b
Dynamic-Programming,基礎DP,abc015_4,D. 高橋くんの苦悩,1388,1200-1599,4150,https://atcoder.jp/contests/abc015/tasks/abc015_4
Dynamic-Programming,基礎DP,abc104_c,C. All Green,1393,1200-1599,7920,https://atcoder.jp/contests/abc104/tasks/abc104_c
Dynamic-Programming,基礎DP,abc212_e,E. Safety Journey,1410,1200-1599,5167,https://atcoder.jp/contests/abc212/tasks/abc212_e
Dynamic-Programming,基礎DP,abc185_e,E. Sequence Matching,1468,1200-1599,4870,https://atcoder.jp/contests/abc185/tasks/abc185_e
Dynamic-Programming,基礎DP,keyence2021_c,C. Robot on Grid,1468,1200-1599,2371,https://atcoder.jp/contests/keyence2021/tasks/keyence2021_c
Dynamic-Programming,基礎DP,abc222_e,E. Red and Blue Tree,1491,1200-1599,3746,https://atcoder.jp/contests/abc222/tasks/abc222_e
Dynamic-Programming,基礎DP,abc364_e,E. Maximum Glutton,1496,1200-1599,4970,https://atcoder.jp/contests/abc364/tasks/abc364_e
Dynamic-Programming,基礎DP,abc210_d,D. National Railway,1507,1200-1599,4691,https://atcoder.jp/contests/abc210/tasks/abc210_d
Dynamic-Programming,基礎DP,arc087_b,D. FT Robot,1508,1200-1599,4375,https://atcoder.jp/contests/abc082/tasks/arc087_b
Dynamic-Programming,基礎DP,abc145_e,E. All-you-can-eat,1528,1200-1599,4476,https://atcoder.jp/contests/abc145/tasks/abc145_e
Dynamic-Programming,基礎DP,abc122_d,D. We Like AGC,1533,1200-1599,4560,https://atcoder.jp/contests/abc122/tasks/abc122_d
Dynamic-Programming,基礎DP,abc216_f,F. Max Sum Counting,1541,1200-1599,3906,https://atcoder.jp/contests/abc216/tasks/abc216_f
Dynamic-Programming,基礎DP,abc146_f,F. Sugoroku,1545,1200-1599,3943,https://atcoder.jp/contests/abc146/tasks/abc146_f
Dynamic-Programming,基礎DP,abc175_e,E. Picking Goods,1554,1200-1599,4758,https://atcoder.jp/contests/abc175/tasks/abc175_e
Dynamic-Programming,基礎DP,abc155_e,E. Payment,1569,1200-1599,4106,https://atcoder.jp/contests/abc155/tasks/abc155_e
Dynamic-Programming,基礎DP,arc060_a,C. Tak and Cards,1583,1200-1599,7296,https://atcoder.jp/contests/abc044/tasks/arc060_a
Dynamic-Programming,基礎DP,agc047_a,A. Integer Product,1592,1200-1599,2768,https://atcoder.jp/contests/agc047/tasks/agc047_a
Dynamic-Programming,基礎DP,abc113_d,D. Number of Amidakuji,1597,1200-1599,3557,https://atcoder.jp/contests/abc113/tasks/abc113_d
Dynamic-Programming,基礎DP,arc043_b,B. 難易度,1606,1600-1999,1501,https://atcoder.jp/contests/arc043/tasks/arc043_b
Dynamic-Programming,基礎DP,abc054_d,D. Mixing Experiment,1655,1600-1999,4219,https://atcoder.jp/contests/abc054/tasks/abc054_d
Dynamic-Programming,基礎DP,abc118_d,D. Match Matching,1657,1600-1999,4255,https://atcoder.jp/contests/abc118/tasks/abc118_d
Dynamic-Programming,基礎DP,abc057_d,D. Maximum Average Sets,1658,1600-1999,3963,https://atcoder.jp/contests/abc057/tasks/abc057_d
Dynamic-Programming,基礎DP,donuts_2015_3,C. 行列のできるドーナツ屋,1661,1600-1999,1000,https://atcoder.jp/contests/donuts-2015/tasks/donuts_2015_3
Dynamic-Programming,基礎DP,arc027_3,C. 最高のトッピングにしような,1692,1600-1999,1100,https://atcoder.jp/contests/arc027/tasks/arc027_3
Dynamic-Programming,基礎DP,abc006_4,D. トランプ挿入ソート,1696,1600-1999,4153,https://atcoder.jp/contests/abc006/tasks/abc006_4
Dynamic-Programming,基礎DP,abc247_f,F. Cards,1697,1600-1999,3116,https://atcoder.jp/contests/abc247/tasks/abc247_f
Dynamic-Programming,基礎DP,abc147_e,E. Balanced Path,1713,1600-1999,3490,https://atcoder.jp/contests/abc147/tasks/abc147_e
Dynamic-Programming,基礎DP,abc032_d,D. ナップサック問題,1731,1600-1999,2345,https://atcoder.jp/contests/abc032/tasks/abc032_d
Dynamic-Programming,基礎DP,abc104_d,D. We Love ABC,1739,1600-1999,3618,https://atcoder.jp/contests/abc104/tasks/abc104_d
Dynamic-Programming,基礎DP,abc231_e,E. Minimal payments,1740,1600-1999,2810,https://atcoder.jp/contests/abc231/tasks/abc231_e
Dynamic-Programming,基礎DP,arc042_c,C. おやつ,1746,1600-1999,1209,https://atcoder.jp/contests/arc042/tasks/arc042_c
Dynamic-Programming,基礎DP,abc161_e,E. Yutori,1760,1600-1999,4253,https://atcoder.jp/contests/abc161/tasks/abc161_e
Dynamic-Programming,基礎DP,abc162_f,F. Select Half,1764,1600-1999,3700,https://atcoder.jp/contests/abc162/tasks/abc162_f
Dynamic-Programming,基礎DP,abc248_f,F. Keep Connect,1828,1600-1999,2163,https://atcoder.jp/contests/abc248/tasks/abc248_f
Dynamic-Programming,基礎DP,agc004_b,B. Colorful Slimes,1871,1600-1999,3271,https://atcoder.jp/contests/agc004/tasks/agc004_b
Dynamic-Programming,基礎DP,abc159_f,F. Knapsack for All Segments,1876,1600-1999,3477,https://atcoder.jp/contests/abc159/tasks/abc159_f
Dynamic-Programming,基礎DP,diverta2019_2_d,D. Squirrel Merchant,1884,1600-1999,1532,https://atcoder.jp/contests/diverta2019-2/tasks/diverta2019_2_d
Dynamic-Programming,基礎DP,code_formula_2014_final_d,D. 映画の連続視聴,1902,1600-1999,355,https://atcoder.jp/contests/code-formula-2014-final/tasks/code_formula_2014_final_d
Dynamic-Programming,基礎DP,abc344_f,F. Earn to Advance,1922,1600-1999,2294,https://atcoder.jp/contests/abc344/tasks/abc344_f
Dynamic-Programming,基礎DP,abc017_4,D. サプリメント,1956,1600-1999,1764,https://atcoder.jp/contests/abc017/tasks/abc017_4
Dynamic-Programming,基礎DP,yahoo_procon2019_qual_d,D. Ears,1998,1600-1999,1639,https://atcoder.jp/contests/yahoo-procon2019-qual/tasks/yahoo_procon2019_qual_d
Dynamic-Programming,基礎DP,arc010_3,C. 積み上げパズル,2011,2000-2399,735,https://atcoder.jp/contests/arc010/tasks/arc010_3
Dynamic-Programming,基礎DP,arc032_3,C. 仕事計画,2014,2000-2399,611,https://atcoder.jp/contests/arc032/tasks/arc032_3
Dynamic-Programming,基礎DP,arc070_b,D. No Need,2015,2000-2399,3146,https://atcoder.jp/contests/abc056/tasks/arc070_b
Dynamic-Programming,基礎DP,abc221_f,F. Diameter set,2093,2000-2399,1762,https://atcoder.jp/contests/abc221/tasks/abc221_f
Dynamic-Programming,基礎DP,arc107_d,D. Number of Multisets,2099,2000-2399,2744,https://atcoder.jp/contests/arc107/tasks/arc107_d
Dynamic-Programming,基礎DP,abc145_f,F. Laminate,2116,2000-2399,1804,https://atcoder.jp/contests/abc145/tasks/abc145_f
Dynamic-Programming,基礎DP,arc099_c,E. Independence,2160,2000-2399,1809,https://atcoder.jp/contests/arc099/tasks/arc099_c
Dynamic-Programming,基礎DP,agc022_c,C. Remainder Game,2176,2000-2399,1477,https://atcoder.jp/contests/agc022/tasks/agc022_c
Dynamic-Programming,基礎DP,arc030_3,C. 有向グラフ,2180,2000-2399,517,https://atcoder.jp/contests/arc030/tasks/arc030_3
Dynamic-Programming,基礎DP,abc008_4,D. 金塊ゲーム,2203,2000-2399,1057,https://atcoder.jp/contests/abc008/tasks/abc008_4
Dynamic-Programming,基礎DP,arc057_b,B. 高橋君ゲーム,2220,2000-2399,1083,https://atcoder.jp/contests/arc057/tasks/arc057_b
Dynamic-Programming,基礎DP,arc097_c,E. Sorted and Sorted,2247,2000-2399,1421,https://atcoder.jp/contests/arc097/tasks/arc097_c
Dynamic-Programming,基礎DP,abc203_f,F. Weed,2252,2000-2399,1416,https://atcoder.jp/contests/abc203/tasks/abc203_f
Dynamic-Programming,基礎DP,agc021_d,D. Reversed LCS,2287,2000-2399,1350,https://atcoder.jp/contests/agc021/tasks/agc021_d
Dynamic-Programming,基礎DP,arc044_c,C. ビーム,2309,2000-2399,406,https://atcoder.jp/contests/arc044/tasks/arc044_c
Dynamic-Programming,基礎DP,arc090_c,E. Avoiding Collision,2319,2000-2399,1636,https://atcoder.jp/contests/arc090/tasks/arc090_c
Dynamic-Programming,基礎DP,abc227_f,F. Treasure Hunting,2323,2000-2399,1262,https://atcoder.jp/contests/abc227/tasks/abc227_f
Dynamic-Programming,基礎DP,caddi2018_c,E. Negative Doubling,2327,2000-2399,624,https://atcoder.jp/contests/caddi2018/tasks/caddi2018_c
Dynamic-Programming,基礎DP,abc345_e,E. Colorful Subsequence,2356,2000-2399,1434,https://atcoder.jp/contests/abc345/tasks/abc345_e
Dynamic-Programming,基礎DP,arc059_d,F. Unhappy Hacking,2427,2400-2799,1886,https://atcoder.jp/contests/arc059/tasks/arc059_d
Dynamic-Programming,基礎DP,abc138_f,F. Coincidence,2431,2400-2799,1342,https://atcoder.jp/contests/abc138/tasks/abc138_f
Dynamic-Programming,基礎DP,agc009_c,C. Division into Two,2437,2400-2799,1624,https://atcoder.jp/contests/agc009/tasks/agc009_c
Dynamic-Programming,基礎DP,abc128_f,F. Frog Jump,2464,2400-2799,1503,https://atcoder.jp/contests/abc128/tasks/abc128_f
Dynamic-Programming,基礎DP,code_festival_2017_qualb_d,D. 101 to 010,2499,2400-2799,653,https://atcoder.jp/contests/code-festival-2017-qualb/tasks/code_festival_2017_qualb_d
Dynamic-Programming,基礎DP,arc074_c,E. RGB Sequence,2519,2400-2799,1644,https://atcoder.jp/contests/arc074/tasks/arc074_c
Dynamic-Programming,基礎DP,abc134_f,F. Permutation Oddness,2532,2400-2799,1854,https://atcoder.jp/contests/abc134/tasks/abc134_f
Dynamic-Programming,基礎DP,hitachi2020_d,D. Manga Market,2547,2400-2799,870,https://atcoder.jp/contests/hitachi2020/tasks/hitachi2020_d
Dynamic-Programming,基礎DP,arc075_d,F. Mirrored,2549,2400-2799,821,https://atcoder.jp/contests/arc075/tasks/arc075_d
Dynamic-Programming,基礎DP,arc066_b,D. Xor Sum,2606,2400-2799,1866,https://atcoder.jp/contests/abc050/tasks/arc066_b
Dynamic-Programming,基礎DP,arc120_e,E. 1D Party,2653,2400-2799,631,https://atcoder.jp/contests/arc120/tasks/arc120_e
Dynamic-Programming,基礎DP,arc066_c,E. Addition and Subtraction Hard,2709,2400-2799,1254,https://atcoder.jp/contests/arc066/tasks/arc066_c
Dynamic-Programming,基礎DP,arc114_d,D. Moving Pieces on Line,2723,2400-2799,613,https://atcoder.jp/contests/arc114/tasks/arc114_d
Dynamic-Programming,基礎DP,tenka1_2015_qualB_d,D. 天下一電卓英作文,2798,2400-2799,56,https://atcoder.jp/contests/tenka1-2015-qualb/tasks/tenka1_2015_qualB_d
Dynamic-Programming,基礎DP,arc009_4,D. 覚醒ノ高橋君,2801,2800-3199,111,https://atcoder.jp/contests/arc009/tasks/arc009_4
Dynamic-Programming,基礎DP,arc019_3,C. 最後の森,2881,2800-3199,202,https://atcoder.jp/contests/arc019/tasks/arc019_3
Dynamic-Programming,基礎DP,abc176_f,F. Brave CHAIN,2912,2800-3199,805,https://atcoder.jp/contests/abc176/tasks/abc176_f
Dynamic-Programming,基礎DP,cf17_final_g,G. Mancala,2931,2800-3199,346,https://atcoder.jp/contests/cf17-final/tasks/cf17_final_g
Dynamic-Programming,基礎DP,arc068_d,F. Solitaire,3042,2800-3199,969,https://atcoder.jp/contests/arc068/tasks/arc068_d
Dynamic-Programming,基礎DP,arc053_d,D. 2 つの山札,3043,2800-3199,226,https://atcoder.jp/contests/arc053/tasks/arc053_d
Dynamic-Programming,基礎DP,agc013_d,D. Piling Up,3089,2800-3199,1536,https://atcoder.jp/contests/agc013/tasks/agc013_d
Dynamic-Programming,基礎DP,agc041_d,D. Problem Scores,3096,2800-3199,756,https://atcoder.jp/contests/agc041/tasks/agc041_d
Dynamic-Programming,基礎DP,arc096_c,E. Everything on It,3163,2800-3199,1234,https://atcoder.jp/contests/arc096/tasks/arc096_c
Dynamic-Programming,基礎DP,arc043_d,D. 引っ越し,3245,3200-3599,96,https://atcoder.jp/contests/arc043/tasks/arc043_d
Dynamic-Programming,基礎DP,arc087_d,F. Squirrel Migration,3252,3200-3599,676,https://atcoder.jp/contests/arc087/tasks/arc087_d
Dynamic-Programming,基礎DP,agc054_d,D. (ox),3426,3200-3599,297,https://atcoder.jp/contests/agc054/tasks/agc054_d
Dynamic-Programming,基礎DP,arc100_d,F. Colorful Sequences,3486,3200-3599,613,https://atcoder.jp/contests/arc100/tasks/arc100_d
Dynamic-Programming,基礎DP,arc083_d,F. Collecting Balls,3541,3200-3599,511,https://atcoder.jp/contests/arc083/tasks/arc083_d
Dynamic-Programming,基礎DP,arc096_d,F. Sweet Alchemy,3896,3600+,546,https://atcoder.jp/contests/arc096/tasks/arc096_d
Dynamic-Programming,基礎DP,dp_a,A. Frog 1,,unknown,87112,https://atcoder.jp/contests/dp/tasks/dp_a
Dynamic-Programming,基礎DP,dp_c,C. Vacation,,unknown,67255,https://atcoder.jp/contests/dp/tasks/dp_c
Dynamic-Programming,基礎DP,dp_d,D. Knapsack 1,,unknown,63267,https://atcoder.jp/contests/dp/tasks/dp_d
Dynamic-Programming,基礎DP,dp_e,E. Knapsack 2,,unknown,42719,https://atcoder.jp/contests/dp/tasks/dp_e
Dynamic-Programming,基礎DP,dp_h,H. Grid 1,,unknown,36893,https://atcoder.jp/contests/dp/tasks/dp_h
Dynamic-Programming,基礎DP,typical90_h,008. AtCounter（★4）,,unknown,8001,https://atcoder.jp/contests/typical90/tasks/typical90_h
Dynamic-Programming,基礎DP,tdpc_contest,A. コンテスト,,unknown,7242,https://atcoder.jp/contests/tdpc/tasks/tdpc_contest
Dynamic-Programming,基礎DP,typical90_ax,050. Stair Jump（★3）,,unknown,6382,https://atcoder.jp/contests/typical90/tasks/typical90_ax
Dynamic-Programming,基礎DP,joi2011yo_d,D. 1 年生 (A First Grader),,unknown,3425,https://atcoder.jp/contests/joi2011yo/tasks/joi2011yo_d
Dynamic-Programming,基礎DP,joi2013yo_d,D. 暑い日々 (Hot days),,unknown,3208,https://atcoder.jp/contests/joi2013yo/tasks/joi2013yo_d
Dynamic-Programming,基礎DP,typical90_bd,056. Lucky Bag（★5）,,unknown,3208,https://atcoder.jp/contests/typical90/tasks/typical90_bd
Dynamic-Programming,基礎DP,typical90_k,011. Gravy Jobs（★6）,,unknown,3125,https://atcoder.jp/contests/typical90/tasks/typical90_k
Dynamic-Programming,基礎DP,joi2015yo_d,D. シルクロード (Silk Road),,unknown,2763,https://atcoder.jp/contests/joi2015yo/tasks/joi2015yo_d
Dynamic-Programming,基礎DP,chokudai_S001_h,H. LIS,,unknown,2742,https://atcoder.jp/contests/chokudai_S001/tasks/chokudai_S001_h
Dynamic-Programming,基礎DP,tdpc_dice,D. サイコロ,,unknown,2534,https://atcoder.jp/contests/tdpc/tasks/tdpc_dice
Dynamic-Programming,基礎DP,pakencamp_2019_day3_d,D. パ研軍旗,,unknown,2227,https://atcoder.jp/contests/pakencamp-2019-day3/tasks/pakencamp_2019_day3_d
Dynamic-Programming,基礎DP,joi2014yo_d,D. 部活のスケジュール表 (Schedule),,unknown,1844,https://atcoder.jp/contests/joi2014yo/tasks/joi2014yo_d
Dynamic-Programming,基礎DP,joi2007yo_f,F. 通学経路,,unknown,1496,https://atcoder.jp/contests/joi2007yo/tasks/joi2007yo_f
Dynamic-Programming,基礎DP,joi2020_yo2_c,C. 桁和 (Digit Sum),,unknown,1380,https://atcoder.jp/contests/joi2020yo2/tasks/joi2020_yo2_c
Dynamic-Programming,基礎DP,past202005_h,H. Hurdling,,unknown,1287,https://atcoder.jp/contests/past202005-open/tasks/past202005_h
Dynamic-Programming,基礎DP,indeednow_2015_finala_c,C. Optimal Recommendations,,unknown,1026,https://atcoder.jp/contests/indeednow-finala-open/tasks/indeednow_2015_finala_c
Dynamic-Programming,基礎DP,past202004_k,K. Parentheses,,unknown,972,https://atcoder.jp/contests/past202004-open/tasks/past202004_k
Dynamic-Programming,基礎DP,joi2016ho_a,A. オレンジの出荷 (Oranges),,unknown,967,https://atcoder.jp/contests/joi2016ho/tasks/joi2016ho_a
Dynamic-Programming,基礎DP,joisc2007_buildi,building. ビルの飾り付け (Building),,unknown,948,https://atcoder.jp/contests/joisc2007/tasks/joisc2007_buildi
Dynamic-Programming,基礎DP,joi2010yo_e,E. 通勤経路,,unknown,944,https://atcoder.jp/contests/joi2010yo/tasks/joi2010yo_e
Dynamic-Programming,基礎DP,joi2016ho_b,B. スタンプラリー 2 (Collecting Stamps 2),,unknown,905,https://atcoder.jp/contests/joi2016ho/tasks/joi2016ho_b
Dynamic-Programming,基礎DP,maximum_cup_2018_d,D. Many Go Round,,unknown,841,https://atcoder.jp/contests/maximum-cup-2018/tasks/maximum_cup_2018_d
Dynamic-Programming,基礎DP,kupc2019_b,B. ナップサック問題,,unknown,805,https://atcoder.jp/contests/kupc2019/tasks/kupc2019_b
Dynamic-Programming,基礎DP,joi2014ho2,B. IOI 饅頭 (IOI Manju),,unknown,803,https://atcoder.jp/contests/joi2014ho/tasks/joi2014ho2
Dynamic-Programming,基礎DP,past202012_i,I. Evacuation Plan,,unknown,733,https://atcoder.jp/contests/past202012-open/tasks/past202012_i
Dynamic-Programming,基礎DP,joisc2008_nile,nile. ナイルドットコム (Nile.Com),,unknown,701,https://atcoder.jp/contests/joisc2008/tasks/joisc2008_nile
Dynamic-Programming,基礎DP,joi2012ho3,C. 夜店 (Night Market),,unknown,691,https://atcoder.jp/contests/joi2012ho/tasks/joi2012ho3
Dynamic-Programming,基礎DP,joisc2010_stairs,stairs. 階段 (Stairs),,unknown,680,https://atcoder.jp/contests/joisc2010/tasks/joisc2010_stairs
Dynamic-Programming,基礎DP,code_festival_2018_quala_c,C. 半分,,unknown,652,https://atcoder.jp/contests/code-festival-2018-quala/tasks/code_festival_2018_quala_c
Dynamic-Programming,基礎DP,wupc2012_4,D. 三角パズル,,unknown,651,https://atcoder.jp/contests/wupc2012/tasks/wupc2012_4
Dynamic-Programming,基礎DP,s8pc_6_c,C. Infinite Grid,,unknown,630,https://atcoder.jp/contests/s8pc-6/tasks/s8pc_6_c
Dynamic-Programming,基礎DP,kupc2020_b,B. Numbers on Papers,,unknown,614,https://atcoder.jp/contests/kupc2020/tasks/kupc2020_b
Dynamic-Programming,基礎DP,joi2008ho_d,D. ぴょんぴょん川渡り,,unknown,599,https://atcoder.jp/contests/joi2008ho/tasks/joi2008ho_d
Dynamic-Programming,基礎DP,kupc2018_b,B. 弾幕ゲーム,,unknown,595,https://atcoder.jp/contests/kupc2018/tasks/kupc2018_b
Dynamic-Programming,基礎DP,tenka1_2016_qualB_b,B. 天下一魔力発電,,unknown,582,https://atcoder.jp/contests/tenka1-2016-qualb/tasks/tenka1_2016_qualB_b
Dynamic-Programming,基礎DP,iroha2019_day1_g,G. 友達以上恋人以下,,unknown,559,https://atcoder.jp/contests/iroha2019-day1/tasks/iroha2019_day1_g
Dynamic-Programming,基礎DP,joi2018_yo_e,E. 森林伐採（Deforestation）,,unknown,555,https://atcoder.jp/contests/joi2018yo/tasks/joi2018_yo_e
Dynamic-Programming,基礎DP,past202104_i,I. PAST to Fishing,,unknown,544,https://atcoder.jp/contests/past202104-open/tasks/past202104_i
Dynamic-Programming,基礎DP,joisc2014_m,M. ストラップ,,unknown,502,https://atcoder.jp/contests/joisc2014/tasks/joisc2014_m
Dynamic-Programming,基礎DP,past202104_k,K. Common Coupon,,unknown,451,https://atcoder.jp/contests/past202104-open/tasks/past202104_k
Dynamic-Programming,基礎DP,tkppc2016_b,B. 書き換え（Rewrite）,,unknown,420,https://atcoder.jp/contests/tkppc2/tasks/tkppc2016_b
Dynamic-Programming,基礎DP,gigacode_2019_e,E. 車の乗り継ぎ,,unknown,411,https://atcoder.jp/contests/gigacode-2019/tasks/gigacode_2019_e
Dynamic-Programming,基礎DP,past202107_h,H. Line Chart,,unknown,410,https://atcoder.jp/contests/past202107-open/tasks/past202107_h
Dynamic-Programming,基礎DP,joi2024_yo2_c,C. 白色光 2 (White Light 2),,unknown,407,https://atcoder.jp/contests/joi2024yo2/tasks/joi2024_yo2_c
Dynamic-Programming,基礎DP,colopl2018_qual_d,D. すぬけそだて――トレーニング――,,unknown,347,https://atcoder.jp/contests/colopl2018-qual/tasks/colopl2018_qual_d
Dynamic-Programming,基礎DP,code_festival_relay_g,G. haruki の覚醒め,,unknown,310,https://atcoder.jp/contests/code-festival-2014-relay/tasks/code_festival_relay_g
Dynamic-Programming,基礎DP,joisc2009_abduction,abduction. 誘拐 (Abduction),,unknown,296,https://atcoder.jp/contests/joisc2009/tasks/joisc2009_abduction
Dynamic-Programming,基礎DP,code_thanks_festival_2015_e,E. ノイズ除去,,unknown,270,https://atcoder.jp/contests/code-thanks-festival-2015-open/tasks/code_thanks_festival_2015_e
Dynamic-Programming,基礎DP,asaporo_d,A. Struck Out,,unknown,249,https://atcoder.jp/contests/cf16-tournament-round3-open/tasks/asaporo_d
Dynamic-Programming,基礎DP,code_thanks_festival_14_qualb_f,F. 太鼓ゲーム,,unknown,241,https://atcoder.jp/contests/code-thanks-festival-2014-b-open/tasks/code_thanks_festival_14_qualb_f
Dynamic-Programming,基礎DP,maximum_cup_2018_b,B. 駆け抜けろ！埼大山車部！！,,unknown,186,https://atcoder.jp/contests/maximum-cup-2018/tasks/maximum_cup_2018_b
Dynamic-Programming,基礎DP,code_thanks_festival_2018_g,G. Sum of Cards,,unknown,150,https://atcoder.jp/contests/code-thanks-festival-2018/tasks/code_thanks_festival_2018_g
Dynamic-Programming,基礎DP,kupc2014_j,J. カード,,unknown,146,https://atcoder.jp/contests/kupc2014/tasks/kupc2014_j
Dynamic-Programming,基礎DP,iroha2019_day4_a,A. あるよるのできごと,,unknown,129,https://atcoder.jp/contests/iroha2019-day4/tasks/iroha2019_day4_a
Dynamic-Programming,基礎DP,tkppc4_2_g,G. 平均レーティング,,unknown,94,https://atcoder.jp/contests/tkppc4-2/tasks/tkppc4_2_g
Dynamic-Programming,基礎DP,icpc2013summer_day2_b,B. Evacuation Route,,unknown,72,https://atcoder.jp/contests/jag2013summer-day2/tasks/icpc2013summer_day2_b
Dynamic-Programming,戻すDP,abc321_f,F. #(subset sum = K) with Add and Erase,1645,1600-1999,6096,https://atcoder.jp/contests/abc321/tasks/abc321_f
Dynamic-Programming,戻すDP,arc104_d,D. Multiset Mean,2251,2000-2399,1933,https://atcoder.jp/contests/arc104/tasks/arc104_d
Dynamic-Programming,戻すDP,arc102_c,E. Stop. Otherwise...,2484,2400-2799,1500,https://atcoder.jp/contests/arc102/tasks/arc102_c
Dynamic-Programming,戻すDP,arc028_4,D. 注文の多い高橋商店,2997,2800-3199,448,https://atcoder.jp/contests/arc028/tasks/arc028_4
Dynamic-Programming,戻すDP,dp_d,D. Knapsack 1,,unknown,63267,https://atcoder.jp/contests/dp/tasks/dp_d
Dynamic-Programming,挿入DP,abc209_f,F. Deforestation,2307,2000-2399,1413,https://atcoder.jp/contests/abc209/tasks/abc209_f
Dynamic-Programming,挿入DP,abc282_g,G. Similar Permutation,2412,2400-2799,924,https://atcoder.jp/contests/abc282/tasks/abc282_g
Dynamic-Programming,挿入DP,agc043_d,D. Merge Triplets,2708,2400-2799,1232,https://atcoder.jp/contests/agc043/tasks/agc043_d
Dynamic-Programming,挿入DP,arc020_4,D. お菓子の国の旅行,3133,2800-3199,100,https://atcoder.jp/contests/arc020/tasks/arc020_4
Dynamic-Programming,挿入DP,dp_t,T. Permutation,,unknown,6724,https://atcoder.jp/contests/dp/tasks/dp_t
Dynamic-Programming,挿入DP,tdpc_string,O. 文字列,,unknown,629,https://atcoder.jp/contests/tdpc/tasks/tdpc_string
Dynamic-Programming,文字列DP,agc037_a,A. Dividing a String,232,0-399,6574,https://atcoder.jp/contests/agc037/tasks/agc037_a
Dynamic-Programming,文字列DP,abc312_d,D. Count Bracket Sequences,964,800-1199,6919,https://atcoder.jp/contests/abc312/tasks/abc312_d
Dynamic-Programming,文字列DP,abc253_e,E. Distance Sequence,1073,800-1199,6353,https://atcoder.jp/contests/abc253/tasks/abc253_e
Dynamic-Programming,文字列DP,arc002_3,C. コマンド入力,1164,800-1199,2874,https://atcoder.jp/contests/arc002/tasks/arc002_3
Dynamic-Programming,文字列DP,tenka1_2014_qualB_b,B. エターナルスタティックファイナル,1258,1200-1599,1328,https://atcoder.jp/contests/tenka1-2014-qualb/tasks/tenka1_2014_qualB_b
Dynamic-Programming,文字列DP,cf_2015_morning_easy_d,D. ヘイホー君と削除,1316,1200-1599,1202,https://atcoder.jp/contests/code-festival-2015-morning-easy/tasks/cf_2015_morning_easy_d
Dynamic-Programming,文字列DP,abc185_e,E. Sequence Matching,1468,1200-1599,4870,https://atcoder.jp/contests/abc185/tasks/abc185_e
Dynamic-Programming,文字列DP,abc118_d,D. Match Matching,1657,1600-1999,4255,https://atcoder.jp/contests/abc118/tasks/abc118_d
Dynamic-Programming,文字列DP,abc130_e,E. Common Subsequence,1676,1600-1999,4239,https://atcoder.jp/contests/abc130/tasks/abc130_e
Dynamic-Programming,文字列DP,abc214_f,F. Substrings,1973,1600-1999,2596,https://atcoder.jp/contests/abc214/tasks/abc214_f
Dynamic-Programming,文字列DP,arc059_d,F. Unhappy Hacking,2427,2400-2799,1886,https://atcoder.jp/contests/arc059/tasks/arc059_d
Dynamic-Programming,文字列DP,arc065_d,F. Shuffling,2652,2400-2799,1058,https://atcoder.jp/contests/arc065/tasks/arc065_d
Dynamic-Programming,文字列DP,arc094_d,F. Normalization,3132,2800-3199,631,https://atcoder.jp/contests/arc094/tasks/arc094_d
Dynamic-Programming,文字列DP,joi2008ho_b,B. 共通部分文字列,,unknown,804,https://atcoder.jp/contests/joi2008ho/tasks/joi2008ho_b
Dynamic-Programming,文字列DP,joi2013ho2,2. IOI 列車で行こう (Take the 'IOI' train),,unknown,636,https://atcoder.jp/contests/joi2013ho/tasks/joi2013ho2
Dynamic-Programming,文字列DP,tenka1_2016_qualB_b,B. 天下一魔力発電,,unknown,582,https://atcoder.jp/contests/tenka1-2016-qualb/tasks/tenka1_2016_qualB_b
Dynamic-Programming,文字列DP,iroha2019_day2_a,A. わたのはら,,unknown,563,https://atcoder.jp/contests/iroha2019-day2/tasks/iroha2019_day2_a
Dynamic-Programming,文字列DP,past202206_k,K. Subsequence,,unknown,195,https://atcoder.jp/contests/past202206-open/tasks/past202206_k
Dynamic-Programming,文字列DP,xmascon17_e,E. String Problem,,unknown,135,https://atcoder.jp/contests/xmascon17/tasks/xmascon17_e
Dynamic-Programming,文字列DP,ijpc_ijpc,A. 国際情報オリンピック日本代表プログラミングコンテスト (Welcome to IJPC),,unknown,79,https://atcoder.jp/contests/ijpc2012pr/tasks/ijpc_ijpc
Dynamic-Programming,期待値DP,abc194_d,D. Journey,1078,800-1199,6595,https://atcoder.jp/contests/abc194/tasks/abc194_d
Dynamic-Programming,期待値DP,abc266_e,E. Throwing the Die,1227,1200-1599,5114,https://atcoder.jp/contests/abc266/tasks/abc266_e
Dynamic-Programming,期待値DP,abc280_e,E. Critical Hit,1251,1200-1599,4713,https://atcoder.jp/contests/abc280/tasks/abc280_e
Dynamic-Programming,期待値DP,abc184_d,D. increment of coins,1276,1200-1599,6649,https://atcoder.jp/contests/abc184/tasks/abc184_d
Dynamic-Programming,期待値DP,abc300_e,E. Dice Product 3,1354,1200-1599,4744,https://atcoder.jp/contests/abc300/tasks/abc300_e
Dynamic-Programming,期待値DP,abc326_e,"E. Revenge of ""The Salary of AtCoder Inc.""",1363,1200-1599,4250,https://atcoder.jp/contests/abc326/tasks/abc326_e
Dynamic-Programming,期待値DP,abc263_e,E. Sugoroku 3,1659,1600-1999,3226,https://atcoder.jp/contests/abc263/tasks/abc263_e
Dynamic-Programming,期待値DP,abc314_e,E. Roulettes,1722,1600-1999,2872,https://atcoder.jp/contests/abc314/tasks/abc314_e
Dynamic-Programming,期待値DP,arc016_3,C. ソーシャルゲーム,2092,2000-2399,657,https://atcoder.jp/contests/arc016/tasks/arc016_3
Dynamic-Programming,期待値DP,code_formula_2014_qualA_d,D. 無刻印キーボード,2102,2000-2399,292,https://atcoder.jp/contests/code-formula-2014-quala/tasks/code_formula_2014_qualA_d
Dynamic-Programming,期待値DP,abc342_f,F. Black Jack,2141,2000-2399,1421,https://atcoder.jp/contests/abc342/tasks/abc342_f
Dynamic-Programming,期待値DP,abc189_f,F. Sugoroku2,2154,2000-2399,1976,https://atcoder.jp/contests/abc189/tasks/abc189_f
Dynamic-Programming,期待値DP,abc144_f,F. Fork in the Road,2189,2000-2399,1771,https://atcoder.jp/contests/abc144/tasks/abc144_f
Dynamic-Programming,期待値DP,code_festival_final_h,H. 部屋割り,2535,2400-2799,111,https://atcoder.jp/contests/code-festival-2014-final/tasks/code_festival_final_h
Dynamic-Programming,期待値DP,arc016_4,D. 軍艦ゲーム,2683,2400-2799,324,https://atcoder.jp/contests/arc016/tasks/arc016_4
Dynamic-Programming,期待値DP,dp_j,J. Sushi,,unknown,14229,https://atcoder.jp/contests/dp/tasks/dp_j
Dynamic-Programming,期待値DP,tdpc_ball,J. ボール,,unknown,864,https://atcoder.jp/contests/tdpc/tasks/tdpc_ball
Dynamic-Programming,期待値DP,past201912_o,O. Endurance,,unknown,603,https://atcoder.jp/contests/past201912-open/tasks/past201912_o
Dynamic-Programming,期待値DP,past202012_k,K. Pitching,,unknown,491,https://atcoder.jp/contests/past202012-open/tasks/past202012_k
Dynamic-Programming,木DP,abc220_f,F. Distance Sums 2,1304,1200-1599,5322,https://atcoder.jp/contests/abc220/tasks/abc220_f
Dynamic-Programming,木DP,abc036_d,D. 塗り絵,1602,1600-1999,2608,https://atcoder.jp/contests/abc036/tasks/abc036_d
Dynamic-Programming,木DP,agc009_b,B. Tournament,1685,1600-1999,2344,https://atcoder.jp/contests/agc009/tasks/agc009_b
Dynamic-Programming,木DP,arc028_3,C. 高橋王国の分割統治,1748,1600-1999,1159,https://atcoder.jp/contests/arc028/tasks/arc028_3
Dynamic-Programming,木DP,abc387_f,F. Count Arrays,1760,1600-1999,1906,https://atcoder.jp/contests/abc387/tasks/abc387_f
Dynamic-Programming,木DP,arc112_c,C. DFS Game,1913,1600-1999,1903,https://atcoder.jp/contests/arc112/tasks/arc112_c
Dynamic-Programming,木DP,abc287_f,F. Components,2034,2000-2399,1739,https://atcoder.jp/contests/abc287/tasks/abc287_f
Dynamic-Programming,木DP,abc158_f,F. Removing Robots,2067,2000-2399,2088,https://atcoder.jp/contests/abc158/tasks/abc158_f
Dynamic-Programming,木DP,apc001_e,E. Antennas on Tree,2167,2000-2399,901,https://atcoder.jp/contests/apc001/tasks/apc001_e
Dynamic-Programming,木DP,abc149_f,F. Surrounded Nodes,2208,2000-2399,1812,https://atcoder.jp/contests/abc149/tasks/abc149_f
Dynamic-Programming,木DP,arc116_e,E. Spread of Information,2236,2000-2399,1312,https://atcoder.jp/contests/arc116/tasks/arc116_e
Dynamic-Programming,木DP,discovery_2016_final_c,C. 特別講演「括弧列と塗り分け」,2266,2000-2399,231,https://atcoder.jp/contests/discovery2016-final/tasks/discovery_2016_final_c
Dynamic-Programming,木DP,arc083_c,E. Bichrome Tree,2289,2000-2399,1588,https://atcoder.jp/contests/arc083/tasks/arc083_c
Dynamic-Programming,木DP,agc004_d,D. Teleporter,2346,2000-2399,2433,https://atcoder.jp/contests/agc004/tasks/agc004_d
Dynamic-Programming,木DP,agc010_c,C. Cleaning,2346,2000-2399,1824,https://atcoder.jp/contests/agc010/tasks/agc010_c
Dynamic-Programming,木DP,abc207_f,F. Tree Patrolling,2398,2000-2399,1300,https://atcoder.jp/contests/abc207/tasks/abc207_f
Dynamic-Programming,木DP,arc029_4,D. 高橋君と木のおもちゃ,2438,2400-2799,266,https://atcoder.jp/contests/arc029/tasks/arc029_4
Dynamic-Programming,木DP,abc163_f,F. path pass i,2470,2400-2799,1437,https://atcoder.jp/contests/abc163/tasks/abc163_f
Dynamic-Programming,木DP,arc086_c,E. Smuggling Marbles,2815,2800-3199,868,https://atcoder.jp/contests/arc086/tasks/arc086_c
Dynamic-Programming,木DP,arc101_c,E. Ribbons on Tree,2913,2800-3199,1804,https://atcoder.jp/contests/arc101/tasks/arc101_c
Dynamic-Programming,木DP,arc121_f,F. Logical Operations on Tree,2940,2800-3199,639,https://atcoder.jp/contests/arc121/tasks/arc121_f
Dynamic-Programming,木DP,arc097_d,F. Monochrome Cat,2948,2800-3199,763,https://atcoder.jp/contests/arc097/tasks/arc097_d
Dynamic-Programming,木DP,arc088_d,F. Christmas Tree,2983,2800-3199,454,https://atcoder.jp/contests/arc088/tasks/arc088_d
Dynamic-Programming,木DP,tenka1_2012_qualA_4,D. アリの巣,3239,3200-3599,25,https://atcoder.jp/contests/tenka1-2012-qualA/tasks/tenka1_2012_qualA_4
Dynamic-Programming,木DP,agc009_d,D. Uninity,3404,3200-3599,1044,https://atcoder.jp/contests/agc009/tasks/agc009_d
Dynamic-Programming,木DP,dp_p,P. Independent Set,,unknown,15702,https://atcoder.jp/contests/dp/tasks/dp_p
Dynamic-Programming,木DP,dp_v,V. Subtree,,unknown,5894,https://atcoder.jp/contests/dp/tasks/dp_v
Dynamic-Programming,木DP,typical90_bu,073. We Need Both a and b（★5）,,unknown,1809,https://atcoder.jp/contests/typical90/tasks/typical90_bu
Dynamic-Programming,木DP,joi2007ho_e,E. 最軽量のモビール,,unknown,606,https://atcoder.jp/contests/joi2007ho/tasks/joi2007ho_e
Dynamic-Programming,木DP,joisc2008_committee,committee. 委員会 (Committee),,unknown,549,https://atcoder.jp/contests/joisc2008/tasks/joisc2008_committee
Dynamic-Programming,木DP,joisc2009_distribution,distribution. 冊子の配布 (Distribution),,unknown,333,https://atcoder.jp/contests/joisc2009/tasks/joisc2009_distribution
Dynamic-Programming,木DP,ttpc2019_m,M. Inversion Numbers of Tree,,unknown,190,https://atcoder.jp/contests/ttpc2019/tasks/ttpc2019_m
Dynamic-Programming,木DP,cpsco2019_s2_e,E. Mogu Mogu Gummi,,unknown,137,https://atcoder.jp/contests/cpsco2019-s2/tasks/cpsco2019_s2_e
Dynamic-Programming,木DP,indeednow_2015_finala_d,D. Longest Path,,unknown,76,https://atcoder.jp/contests/indeednow-finala-open/tasks/indeednow_2015_finala_d
Dynamic-Programming,桁DP,abc208_a,A. Rolling Dice,-662,<0,16960,https://atcoder.jp/contests/abc208/tasks/abc208_a
Dynamic-Programming,桁DP,agc021_a,A. Digit Sum 2,396,0-399,6909,https://atcoder.jp/contests/agc021/tasks/agc021_a
Dynamic-Programming,桁DP,abc121_d,D. XOR World,1164,800-1199,8119,https://atcoder.jp/contests/abc121/tasks/abc121_d
Dynamic-Programming,桁DP,abc154_e,E. Almost Everywhere Zero,1298,1200-1599,6193,https://atcoder.jp/contests/abc154/tasks/abc154_e
Dynamic-Programming,桁DP,abc135_d,D. Digits Parade,1334,1200-1599,6912,https://atcoder.jp/contests/abc135/tasks/abc135_d
Dynamic-Programming,桁DP,abc242_e,E. (∀x∀),1365,1200-1599,4514,https://atcoder.jp/contests/abc242/tasks/abc242_e
Dynamic-Programming,桁DP,abc029_d,D. 1,1393,1200-1599,3363,https://atcoder.jp/contests/abc029/tasks/abc029_d
Dynamic-Programming,桁DP,abc117_d,D. XXOR,1423,1200-1599,5459,https://atcoder.jp/contests/abc117/tasks/abc117_d
Dynamic-Programming,桁DP,abc336_e,E. Digit Sum Divisible,1538,1200-1599,3838,https://atcoder.jp/contests/abc336/tasks/abc336_e
Dynamic-Programming,桁DP,abc129_e,E. Sum Equals Xor,1547,1200-1599,4806,https://atcoder.jp/contests/abc129/tasks/abc129_e
Dynamic-Programming,桁DP,abc007_4,D. 禁止された数字,1718,1600-1999,3056,https://atcoder.jp/contests/abc007/tasks/abc007_4
Dynamic-Programming,桁DP,arc123_c,"C. 1, 2, 3 - Decomposition",1827,1600-1999,1876,https://atcoder.jp/contests/arc123/tasks/arc123_c
Dynamic-Programming,桁DP,code_festival_qualA_d,D. 壊れた電卓,1896,1600-1999,743,https://atcoder.jp/contests/code-festival-2014-quala/tasks/code_festival_qualA_d
Dynamic-Programming,桁DP,code_formula_2014_qualB_d,D. お釣りの嫌いな高橋君,1939,1600-1999,456,https://atcoder.jp/contests/code-formula-2014-qualb/tasks/code_formula_2014_qualB_d
Dynamic-Programming,桁DP,abc208_e,E. Digit Products,2024,2000-2399,2231,https://atcoder.jp/contests/abc208/tasks/abc208_e
Dynamic-Programming,桁DP,abc317_f,F. Nim,2072,2000-2399,1662,https://atcoder.jp/contests/abc317/tasks/abc317_f
Dynamic-Programming,桁DP,abc182_f,F. Valid payments,2121,2000-2399,1429,https://atcoder.jp/contests/abc182/tasks/abc182_f
Dynamic-Programming,桁DP,abc235_f,F. Variety of Digits,2129,2000-2399,1643,https://atcoder.jp/contests/abc235/tasks/abc235_f
Dynamic-Programming,桁DP,abc194_f,F. Digits Paradise in Hexadecimal,2197,2000-2399,1375,https://atcoder.jp/contests/abc194/tasks/abc194_f
Dynamic-Programming,桁DP,arc052_d,D. 9,2436,2400-2799,496,https://atcoder.jp/contests/arc052/tasks/arc052_d
Dynamic-Programming,桁DP,arc005_4,D. 連射王高橋君,2487,2400-2799,169,https://atcoder.jp/contests/arc005/tasks/arc005_4
Dynamic-Programming,桁DP,agc015_d,D. A or...or B Problem,2655,2400-2799,1444,https://atcoder.jp/contests/agc015/tasks/agc015_d
Dynamic-Programming,桁DP,dp_s,S. Digit Sum,,unknown,11433,https://atcoder.jp/contests/dp/tasks/dp_s
Dynamic-Programming,桁DP,iroha2019_day1_h,H. ちらし寿司,,unknown,864,https://atcoder.jp/contests/iroha2019-day1/tasks/iroha2019_day1_h
Dynamic-Programming,桁DP,wtf19_c2,C2. Triangular Lamps Hard,,unknown,184,https://atcoder.jp/contests/wtf19-open/tasks/wtf19_c2
Dynamic-Programming,桁DP,donuts_live2014_2,B. 7th,,unknown,180,https://atcoder.jp/contests/donuts-live2014/tasks/donuts_live2014_2
Dynamic-Programming,桁DP,ttpc2015_f,F. レシート,,unknown,172,https://atcoder.jp/contests/ttpc2015/tasks/ttpc2015_f
Dynamic-Programming,確率DP,abc360_e,E. Random Swaps of Balls,1249,1200-1599,3901,https://atcoder.jp/contests/abc360/tasks/abc360_e
Dynamic-Programming,確率DP,abc275_e,E. Sugoroku 4,1264,1200-1599,4269,https://atcoder.jp/contests/abc275/tasks/abc275_e
Dynamic-Programming,確率DP,abc323_e,E. Playlist,1279,1200-1599,4602,https://atcoder.jp/contests/abc323/tasks/abc323_e
Dynamic-Programming,確率DP,abc310_f,F. Make 10 Again,1938,1600-1999,2057,https://atcoder.jp/contests/abc310/tasks/abc310_f
Dynamic-Programming,確率DP,abc243_f,F. Lottery,2125,2000-2399,1764,https://atcoder.jp/contests/abc243/tasks/abc243_f
Dynamic-Programming,確率DP,agc050_d,D. Shopping,2674,2400-2799,441,https://atcoder.jp/contests/agc050/tasks/agc050_d
Dynamic-Programming,確率DP,arc055_b,B. せんべい,2675,2400-2799,421,https://atcoder.jp/contests/arc055/tasks/arc055_b
Dynamic-Programming,確率DP,agc030_d,D. Inversion Sum,2712,2400-2799,1702,https://atcoder.jp/contests/agc030/tasks/agc030_d
Dynamic-Programming,確率DP,dp_i,I. Coins,,unknown,31768,https://atcoder.jp/contests/dp/tasks/dp_i
Dynamic-Programming,確率DP,tdpc_dice,D. サイコロ,,unknown,2534,https://atcoder.jp/contests/tdpc/tasks/tdpc_dice
Dynamic-Programming,確率DP,tdpc_tournament,C. トーナメント,,unknown,1760,https://atcoder.jp/contests/tdpc/tasks/tdpc_tournament
Dynamic-Programming,確率DP,tenka1_2016_qualB_c,C. 天下一プログラマーコンテスト1999,,unknown,180,https://atcoder.jp/contests/tenka1-2016-qualb/tasks/tenka1_2016_qualB_c
Dynamic-Programming,確率DP,wtf19_e,E. e,,unknown,95,https://atcoder.jp/contests/wtf19-open/tasks/wtf19_e
Dynamic-Programming,行列累乗,code_festival_morning_med_c,C. eject,1983,1600-1999,634,https://atcoder.jp/contests/code-festival-2014-morning-middle/tasks/code_festival_morning_med_c
Dynamic-Programming,行列累乗,abc305_g,G. Banned Substrings,1989,1600-1999,1437,https://atcoder.jp/contests/abc305/tasks/abc305_g
Dynamic-Programming,行列累乗,abc204_f,F. Hanjo 2,2044,2000-2399,1435,https://atcoder.jp/contests/abc204/tasks/abc204_f
Dynamic-Programming,行列累乗,abc199_f,F. Graph Smoothing,2065,2000-2399,1492,https://atcoder.jp/contests/abc199/tasks/abc199_f
Dynamic-Programming,行列累乗,abc009_4,D. 漸化式,2213,2000-2399,1406,https://atcoder.jp/contests/abc009/tasks/abc009_4
Dynamic-Programming,行列累乗,abc256_g,G. Black and White Stones,2250,2000-2399,1035,https://atcoder.jp/contests/abc256/tasks/abc256_g
Dynamic-Programming,行列累乗,abc129_f,F. Takahashi's Basics in Education and Learning,2621,2400-2799,1207,https://atcoder.jp/contests/abc129/tasks/abc129_f
Dynamic-Programming,行列累乗,abc212_h,H. Nim Counting,2741,2400-2799,871,https://atcoder.jp/contests/abc212/tasks/abc212_h
Dynamic-Programming,行列累乗,arc025_4,D. コンセント,2863,2800-3199,76,https://atcoder.jp/contests/arc025/tasks/arc025_4
Dynamic-Programming,行列累乗,dp_r,R. Walk,,unknown,8074,https://atcoder.jp/contests/dp/tasks/dp_r
Dynamic-Programming,行列累乗,ddcc2020_final_b,B. Hawker on Graph,,unknown,107,https://atcoder.jp/contests/ddcc2020-final/tasks/ddcc2020_final_b
Flow-Algorithms,二部マッチング,arc092_a,C. 2D Plane 2N Points,1268,1200-1599,6932,https://atcoder.jp/contests/abc091/tasks/arc092_a
Flow-Algorithms,二部マッチング,tenka1_2015_qualA_c,C. 天下一美術館,2078,2000-2399,469,https://atcoder.jp/contests/tenka1-2015-quala/tasks/tenka1_2015_qualA_c
Flow-Algorithms,二部マッチング,arc013_4,D. 切り分けできるかな？,2535,2400-2799,270,https://atcoder.jp/contests/arc013/tasks/arc013_4
Flow-Algorithms,二部マッチング,abc285_g,G. Tatami,2566,2400-2799,627,https://atcoder.jp/contests/abc285/tasks/abc285_g
Flow-Algorithms,二部マッチング,tenka1_2012_8,D. 大爆発,2830,2800-3199,44,https://atcoder.jp/contests/tenka1-2012-qualB/tasks/tenka1_2012_8
Flow-Algorithms,二部マッチング,arc080_d,F. Prime Flip,3078,2800-3199,1039,https://atcoder.jp/contests/arc080/tasks/arc080_d
Flow-Algorithms,二部マッチング,practice2_d,D. Maxflow,,unknown,1530,https://atcoder.jp/contests/practice2/tasks/practice2_d
Flow-Algorithms,二部マッチング,soundhound2018_c,C. 広告,,unknown,780,https://atcoder.jp/contests/soundhound2018/tasks/soundhound2018_c
Flow-Algorithms,二部マッチング,typical90_by,077. Planes on a 2D Plane（★7）,,unknown,712,https://atcoder.jp/contests/typical90/tasks/typical90_by
Flow-Algorithms,二部マッチング,maximum_cup_2018_h,H. Maxmin Tour,,unknown,143,https://atcoder.jp/contests/maximum-cup-2018/tasks/maximum_cup_2018_h
Flow-Algorithms,二部マッチング,xmascon19_g,G. Stamps 2,,unknown,63,https://atcoder.jp/contests/xmascon19/tasks/xmascon19_g
Flow-Algorithms,二部マッチング,icpc2014spring_c,C. Decoding Ancient Messages,,unknown,43,https://atcoder.jp/contests/JAG2014Spring/tasks/icpc2014spring_c
Flow-Algorithms,二部マッチング,icpc2013summer_warmingUp_c,C. Containers,,unknown,16,https://atcoder.jp/contests/jag2013summer-warmingup/tasks/icpc2013summer_warmingUp_c
Flow-Algorithms,最大流問題,abc205_f,F. Grid and Tokens,2088,2000-2399,1652,https://atcoder.jp/contests/abc205/tasks/abc205_f
Flow-Algorithms,最大流問題,abc318_g,G. Typical Path Problem,2260,2000-2399,1602,https://atcoder.jp/contests/abc318/tasks/abc318_g
Flow-Algorithms,最大流問題,abc326_g,G. Unlock Achievement,2470,2400-2799,937,https://atcoder.jp/contests/abc326/tasks/abc326_g
Flow-Algorithms,最大流問題,arc013_4,D. 切り分けできるかな？,2535,2400-2799,270,https://atcoder.jp/contests/arc013/tasks/arc013_4
Flow-Algorithms,最大流問題,arc031_4,D. 買い物上手,2825,2800-3199,173,https://atcoder.jp/contests/arc031/tasks/arc031_4
Flow-Algorithms,最大流問題,practice2_d,D. Maxflow,,unknown,1530,https://atcoder.jp/contests/practice2/tasks/practice2_d
Flow-Algorithms,最大流問題,qupc2014_h,H. お風呂は気持ちいい,,unknown,252,https://atcoder.jp/contests/qupc2014/tasks/qupc2014_h
Flow-Algorithms,最小カット,abc010_4,D. 浮気予防,1777,1600-1999,2093,https://atcoder.jp/contests/abc010/tasks/abc010_4
Flow-Algorithms,最小カット,tenka1_2015_qualA_c,C. 天下一美術館,2078,2000-2399,469,https://atcoder.jp/contests/tenka1-2015-quala/tasks/tenka1_2015_qualA_c
Flow-Algorithms,最小カット,arc074_d,F. Lotus Leaves,2208,2000-2399,1717,https://atcoder.jp/contests/arc074/tasks/arc074_d
Flow-Algorithms,最小カット,abc193_f,F. Zebraness,2475,2400-2799,1207,https://atcoder.jp/contests/abc193/tasks/abc193_f
Flow-Algorithms,最小カット,arc085_c,E. MUL,2571,2400-2799,1719,https://atcoder.jp/contests/arc085/tasks/arc085_c
Flow-Algorithms,最小カット,kupc2016_e,E. Fences,,unknown,298,https://atcoder.jp/contests/kupc2016/tasks/kupc2016_e
Flow-Algorithms,最小カット,wupc2019_f,F. RPG,,unknown,112,https://atcoder.jp/contests/wupc2019/tasks/wupc2019_f
Flow-Algorithms,最小カット,kupc2019_h,H. 123パズル,,unknown,53,https://atcoder.jp/contests/kupc2019/tasks/kupc2019_h
Flow-Algorithms,最小費用流問題,abc004_4,D. マーブル,1861,1600-1999,1735,https://atcoder.jp/contests/abc004/tasks/abc004_4
Flow-Algorithms,最小費用流問題,acl1_c,C. Moving Pieces,1983,1600-1999,939,https://atcoder.jp/contests/acl1/tasks/acl1_c
Flow-Algorithms,最小費用流問題,abc247_g,G. Dream Team,2159,2000-2399,1217,https://atcoder.jp/contests/abc247/tasks/abc247_g
Flow-Algorithms,最小費用流問題,abc231_h,H. Minimum Coloring,2681,2400-2799,498,https://atcoder.jp/contests/abc231/tasks/abc231_h
Flow-Algorithms,最小費用流問題,abc214_h,H. Collecting,3138,2800-3199,469,https://atcoder.jp/contests/abc214/tasks/abc214_h
Flow-Algorithms,最小費用流問題,practice2_e,E. MinCostFlow,,unknown,1084,https://atcoder.jp/contests/practice2/tasks/practice2_e
Flow-Algorithms,最小費用流問題,past202005_o,O. Quoits,,unknown,303,https://atcoder.jp/contests/past202005-open/tasks/past202005_o
Flow-Algorithms,最小費用流問題,past202109_k,K. Happy Wedding!,,unknown,298,https://atcoder.jp/contests/past202109-open/tasks/past202109_k
Flow-Algorithms,最小費用流問題,past202107_m,M. Divide,,unknown,227,https://atcoder.jp/contests/past202107-open/tasks/past202107_m
Flow-Algorithms,最小費用流問題,s8pc_3_d,D. Souvenirs,,unknown,150,https://atcoder.jp/contests/s8pc-3/tasks/s8pc_3_d
Flow-Algorithms,最小費用流問題,maximum_2013_f,F. 3人の騎士と1匹の犬,,unknown,79,https://atcoder.jp/contests/maximum-cup-2013/tasks/maximum_2013_f
Flow-Algorithms,燃やす埋める,abc259_g,G. Grid Card Game,2428,2400-2799,878,https://atcoder.jp/contests/abc259/tasks/abc259_g
Flow-Algorithms,燃やす埋める,abc326_g,G. Unlock Achievement,2470,2400-2799,937,https://atcoder.jp/contests/abc326/tasks/abc326_g
Flow-Algorithms,燃やす埋める,abc193_f,F. Zebraness,2475,2400-2799,1207,https://atcoder.jp/contests/abc193/tasks/abc193_f
Flow-Algorithms,燃やす埋める,arc085_c,E. MUL,2571,2400-2799,1719,https://atcoder.jp/contests/arc085/tasks/arc085_c
Flow-Algorithms,燃やす埋める,typical90_an,040. Get More Money（★7）,,unknown,1021,https://atcoder.jp/contests/typical90/tasks/typical90_an
Flow-Algorithms,燃やす埋める,xmascon19_g,G. Stamps 2,,unknown,63,https://atcoder.jp/contests/xmascon19/tasks/xmascon19_g
Game,Grundy数,arc038_b,B. マス目と駒,1378,1200-1599,1633,https://atcoder.jp/contests/arc038/tasks/arc038_b
Game,Grundy数,abc297_g,G. Constrained Nim 2,1834,1600-1999,2075,https://atcoder.jp/contests/abc297/tasks/abc297_g
Game,Grundy数,agc017_d,D. Game on Tree,2156,2000-2399,2683,https://atcoder.jp/contests/agc017/tasks/agc017_d
Game,Grundy数,abc206_f,F. Interval Game 2,2221,2000-2399,1349,https://atcoder.jp/contests/abc206/tasks/abc206_f
Game,Grundy数,arc091_d,F. Strange Nim,2395,2000-2399,1358,https://atcoder.jp/contests/arc091/tasks/arc091_d
Game,Grundy数,arc087_c,E. Prefix-free Game,2431,2400-2799,1079,https://atcoder.jp/contests/arc087/tasks/arc087_c
Game,Grundy数,arc038_c,C. 茶碗と豆,2531,2400-2799,426,https://atcoder.jp/contests/arc038/tasks/arc038_c
Game,Grundy数,arc079_d,F. Namori Grundy,2636,2400-2799,863,https://atcoder.jp/contests/arc079/tasks/arc079_d
Game,Grundy数,agc043_c,C. Giant Graph,2872,2800-3199,1023,https://atcoder.jp/contests/agc043/tasks/agc043_c
Game,Grundy数,typical90_ae,031. VS AtCoder（★6）,,unknown,1819,https://atcoder.jp/contests/typical90/tasks/typical90_ae
Game,Grundy数,ttpc2019_d,D. 素数取りゲーム,,unknown,502,https://atcoder.jp/contests/ttpc2019/tasks/ttpc2019_d
Game,Grundy数,xmascon19_k,K. Set of Trees,,unknown,14,https://atcoder.jp/contests/xmascon19/tasks/xmascon19_k
Game,Nim,arc046_b,B. 石取り大作戦,1260,1200-1599,1924,https://atcoder.jp/contests/arc046/tasks/arc046_b
Game,Nim,agc033_c,C. Removing Coins,1758,1600-1999,2472,https://atcoder.jp/contests/agc033/tasks/agc033_c
Game,Nim,arc013_3,C. 笑いをとれるかな？,1831,1600-1999,1042,https://atcoder.jp/contests/arc013/tasks/arc013_3
Game,Nim,ddcc2020_final_a,A. Div/de,,unknown,727,https://atcoder.jp/contests/ddcc2020-final/tasks/ddcc2020_final_a
Game,Nim,cf16_exhibition_final_c,C. Cheating Nim,,unknown,709,https://atcoder.jp/contests/cf16-exhibition-final/tasks/cf16_exhibition_final_c
Game,その他,arc028_1,A. 小石を取るゲーム,203,0-399,2730,https://atcoder.jp/contests/arc028/tasks/arc028_1
Game,その他,abc031_c,C. 数列ゲーム,1106,800-1199,3704,https://atcoder.jp/contests/abc031/tasks/abc031_c
Game,その他,abc027_c,C. 倍々ゲーム,1539,1200-1599,2782,https://atcoder.jp/contests/abc027/tasks/abc027_c
Game,その他,arc085_b,D. ABS,1550,1200-1599,4317,https://atcoder.jp/contests/abc078/tasks/arc085_b
Game,その他,abc195_e,E. Lucky 7 Battle,1609,1600-1999,3470,https://atcoder.jp/contests/abc195/tasks/abc195_e
Game,その他,arc137_c,C. Distinct Numbers,2043,2000-2399,1872,https://atcoder.jp/contests/arc137/tasks/arc137_c
Game,その他,agc048_d,D. Pocky Game,3046,2800-3199,790,https://atcoder.jp/contests/agc048/tasks/agc048_d
Game,その他,abc229_h,H. Advance or Eat,3308,3200-3599,172,https://atcoder.jp/contests/abc229/tasks/abc229_h
Game,ミニマックス法,abc270_d,D. Stones,1300,1200-1599,5933,https://atcoder.jp/contests/abc270/tasks/abc270_d
Game,ミニマックス法,abc201_d,D. Game in Momotetsu World,1317,1200-1599,5406,https://atcoder.jp/contests/abc201/tasks/abc201_d
Game,ミニマックス法,abc278_f,F. Shiritori,1452,1200-1599,3409,https://atcoder.jp/contests/abc278/tasks/abc278_f
Game,ミニマックス法,abc349_e,E. Weighted Tic-Tac-Toe,1464,1200-1599,3863,https://atcoder.jp/contests/abc349/tasks/abc349_e
Game,ミニマックス法,arc085_b,D. ABS,1550,1200-1599,4317,https://atcoder.jp/contests/abc078/tasks/arc085_b
Game,ミニマックス法,abc025_c,C. 双子と○×ゲーム,1640,1600-1999,2110,https://atcoder.jp/contests/abc025/tasks/abc025_c
Game,ミニマックス法,arc112_c,C. DFS Game,1913,1600-1999,1903,https://atcoder.jp/contests/arc112/tasks/arc112_c
Game,ミニマックス法,abc218_g,G. Game on Tree 2,2217,2000-2399,1454,https://atcoder.jp/contests/abc218/tasks/abc218_g
Game,ミニマックス法,tdpc_game,B. ゲーム,,unknown,2741,https://atcoder.jp/contests/tdpc/tasks/tdpc_game
Game,後退解析,agc033_b,B. LRUD Game,1384,1200-1599,2599,https://atcoder.jp/contests/agc033/tasks/agc033_b
Game,後退解析,abc209_e,E. Shiritori,2153,2000-2399,2254,https://atcoder.jp/contests/abc209/tasks/abc209_e
Game,後退解析,arc038_d,D. 有向グラフと数,3009,2800-3199,221,https://atcoder.jp/contests/arc038/tasks/arc038_d
Game,後退解析,nikkei2019ex_h,H. 8^kゲーム,,unknown,431,https://atcoder.jp/contests/nikkei2019-ex/tasks/nikkei2019ex_h
Game,特殊な性質,caddi2018_b,D. Harlequin,1106,800-1199,4361,https://atcoder.jp/contests/caddi2018b/tasks/caddi2018_b
Game,特殊な性質,arc131_c,C. Zero XOR,1162,800-1199,2584,https://atcoder.jp/contests/arc131/tasks/arc131_c
Game,特殊な性質,arc046_b,B. 石取り大作戦,1260,1200-1599,1924,https://atcoder.jp/contests/arc046/tasks/arc046_b
Game,特殊な性質,abc027_c,C. 倍々ゲーム,1539,1200-1599,2782,https://atcoder.jp/contests/abc027/tasks/abc027_c
Game,特殊な性質,arc072_b,D. Alice&Brown,1749,1600-1999,3861,https://atcoder.jp/contests/abc059/tasks/arc072_b
Game,特殊な性質,agc033_c,C. Removing Coins,1758,1600-1999,2472,https://atcoder.jp/contests/agc033/tasks/agc033_c
Game,特殊な性質,arc064_b,D. An Ordinary Game,1814,1600-1999,4079,https://atcoder.jp/contests/abc048/tasks/arc064_b
Game,特殊な性質,arc094_c,E. Tozan and Gezan,1843,1600-1999,1998,https://atcoder.jp/contests/arc094/tasks/arc094_c
Game,特殊な性質,arc105_d,D. Let's Play Nim,1871,1600-1999,1899,https://atcoder.jp/contests/arc105/tasks/arc105_d
Game,特殊な性質,arc112_c,C. DFS Game,1913,1600-1999,1903,https://atcoder.jp/contests/arc112/tasks/arc112_c
Game,特殊な性質,agc029_d,D. Grid game,2033,2000-2399,1418,https://atcoder.jp/contests/agc029/tasks/agc029_d
Game,特殊な性質,agc014_d,D. Black and White Tree,2266,2000-2399,1853,https://atcoder.jp/contests/agc014/tasks/agc014_d
Game,特殊な性質,arc105_e,E. Keep Graph Disconnected,2615,2400-2799,1079,https://atcoder.jp/contests/arc105/tasks/arc105_e
Game,特殊な性質,arc002_4,D. ボードゲーム,2728,2400-2799,204,https://atcoder.jp/contests/arc002/tasks/arc002_4
Game,特殊な性質,agc010_d,D. Decrementing,2795,2400-2799,1542,https://atcoder.jp/contests/agc010/tasks/agc010_d
Game,特殊な性質,agc002_e,E. Candy Piles,2889,2800-3199,2486,https://atcoder.jp/contests/agc002/tasks/agc002_e
Game,特殊な性質,yuha_c88_b,B. ハヌマーンの試練,,unknown,595,https://atcoder.jp/contests/yuha-c88/tasks/yuha_c88_b
Game,特殊な性質,kupc2012_2,B. 簡易オセロ,,unknown,455,https://atcoder.jp/contests/kupc2012/tasks/kupc2012_2
Game,特殊な性質,nikkei2019ex_h,H. 8^kゲーム,,unknown,431,https://atcoder.jp/contests/nikkei2019-ex/tasks/nikkei2019ex_h
Game,特殊な性質,code_thanks_festival_2015_f,F. お祭りとお菓子,,unknown,219,https://atcoder.jp/contests/code-thanks-festival-2015-open/tasks/code_thanks_festival_2015_f
Geometry,ボロノイ図,arc011_4,D. きつねさんからの挑戦状,2808,2800-3199,85,https://atcoder.jp/contests/arc011/tasks/arc011_4
Geometry,ボロノイ図,APG4b_aj,AJ. 4.05.ポインタ,,unknown,,https://atcoder.jp/contests/APG4b/tasks/APG4b_aj
Geometry,三次元,arc052_b,B. 円錐,1278,1200-1599,1665,https://atcoder.jp/contests/arc052/tasks/arc052_b
Geometry,三次元,mujin_pc_2016_e,E. Hexagon,3102,2800-3199,30,https://atcoder.jp/contests/mujin-pc-2016/tasks/mujin_pc_2016_e
Geometry,三次元,icpc2013spring_h,H. Rings,,unknown,25,https://atcoder.jp/contests/JAG2013Spring/tasks/icpc2013spring_h
Geometry,偏角ソート,abc442_e,E. Laser Takahashi,1355,1200-1599,3414,https://atcoder.jp/contests/abc442/tasks/abc442_e
Geometry,偏角ソート,abc139_f,F. Engines,2034,2000-2399,2209,https://atcoder.jp/contests/abc139/tasks/abc139_f
Geometry,偏角ソート,abc033_d,D. 三角形の分類,2248,2000-2399,1024,https://atcoder.jp/contests/abc033/tasks/abc033_d
Geometry,偏角ソート,tenka1_2014_qualA_d,D. EMLauncher,2341,2000-2399,176,https://atcoder.jp/contests/tenka1-2014-quala/tasks/tenka1_2014_qualA_d
Geometry,偏角ソート,typical90_i,009. Three Point Angle（★6）,,unknown,2898,https://atcoder.jp/contests/typical90/tasks/typical90_i
Geometry,偏角ソート,relay2018_g,G. バス停と凸包,,unknown,36,https://atcoder.jp/contests/cf18-relay-open/tasks/relay2018_g
Geometry,凸包,abc022_c,C. Blue Bird,1505,1200-1599,2853,https://atcoder.jp/contests/abc022/tasks/abc022_c
Geometry,凸包,abc022_d,D. Big Bang,1857,1600-1999,1471,https://atcoder.jp/contests/abc022/tasks/abc022_d
Geometry,凸包,abc385_f,F. Visible Buildings,1905,1600-1999,2123,https://atcoder.jp/contests/abc385/tasks/abc385_f
Geometry,凸包,agc021_b,B. Holes,2130,2000-2399,1280,https://atcoder.jp/contests/agc021/tasks/agc021_b
Geometry,凸包,abc286_h,Ex. Don't Swim,2526,2400-2799,452,https://atcoder.jp/contests/abc286/tasks/abc286_h
Geometry,凸包,arc082_c,E. ConvexScore,2729,2400-2799,915,https://atcoder.jp/contests/arc082/tasks/arc082_c
Geometry,凸包,abc202_f,F. Integer Convex Hull,2905,2800-3199,352,https://atcoder.jp/contests/abc202/tasks/abc202_f
Geometry,凸包,typical90_ao,041. Piles in AtCoder Farm（★7）,,unknown,754,https://atcoder.jp/contests/typical90/tasks/typical90_ao
Geometry,凸包,arc001_4,D. レースゲーム,,unknown,178,https://atcoder.jp/contests/arc001/tasks/arc001_4
Geometry,凸包,qupc2014_g,G. 立ち入り禁止区域,,unknown,73,https://atcoder.jp/contests/qupc2014/tasks/qupc2014_g
Geometry,凸包,icpc2016autumn_g,G. Share the Ruins Preservation,,unknown,37,https://atcoder.jp/contests/jag2016autumn/tasks/icpc2016autumn_g
Geometry,凸包,arc022_4,D. スプリンクラー,,unknown,12,https://atcoder.jp/contests/arc022/tasks/arc022_4
Graph,HL分解,abc294_g,G. Distance Queries on a Tree,1702,1600-1999,3241,https://atcoder.jp/contests/abc294/tasks/abc294_g
Graph,HL分解,abc133_f,F. Colorful Tree,2330,2000-2399,2008,https://atcoder.jp/contests/abc133/tasks/abc133_f
Graph,HL分解,abc269_h,Ex. Antichain,3178,2800-3199,303,https://atcoder.jp/contests/abc269/tasks/abc269_h
Graph,HL分解,dp_g,G. Longest Path,,unknown,32521,https://atcoder.jp/contests/dp/tasks/dp_g
Graph,HL分解,past202010_m,M. 筆塗り,,unknown,520,https://atcoder.jp/contests/past202010-open/tasks/past202010_m
Graph,HL分解,past202004_o,O. Variable Spanning Trees,,unknown,469,https://atcoder.jp/contests/past202004-open/tasks/past202004_o
Graph,HL分解,iroha2019_day2_k,K. 虫取り,,unknown,103,https://atcoder.jp/contests/iroha2019-day2/tasks/iroha2019_day2_k
Graph,dfs木,abc229_a,A. First Grid,-721,<0,12716,https://atcoder.jp/contests/abc229/tasks/abc229_a
Graph,dfs木,abc215_c,C. One More aab aba baa,76,0-399,13308,https://atcoder.jp/contests/abc215/tasks/abc215_c
Graph,dfs木,abc320_d,D. Relative Position,873,800-1199,7486,https://atcoder.jp/contests/abc320/tasks/abc320_d
Graph,dfs木,abc138_d,D. Ki,920,800-1199,12076,https://atcoder.jp/contests/abc138/tasks/abc138_d
Graph,dfs木,abc284_e,E. Count Simple Paths,1043,800-1199,6862,https://atcoder.jp/contests/abc284/tasks/abc284_e
Graph,dfs木,abc075_c,C. Bridge,1067,800-1199,9385,https://atcoder.jp/contests/abc075/tasks/abc075_c
Graph,dfs木,abc146_d,D. Coloring Edges on Tree,1192,800-1199,6953,https://atcoder.jp/contests/abc146/tasks/abc146_d
Graph,dfs木,abc054_c,C. One-stroke Path,1244,1200-1599,10558,https://atcoder.jp/contests/abc054/tasks/abc054_c
Graph,dfs木,agc035_b,B. Even Degrees,2039,2000-2399,1794,https://atcoder.jp/contests/agc035/tasks/agc035_b
Graph,dfs木,abc306_g,G. Return to 1,2563,2400-2799,691,https://atcoder.jp/contests/abc306/tasks/abc306_g
Graph,dfs木,joi2007yo_f,F. 通学経路,,unknown,1496,https://atcoder.jp/contests/joi2007yo/tasks/joi2007yo_f
Graph,その他,abc061_b,B. Counting Roads,108,0-399,18168,https://atcoder.jp/contests/abc061/tasks/abc061_b
Graph,その他,abc282_d,D. Make Bipartite 2,1154,800-1199,5609,https://atcoder.jp/contests/abc282/tasks/abc282_d
Graph,その他,abc361_e,E. Tree and Hamilton Path 2,1213,1200-1599,5628,https://atcoder.jp/contests/abc361/tasks/abc361_e
Graph,その他,arc022_3,C. ロミオとジュリエット,1694,1600-1999,1398,https://atcoder.jp/contests/arc022/tasks/arc022_3
Graph,その他,abc280_f,F. Pay or Receive,1819,1600-1999,2375,https://atcoder.jp/contests/abc280/tasks/abc280_f
Graph,その他,code_festival_2017_qualb_c,C. 3 Steps,1883,1600-1999,2353,https://atcoder.jp/contests/code-festival-2017-qualb/tasks/code_festival_2017_qualb_c
Graph,その他,tenka1_2012_qualA_3,C. 敵対的引用,1996,1600-1999,347,https://atcoder.jp/contests/tenka1-2012-qualA/tasks/tenka1_2012_qualA_3
Graph,その他,abc286_g,G. Unique Walk,2135,2000-2399,1354,https://atcoder.jp/contests/abc286/tasks/abc286_g
Graph,その他,arc115_d,D. Odd Degree,2325,2000-2399,1039,https://atcoder.jp/contests/arc115/tasks/arc115_d
Graph,その他,abc364_g,G. Last Major City,2455,2400-2799,799,https://atcoder.jp/contests/abc364/tasks/abc364_g
Graph,その他,abc210_f,F. Coprime Solitaire,2632,2400-2799,863,https://atcoder.jp/contests/abc210/tasks/abc210_f
Graph,その他,abc155_f,F. Perils in Parallel,2738,2400-2799,1213,https://atcoder.jp/contests/abc155/tasks/abc155_f
Graph,その他,agc018_d,D. Tree and Hamilton Path,2757,2400-2799,1126,https://atcoder.jp/contests/agc018/tasks/agc018_d
Graph,その他,agc017_e,E. Jigsaw,3158,2800-3199,640,https://atcoder.jp/contests/agc017/tasks/agc017_e
Graph,その他,arc069_d,F. Flags,3200,3200-3599,1215,https://atcoder.jp/contests/arc069/tasks/arc069_d
Graph,その他,agc006_f,F. Blackout,3530,3200-3599,1107,https://atcoder.jp/contests/agc006/tasks/agc006_f
Graph,その他,typical90_c,003. Longest Circular Road（★4）,,unknown,9308,https://atcoder.jp/contests/typical90/tasks/typical90_c
Graph,その他,typical90_bz,078. Easy Graph Problem（★2）,,unknown,7660,https://atcoder.jp/contests/typical90/tasks/typical90_bz
Graph,その他,typical90_z,026. Independent Set on a Tree（★4）,,unknown,5806,https://atcoder.jp/contests/typical90/tasks/typical90_z
Graph,その他,agc001_c,C. Shorten Diameter,,unknown,2744,https://atcoder.jp/contests/agc001/tasks/agc001_c
Graph,その他,maximum_cup_2018_c,C. 嘘つきな天使たち,,unknown,680,https://atcoder.jp/contests/maximum-cup-2018/tasks/maximum_cup_2018_c
Graph,その他,past202104_g,G. One Step at a Time,,unknown,533,https://atcoder.jp/contests/past202104-open/tasks/past202104_g
Graph,その他,joi2012ho5,E. JOI 国のお祭り事情 (Festivals in JOI Kingdom),,unknown,233,https://atcoder.jp/contests/joi2012ho/tasks/joi2012ho5
Graph,その他,kupc2017_e,E. Treasure Hunt,,unknown,226,https://atcoder.jp/contests/kupc2017/tasks/kupc2017_e
Graph,その他,nyc2015_5,E. ひも,,unknown,100,https://atcoder.jp/contests/NYC2015/tasks/nyc2015_5
Graph,オイラーツアー,abc213_d,D. Takahashi Tour,710,400-799,10494,https://atcoder.jp/contests/abc213/tasks/abc213_d
Graph,オイラーツアー,abc202_e,E. Count Descendants,1638,1600-1999,4853,https://atcoder.jp/contests/abc202/tasks/abc202_e
Graph,オイラーツアー,abc294_g,G. Distance Queries on a Tree,1702,1600-1999,3241,https://atcoder.jp/contests/abc294/tasks/abc294_g
Graph,オイラーツアー,abc165_f,F. LIS on Tree,1843,1600-1999,3713,https://atcoder.jp/contests/abc165/tasks/abc165_f
Graph,オイラーツアー,abc133_f,F. Colorful Tree,2330,2000-2399,2008,https://atcoder.jp/contests/abc133/tasks/abc133_f
Graph,オイラーツアー,abc163_f,F. path pass i,2470,2400-2799,1437,https://atcoder.jp/contests/abc163/tasks/abc163_f
Graph,オイラーツアー,typical90_ai,035. Preserve Connectivity（★7）,,unknown,1009,https://atcoder.jp/contests/typical90/tasks/typical90_ai
Graph,オイラーツアー,ttpc2019_m,M. Inversion Numbers of Tree,,unknown,190,https://atcoder.jp/contests/ttpc2019/tasks/ttpc2019_m
Graph,オイラーツアー,utpc2013_09,I. 支配と友好,,unknown,68,https://atcoder.jp/contests/utpc2013/tasks/utpc2013_09
Graph,オイラーパス・ハミルトンパス,agc013_b,B. Hamiltonish Path,1763,1600-1999,2305,https://atcoder.jp/contests/agc013/tasks/agc013_b
Graph,オイラーパス・ハミルトンパス,agc032_c,C. Three Circuits,2284,2000-2399,1385,https://atcoder.jp/contests/agc032/tasks/agc032_c
Graph,オイラーパス・ハミルトンパス,discovery_2016_final_d,D. ディスコ社内ツアーⅡ,2652,2400-2799,56,https://atcoder.jp/contests/discovery2016-final/tasks/discovery_2016_final_d
Graph,オイラーパス・ハミルトンパス,agc017_e,E. Jigsaw,3158,2800-3199,640,https://atcoder.jp/contests/agc017/tasks/agc017_e
Graph,オイラーパス・ハミルトンパス,arc040_d,D. カクカク塗り,3166,2800-3199,83,https://atcoder.jp/contests/arc040/tasks/arc040_d
Graph,オイラーパス・ハミルトンパス,s8pc_6_e,E. 90-degree Rotations,,unknown,147,https://atcoder.jp/contests/s8pc-6/tasks/s8pc_6_e
Graph,トポロジカルソート,abc368_d,D. Minimum Steiner Tree,816,800-1199,8128,https://atcoder.jp/contests/abc368/tasks/abc368_d
Graph,トポロジカルソート,abc315_e,E. Prerequisites,921,800-1199,6559,https://atcoder.jp/contests/abc315/tasks/abc315_e
Graph,トポロジカルソート,abc223_d,D. Restricted Permutation,1069,800-1199,7004,https://atcoder.jp/contests/abc223/tasks/abc223_d
Graph,トポロジカルソート,abc291_e,E. Find Permutation,1069,800-1199,6174,https://atcoder.jp/contests/abc291/tasks/abc291_e
Graph,トポロジカルソート,abc245_f,F. Endless Walk,1451,1200-1599,4243,https://atcoder.jp/contests/abc245/tasks/abc245_f
Graph,トポロジカルソート,nikkei2019_qual_d,D. Restore the Tree,1541,1200-1599,2625,https://atcoder.jp/contests/nikkei2019-qual/tasks/nikkei2019_qual_d
Graph,トポロジカルソート,abc041_d,D. 徒競走,1670,1600-1999,2335,https://atcoder.jp/contests/abc041/tasks/abc041_d
Graph,トポロジカルソート,dp_g,G. Longest Path,,unknown,32521,https://atcoder.jp/contests/dp/tasks/dp_g
Graph,トポロジカルソート,typical90_bs,071. Fuzzy Priority（★7）,,unknown,625,https://atcoder.jp/contests/typical90/tasks/typical90_bs
Graph,トポロジカルソート,tenka1_2016_qualA_c,C. 山田山本問題,,unknown,444,https://atcoder.jp/contests/tenka1-2016-quala/tasks/tenka1_2016_qualA_c
Graph,トポロジカルソート,joisc2008_sheet,sheet. 色紙 (Sheet),,unknown,433,https://atcoder.jp/contests/joisc2008/tasks/joisc2008_sheet
Graph,トポロジカルソート,maximum_2013_h,H. さいたまの矛盾,,unknown,51,https://atcoder.jp/contests/maximum-cup-2013/tasks/maximum_2013_h
Graph,二重辺連結成分分解,arc039_d,D. 旅行会社高橋君,2550,2400-2799,331,https://atcoder.jp/contests/arc039/tasks/arc039_d
Graph,二重辺連結成分分解,tenka1_2015_qualA_d,D. ハシポン,2559,2400-2799,117,https://atcoder.jp/contests/tenka1-2015-quala/tasks/tenka1_2015_qualA_d
Graph,二重頂点連結成分分解,arc045_d,D. みんな仲良し高橋君,3039,2800-3199,193,https://atcoder.jp/contests/arc045/tasks/arc045_d
Graph,二重頂点連結成分分解,arc062_d,F. Painting Graphs with AtCoDeer,3175,2800-3199,578,https://atcoder.jp/contests/arc062/tasks/arc062_d
Graph,強連結成分分解,abc454_d,D. (xx),706,400-799,6979,https://atcoder.jp/contests/abc454/tasks/abc454_d
Graph,強連結成分分解,abc256_e,E. Takahashi's Anguish,1224,1200-1599,4722,https://atcoder.jp/contests/abc256/tasks/abc256_e
Graph,強連結成分分解,abc296_e,E. Transition Game,1285,1200-1599,4062,https://atcoder.jp/contests/abc296/tasks/abc296_e
Graph,強連結成分分解,abc357_e,E. Reachability in Functional Graph,1295,1200-1599,5040,https://atcoder.jp/contests/abc357/tasks/abc357_e
Graph,強連結成分分解,abc245_f,F. Endless Walk,1451,1200-1599,4243,https://atcoder.jp/contests/abc245/tasks/abc245_f
Graph,強連結成分分解,arc030_3,C. 有向グラフ,2180,2000-2399,517,https://atcoder.jp/contests/arc030/tasks/arc030_3
Graph,強連結成分分解,arc049_c,C. ぬりまーす,2308,2000-2399,355,https://atcoder.jp/contests/arc049/tasks/arc049_c
Graph,強連結成分分解,arc010_4,D. 情報伝播,2481,2400-2799,260,https://atcoder.jp/contests/arc010/tasks/arc010_4
Graph,強連結成分分解,discovery_2016_final_d,D. ディスコ社内ツアーⅡ,2652,2400-2799,56,https://atcoder.jp/contests/discovery2016-final/tasks/discovery_2016_final_d
Graph,強連結成分分解,tenka1_2014_qualA_e,E. パズルの移動,2750,2400-2799,85,https://atcoder.jp/contests/tenka1-2014-quala/tasks/tenka1_2014_qualA_e
Graph,強連結成分分解,typical90_u,021. Come Back in One Piece（★5）,,unknown,4170,https://atcoder.jp/contests/typical90/tasks/typical90_u
Graph,強連結成分分解,practice2_g,G. SCC,,unknown,1814,https://atcoder.jp/contests/practice2/tasks/practice2_g
Graph,強連結成分分解,practice2_h,H. Two SAT,,unknown,1107,https://atcoder.jp/contests/practice2/tasks/practice2_h
Graph,強連結成分分解,past202107_j,J. Never Ending Journey,,unknown,498,https://atcoder.jp/contests/past202107-open/tasks/past202107_j
Graph,強連結成分分解,joisc2009_advertisement,advertisement. 宣伝 (Advertisement),,unknown,394,https://atcoder.jp/contests/joisc2009/tasks/joisc2009_advertisement
Graph,最小全域木,abc218_e,E. Destruction,1004,800-1199,7034,https://atcoder.jp/contests/abc218/tasks/abc218_e
Graph,最小全域木,abc235_e,E. MST + 1,1304,1200-1599,5049,https://atcoder.jp/contests/abc235/tasks/abc235_e
Graph,最小全域木,abc282_e,E. Choose Two and Eat One,1604,1600-1999,4344,https://atcoder.jp/contests/abc282/tasks/abc282_e
Graph,最小全域木,arc076_b,D. Built?,1615,1600-1999,6494,https://atcoder.jp/contests/abc065/tasks/arc076_b
Graph,最小全域木,abc383_e,E. Sum of Max Matching,1616,1600-1999,3003,https://atcoder.jp/contests/abc383/tasks/abc383_e
Graph,最小全域木,abc210_e,E. Ring MST,1618,1600-1999,3111,https://atcoder.jp/contests/abc210/tasks/abc210_e
Graph,最小全域木,codefestival_2016_qualB_c,C. Gr-idian MST,1688,1600-1999,1852,https://atcoder.jp/contests/code-festival-2016-qualb/tasks/codefestival_2016_qualB_c
Graph,最小全域木,abc270_f,F. Transportation,1834,1600-1999,2663,https://atcoder.jp/contests/abc270/tasks/abc270_f
Graph,最小全域木,arc029_3,C. 高橋君と国家,1973,1600-1999,993,https://atcoder.jp/contests/arc029/tasks/arc029_3
Graph,最小全域木,arc026_4,D. 道を直すお仕事,2297,2000-2399,1921,https://atcoder.jp/contests/arc026/tasks/arc026_4
Graph,最小全域木,keyence2019_e,E. Connecting Cities,2623,2400-2799,888,https://atcoder.jp/contests/keyence2019/tasks/keyence2019_e
Graph,最小全域木,arc018_4,D. 僕は友達が少ない,2644,2400-2799,158,https://atcoder.jp/contests/arc018/tasks/arc018_4
Graph,最小全域木,arc009_4,D. 覚醒ノ高橋君,2801,2800-3199,111,https://atcoder.jp/contests/arc009/tasks/arc009_4
Graph,最小全域木,arc057_d,D. 全域木,3019,2800-3199,176,https://atcoder.jp/contests/arc057/tasks/arc057_d
Graph,最小全域木,codefestival_2016_final_g,G. Zigzag MST,3072,2800-3199,452,https://atcoder.jp/contests/cf16-final/tasks/codefestival_2016_final_g
Graph,最小全域木,arc021_4,D. だいたい最小全域木,3152,2800-3199,72,https://atcoder.jp/contests/arc021/tasks/arc021_4
Graph,最小全域木,joisc2010_finals,finals. 本選会場 (Finals),,unknown,1579,https://atcoder.jp/contests/joisc2010/tasks/joisc2010_finals
Graph,最小全域木,typical90_aw,049. Flip Digits 2（★6）,,unknown,1411,https://atcoder.jp/contests/typical90/tasks/typical90_aw
Graph,最小全域木,past201912_l,L. Gradation,,unknown,1063,https://atcoder.jp/contests/past201912-open/tasks/past201912_l
Graph,最小全域木,indeednow_2015_finalb_d,D. Game on a Grid,,unknown,421,https://atcoder.jp/contests/indeednow-finalb-open/tasks/indeednow_2015_finalb_d
Graph,最小全域木,past202104_l,L. Urban Planning,,unknown,383,https://atcoder.jp/contests/past202104-open/tasks/past202104_l
Graph,最小全域木,icpc2012autumn_c,C. Median Tree,,unknown,316,https://atcoder.jp/contests/jag2012autumn/tasks/icpc2012autumn_c
Graph,最小全域木,asaporo_c,A. Graph,,unknown,236,https://atcoder.jp/contests/cf16-tournament-round1-open/tasks/asaporo_c
Graph,最小全域木,cpsco2019_s2_g,G. MSTX,,unknown,78,https://atcoder.jp/contests/cpsco2019-s2/tasks/cpsco2019_s2_g
Graph,最小共通祖先,abc270_c,C. Simple path,625,400-799,8900,https://atcoder.jp/contests/abc270/tasks/abc270_c
Graph,最小共通祖先,abc209_d,D. Collision,686,400-799,8917,https://atcoder.jp/contests/abc209/tasks/abc209_d
Graph,最小共通祖先,abc309_e,E. Family and Insurance,957,800-1199,6389,https://atcoder.jp/contests/abc309/tasks/abc309_e
Graph,最小共通祖先,abc126_d,D. Even Relation,1279,1200-1599,9531,https://atcoder.jp/contests/abc126/tasks/abc126_d
Graph,最小共通祖先,abc014_4,D. 閉路,1856,1600-1999,2642,https://atcoder.jp/contests/abc014/tasks/abc014_4
Graph,最小共通祖先,abc267_f,F. Exactly K Steps,1939,1600-1999,2965,https://atcoder.jp/contests/abc267/tasks/abc267_f
Graph,最小共通祖先,abc133_f,F. Colorful Tree,2330,2000-2399,2008,https://atcoder.jp/contests/abc133/tasks/abc133_f
Graph,最小共通祖先,code_festival_final_i,I. Shapes,2816,2800-3199,60,https://atcoder.jp/contests/code-festival-2014-final/tasks/code_festival_final_i
Graph,最小共通祖先,arc048_d,D. たこ焼き屋とQ人の高橋君,3062,2800-3199,150,https://atcoder.jp/contests/arc048/tasks/arc048_d
Graph,最小共通祖先,past201912_k,K. Conglomerate,,unknown,1419,https://atcoder.jp/contests/past201912-open/tasks/past201912_k
Graph,最小共通祖先,past202010_m,M. 筆塗り,,unknown,520,https://atcoder.jp/contests/past202010-open/tasks/past202010_m
Graph,最小共通祖先,past202004_o,O. Variable Spanning Trees,,unknown,469,https://atcoder.jp/contests/past202004-open/tasks/past202004_o
Graph,最小共通祖先,joi2012ho5,E. JOI 国のお祭り事情 (Festivals in JOI Kingdom),,unknown,233,https://atcoder.jp/contests/joi2012ho/tasks/joi2012ho5
Graph,最小共通祖先,maximum_cup_2018_e,E. Interrupt Array,,unknown,90,https://atcoder.jp/contests/maximum-cup-2018/tasks/maximum_cup_2018_e
Graph,最小共通祖先,pakencamp_2019_day4_f,F. イーハチはやる,,unknown,58,https://atcoder.jp/contests/pakencamp-2019-day4/tasks/pakencamp_2019_day4_f
Graph,最短経路,arc109_a,A. Hands,-86,<0,6645,https://atcoder.jp/contests/arc109/tasks/arc109_a
Graph,最短経路,arc079_a,C. Cat Snuke and a Voyage,609,400-799,10674,https://atcoder.jp/contests/abc068/tasks/arc079_a
Graph,最短経路,abc362_d,D. Shortest Path 3,634,400-799,9335,https://atcoder.jp/contests/abc362/tasks/abc362_d
Graph,最短経路,abc209_d,D. Collision,686,400-799,8917,https://atcoder.jp/contests/abc209/tasks/abc209_d
Graph,最短経路,agc008_a,A. Simple Calculator,740,400-799,5371,https://atcoder.jp/contests/agc008/tasks/agc008_a
Graph,最短経路,abc376_d,D. Cycle,743,400-799,8181,https://atcoder.jp/contests/abc376/tasks/abc376_d
Graph,最短経路,abc016_3,C. 友達の友達,830,800-1199,5323,https://atcoder.jp/contests/abc016/tasks/abc016_3
Graph,最短経路,abc160_d,D. Line++,879,800-1199,11747,https://atcoder.jp/contests/abc160/tasks/abc160_d
Graph,最短経路,agc043_a,A. Range Flip Find Route,934,800-1199,6172,https://atcoder.jp/contests/agc043/tasks/agc043_a
Graph,最短経路,abc079_d,D. Wall,949,800-1199,7885,https://atcoder.jp/contests/abc079/tasks/abc079_d
Graph,最短経路,abc395_e,E. Flip Edge,978,800-1199,6330,https://atcoder.jp/contests/abc395/tasks/abc395_e
Graph,最短経路,abc325_e,"E. Our clients, please wait a moment",1093,800-1199,5088,https://atcoder.jp/contests/abc325/tasks/abc325_e
Graph,最短経路,abc286_e,E. Souvenir,1128,800-1199,4813,https://atcoder.jp/contests/abc286/tasks/abc286_e
Graph,最短経路,abc192_e,E. Train,1135,800-1199,5951,https://atcoder.jp/contests/abc192/tasks/abc192_e
Graph,最短経路,abc012_4,D. バスと避けられない運命,1166,800-1199,5315,https://atcoder.jp/contests/abc012/tasks/abc012_4
Graph,最短経路,abc277_e,E. Crystal Switches,1183,800-1199,5081,https://atcoder.jp/contests/abc277/tasks/abc277_e
Graph,最短経路,abc208_d,D. Shortest Path Queries 2,1190,800-1199,6768,https://atcoder.jp/contests/abc208/tasks/abc208_d
Graph,最短経路,abc257_d,D. Jumping Takahashi 2,1203,1200-1599,5399,https://atcoder.jp/contests/abc257/tasks/abc257_d
Graph,最短経路,abc237_e,E. Skiing,1208,1200-1599,4900,https://atcoder.jp/contests/abc237/tasks/abc237_e
Graph,最短経路,abc176_d,D. Wizard in Maze,1248,1200-1599,7950,https://atcoder.jp/contests/abc176/tasks/abc176_d
Graph,最短経路,code_festival_morning_easy_c,C. 身体バランス,1293,1200-1599,1294,https://atcoder.jp/contests/code-festival-2014-morning-easy/tasks/code_festival_morning_easy_c
Graph,最短経路,abc252_e,E. Road Reduction,1294,1200-1599,5187,https://atcoder.jp/contests/abc252/tasks/abc252_e
Graph,最短経路,abc289_e,E. Swap Places,1318,1200-1599,4562,https://atcoder.jp/contests/abc289/tasks/abc289_e
Graph,最短経路,abc191_e,E. Come Back Quickly,1323,1200-1599,5142,https://atcoder.jp/contests/abc191/tasks/abc191_e
Graph,最短経路,abc021_c,C. 正直者の高橋くん,1324,1200-1599,3129,https://atcoder.jp/contests/abc021/tasks/abc021_c
Graph,最短経路,arc111_b,B. Reversible Cards,1334,1200-1599,3743,https://atcoder.jp/contests/arc111/tasks/arc111_b
Graph,最短経路,abc073_d,D. joisino's travel,1345,1200-1599,5306,https://atcoder.jp/contests/abc073/tasks/abc073_d
Graph,最短経路,abc197_e,E. Traveler,1379,1200-1599,4253,https://atcoder.jp/contests/abc197/tasks/abc197_e
Graph,最短経路,abc302_f,F. Merge Set,1430,1200-1599,3914,https://atcoder.jp/contests/abc302/tasks/abc302_f
Graph,最短経路,abc148_f,F. Playing Tag on Tree,1457,1200-1599,4346,https://atcoder.jp/contests/abc148/tasks/abc148_f
Graph,最短経路,abc246_e,E. Bishop 2,1476,1200-1599,4387,https://atcoder.jp/contests/abc246/tasks/abc246_e
Graph,最短経路,abc342_e,E. Last Train,1476,1200-1599,3532,https://atcoder.jp/contests/abc342/tasks/abc342_e
Graph,最短経路,arc011_3,C. ダブレット,1488,1200-1599,1439,https://atcoder.jp/contests/arc011/tasks/arc011_3
Graph,最短経路,abc022_c,C. Blue Bird,1505,1200-1599,2853,https://atcoder.jp/contests/abc022/tasks/abc022_c
Graph,最短経路,arc083_b,D. Restoring Road Network,1563,1200-1599,5037,https://atcoder.jp/contests/abc074/tasks/arc083_b
Graph,最短経路,abc051_d,D. Candidates of No Shortest Paths,1566,1200-1599,4733,https://atcoder.jp/contests/abc051/tasks/abc051_d
Graph,最短経路,abc035_d,D. トレジャーハント,1591,1200-1599,3208,https://atcoder.jp/contests/abc035/tasks/abc035_d
Graph,最短経路,zone2021_e,E. Sneaking,1624,1600-1999,2246,https://atcoder.jp/contests/zone2021/tasks/zone2021_e
Graph,最短経路,abc132_e,E. Hopscotch Addict,1625,1600-1999,4937,https://atcoder.jp/contests/abc132/tasks/abc132_e
Graph,最短経路,abc243_e,E. Edge Deletion,1637,1600-1999,4425,https://atcoder.jp/contests/abc243/tasks/abc243_e
Graph,最短経路,soundhound2018_summer_qual_d,D. Saving Snuuk,1637,1600-1999,2684,https://atcoder.jp/contests/soundhound2018-summer-qual/tasks/soundhound2018_summer_qual_d
Graph,最短経路,nikkei2019_2_qual_d,D. Shortest Path on a Line,1647,1600-1999,2478,https://atcoder.jp/contests/nikkei2019-2-qual/tasks/nikkei2019_2_qual_d
Graph,最短経路,arc035_c,C. アットコーダー王国の交通事情,1655,1600-1999,1409,https://atcoder.jp/contests/arc035/tasks/arc035_c
Graph,最短経路,abc143_e,E. Travel by Car,1695,1600-1999,4441,https://atcoder.jp/contests/abc143/tasks/abc143_e
Graph,最短経路,abc204_e,E. Rush Hour 2,1710,1600-1999,2917,https://atcoder.jp/contests/abc204/tasks/abc204_e
Graph,最短経路,arc056_b,B. 駐車場,1726,1600-1999,1366,https://atcoder.jp/contests/arc056/tasks/arc056_b
Graph,最短経路,abc137_e,E. Coins Respawn,1740,1600-1999,3936,https://atcoder.jp/contests/abc137/tasks/abc137_e
Graph,最短経路,arc064_c,E. Cosmic Rays,1769,1600-1999,2459,https://atcoder.jp/contests/arc064/tasks/arc064_c
Graph,最短経路,agc044_a,A. Pay to Win,1828,1600-1999,2674,https://atcoder.jp/contests/agc044/tasks/agc044_a
Graph,最短経路,abc061_d,D. Score Attack,1838,1600-1999,4613,https://atcoder.jp/contests/abc061/tasks/abc061_d
Graph,最短経路,indeednow_2015_quala_4,D. パズル,1838,1600-1999,522,https://atcoder.jp/contests/indeednow-quala/tasks/indeednow_2015_quala_4
Graph,最短経路,abc164_e,E. Two Currencies,1877,1600-1999,3197,https://atcoder.jp/contests/abc164/tasks/abc164_e
Graph,最短経路,arc008_3,C. THE☆たこ焼き祭り2012,1927,1600-1999,780,https://atcoder.jp/contests/arc008/tasks/arc008_3
Graph,最短経路,abc197_f,F. Construct a Palindrome,1945,1600-1999,2747,https://atcoder.jp/contests/abc197/tasks/abc197_f
Graph,最短経路,arc025_3,C. ウサギとカメ,1954,1600-1999,822,https://atcoder.jp/contests/arc025/tasks/arc025_3
Graph,最短経路,abc216_g,G. 01Sequence,1963,1600-1999,2378,https://atcoder.jp/contests/abc216/tasks/abc216_g
Graph,最短経路,abc170_f,F. Pond Skater,1968,1600-1999,2704,https://atcoder.jp/contests/abc170/tasks/abc170_f
Graph,最短経路,arc015_3,C. 変わった単位,2185,2000-2399,574,https://atcoder.jp/contests/arc015/tasks/arc015_3
Graph,最短経路,arc052_c,C. 高橋くんと不思議な道,2277,2000-2399,438,https://atcoder.jp/contests/arc052/tasks/arc052_c
Graph,最短経路,arc090_c,E. Avoiding Collision,2319,2000-2399,1636,https://atcoder.jp/contests/arc090/tasks/arc090_c
Graph,最短経路,dwango2016qual_c,C. メンテナンス明け,2384,2000-2399,198,https://atcoder.jp/contests/dwango2016-prelims/tasks/dwango2016qual_c
Graph,最短経路,arc084_b,D. Small Multiple,2457,2400-2799,6440,https://atcoder.jp/contests/abc077/tasks/arc084_b
Graph,最短経路,abc254_h,Ex. Multiply or Divide by 2,2499,2400-2799,1042,https://atcoder.jp/contests/abc254/tasks/abc254_h
Graph,最短経路,arc061_c,E. Snuke's Subway Trip,2502,2400-2799,2156,https://atcoder.jp/contests/arc061/tasks/arc061_c
Graph,最短経路,abc175_f,F. Making Palindrome,2512,2400-2799,817,https://atcoder.jp/contests/abc175/tasks/abc175_f
Graph,最短経路,arc019_3,C. 最後の森,2881,2800-3199,202,https://atcoder.jp/contests/arc019/tasks/arc019_3
Graph,最短経路,arc092_d,F. Two Faced Edges,3351,3200-3599,1076,https://atcoder.jp/contests/arc092/tasks/arc092_d
Graph,最短経路,typical90_m,013. Passing（★5）,,unknown,5395,https://atcoder.jp/contests/typical90/tasks/typical90_m
Graph,最短経路,arc001_2,B. リモコン,,unknown,4408,https://atcoder.jp/contests/arc001/tasks/arc001_2
Graph,最短経路,typical90_aq,043. Maze Challenge with Lack of Sleep（★4）,,unknown,3621,https://atcoder.jp/contests/typical90/tasks/typical90_aq
Graph,最短経路,joi2008yo_f,F. 船旅,,unknown,2883,https://atcoder.jp/contests/joi2008yo/tasks/joi2008yo_f
Graph,最短経路,agc001_c,C. Shorten Diameter,,unknown,2744,https://atcoder.jp/contests/agc001/tasks/agc001_c
Graph,最短経路,typical90_ci,087. Chokudai's Demand（★5）,,unknown,2003,https://atcoder.jp/contests/typical90/tasks/typical90_ci
Graph,最短経路,joi2016yo_e,E. ゾンビ島 (Zombie Island),,unknown,1916,https://atcoder.jp/contests/joi2016yo/tasks/joi2016yo_e
Graph,最短経路,joi2014yo_e,E. タクシー (Taxis),,unknown,1558,https://atcoder.jp/contests/joi2014yo/tasks/joi2014yo_e
Graph,最短経路,past202004_h,H. 1-9 Grid,,unknown,1407,https://atcoder.jp/contests/past202004-open/tasks/past202004_h
Graph,最短経路,past201912_j,J. Leveling,,unknown,1295,https://atcoder.jp/contests/past201912-open/tasks/past201912_j
Graph,最短経路,past202010_j,J. ワープ,,unknown,704,https://atcoder.jp/contests/past202010-open/tasks/past202010_j
Graph,最短経路,joi2020_yo2_d,D. テンキー (Tenkey),,unknown,697,https://atcoder.jp/contests/joi2020yo2/tasks/joi2020_yo2_d
Graph,最短経路,past202005_m,M. Real Traveling Salesman,,unknown,664,https://atcoder.jp/contests/past202005-open/tasks/past202005_m
Graph,最短経路,joi2015ho_c,C. JOI 公園 (JOI Park),,unknown,641,https://atcoder.jp/contests/joi2015ho/tasks/joi2015ho_c
Graph,最短経路,joi2017yo_f,F. ヘビの JOI 君 (Snake JOI),,unknown,624,https://atcoder.jp/contests/joi2017yo/tasks/joi2017yo_f
Graph,最短経路,joi2021_yo2_b,B. パンケーキ (Pancake),,unknown,543,https://atcoder.jp/contests/joi2021yo2/tasks/joi2021_yo2_b
Graph,最短経路,joig2021_e,E. パレード (Parade),,unknown,507,https://atcoder.jp/contests/joig2021-open/tasks/joig2021_e
Graph,最短経路,joi2011ho3,C. JOI 国の買い物事情 (Shopping in JOI Kingdom),,unknown,490,https://atcoder.jp/contests/joi2011ho/tasks/joi2011ho3
Graph,最短経路,joi2013ho3,3. 現代的な屋敷 (Modern Mansion),,unknown,478,https://atcoder.jp/contests/joi2013ho/tasks/joi2013ho3
Graph,最短経路,joisc2008_flu,flu. インフルエンザ (Flu),,unknown,451,https://atcoder.jp/contests/joisc2008/tasks/joisc2008_flu
Graph,最短経路,past202107_k,K. Flying Trip,,unknown,440,https://atcoder.jp/contests/past202107-open/tasks/past202107_k
Graph,最短経路,tkppc4_1_h,H. don't be late,,unknown,431,https://atcoder.jp/contests/tkppc4-1/tasks/tkppc4_1_h
Graph,最短経路,wupc2012_5,E. 会場への道,,unknown,426,https://atcoder.jp/contests/wupc2012/tasks/wupc2012_5
Graph,最短経路,past202010_o,O. 宝箱,,unknown,351,https://atcoder.jp/contests/past202010-open/tasks/past202010_o
Graph,最短経路,iroha2019_day2_g,G. 通学路,,unknown,336,https://atcoder.jp/contests/iroha2019-day2/tasks/iroha2019_day2_g
Graph,最短経路,past202104_o,O. Shortest Distance Query,,unknown,303,https://atcoder.jp/contests/past202104-open/tasks/past202104_o
Graph,最短経路,utpc2013_03,C. 直径,,unknown,302,https://atcoder.jp/contests/utpc2013/tasks/utpc2013_03
Graph,最短経路,kupc2015_c,C. 最短経路,,unknown,275,https://atcoder.jp/contests/kupc2015/tasks/kupc2015_c
Graph,最短経路,ttpc2019_f,F. Road Construction,,unknown,194,https://atcoder.jp/contests/ttpc2019/tasks/ttpc2019_f
Graph,最短経路,code_thanks_festival_2015_g,G. カメレオン,,unknown,169,https://atcoder.jp/contests/code-thanks-festival-2015-open/tasks/code_thanks_festival_2015_g
Graph,最短経路,pakencamp_2019_day4_e,E. IOI のために,,unknown,143,https://atcoder.jp/contests/pakencamp-2019-day4/tasks/pakencamp_2019_day4_e
Graph,最短経路,code_festival_relay_i,I. 信号待ち,,unknown,104,https://atcoder.jp/contests/code-festival-2014-relay/tasks/code_festival_relay_i
Graph,最短経路,yuha_c88_d,D. 氷柱の上の聖剣,,unknown,97,https://atcoder.jp/contests/yuha-c88/tasks/yuha_c88_d
Graph,最短経路,dwacon6th_final_b,B. Harvest Festival,,unknown,92,https://atcoder.jp/contests/dwacon6th-final-open/tasks/dwacon6th_final_b
Graph,最短経路,otemae2019_g,"G. 空をかけるピ太郎 (Pitaro, who Leaps through Air)",,unknown,68,https://atcoder.jp/contests/otemae2019/tasks/otemae2019_g
Graph,最短経路,k4pc_f,F. タイトル未定(Untitled),,unknown,20,https://atcoder.jp/contests/k4pc/tasks/k4pc_f
Graph,木の同型判定,nikkei2019_2_final_d,D. 木、,,unknown,52,https://atcoder.jp/contests/nikkei2019-2-final/tasks/nikkei2019_2_final_d
Graph,行列木定理,jsc2021_g,G. Spanning Tree,2451,2400-2799,456,https://atcoder.jp/contests/jsc2021/tasks/jsc2021_g
Graph,行列木定理,arc018_4,D. 僕は友達が少ない,2644,2400-2799,158,https://atcoder.jp/contests/arc018/tasks/arc018_4
Graph,重心分解,abc348_e,E. Minimize Sum of Distances,1347,1200-1599,4960,https://atcoder.jp/contests/abc348/tasks/abc348_e
Graph,重心分解,abc291_h,Ex. Balanced Tree,2097,2000-2399,1024,https://atcoder.jp/contests/abc291/tasks/abc291_h
Graph,重心分解,abc362_f,F. Perfect Matching on a Tree,2186,2000-2399,1487,https://atcoder.jp/contests/abc362/tasks/abc362_f
Graph,重心分解,abc163_f,F. path pass i,2470,2400-2799,1437,https://atcoder.jp/contests/abc163/tasks/abc163_f
Graph,重心分解,yahoo_procon2018_final_c,C. 木の問題,,unknown,162,https://atcoder.jp/contests/yahoo-procon2018-final/tasks/yahoo_procon2018_final_c
Graph,重心分解,dwacon2018_prelims_e,E. ニワンゴくんの家探し,,unknown,105,https://atcoder.jp/contests/dwacon2018-prelims/tasks/dwacon2018_prelims_e
Graph,重心分解,dwacon6th_final_c,C. Tree Shrinking,,unknown,38,https://atcoder.jp/contests/dwacon6th-final-open/tasks/dwacon6th_final_c
Mathematics,XOR,agc035_a,A. XOR Circle,640,400-799,5241,https://atcoder.jp/contests/agc035/tasks/agc035_a
Mathematics,XOR,arc129_a,A. Smaller XOR,727,400-799,3006,https://atcoder.jp/contests/arc129/tasks/arc129_a
Mathematics,XOR,abc171_e,E. Red Scarf,778,400-799,11228,https://atcoder.jp/contests/abc171/tasks/abc171_e
Mathematics,XOR,arc122_a,A. Many Formulae,783,400-799,3621,https://atcoder.jp/contests/arc122/tasks/arc122_a
Mathematics,XOR,arc124_b,B. XOR Matching 2,788,400-799,3776,https://atcoder.jp/contests/arc124/tasks/arc124_b
Mathematics,XOR,abc197_c,C. ORXOR,809,800-1199,9698,https://atcoder.jp/contests/abc197/tasks/abc197_c
Mathematics,XOR,abc121_d,D. XOR World,1164,800-1199,8119,https://atcoder.jp/contests/abc121/tasks/abc121_d
Mathematics,XOR,abc147_d,D. Xor Sum 4,1205,1200-1599,8367,https://atcoder.jp/contests/abc147/tasks/abc147_d
Mathematics,XOR,arc021_2,B. Your Numbers are XORed...,1327,1200-1599,1707,https://atcoder.jp/contests/arc021/tasks/arc021_2
Mathematics,XOR,dwacon5th_prelims_b,B. Sum AND Subarrays,1381,1200-1599,2675,https://atcoder.jp/contests/dwacon5th-prelims/tasks/dwacon5th_prelims_b
Mathematics,XOR,arc098_b,D. Xor Sum 2,1404,1200-1599,7095,https://atcoder.jp/contests/abc098/tasks/arc098_b
Mathematics,XOR,abc117_d,D. XXOR,1423,1200-1599,5459,https://atcoder.jp/contests/abc117/tasks/abc117_d
Mathematics,XOR,abc129_e,E. Sum Equals Xor,1547,1200-1599,4806,https://atcoder.jp/contests/abc129/tasks/abc129_e
Mathematics,XOR,abc201_e,E. Xor Distances,1694,1600-1999,3621,https://atcoder.jp/contests/abc201/tasks/abc201_e
Mathematics,XOR,abc281_f,F. Xor Minimization,1714,1600-1999,3117,https://atcoder.jp/contests/abc281/tasks/abc281_f
Mathematics,XOR,abc126_f,F. XOR Matching,1770,1600-1999,3939,https://atcoder.jp/contests/abc126/tasks/abc126_f
Mathematics,XOR,agc045_a,A. Xor Battle,2070,2000-2399,1889,https://atcoder.jp/contests/agc045/tasks/agc045_a
Mathematics,XOR,zone2021_f,F. Encounter and Farewell,2197,2000-2399,868,https://atcoder.jp/contests/zone2021/tasks/zone2021_f
Mathematics,XOR,arc092_b,D. Two Sequences,2207,2000-2399,2662,https://atcoder.jp/contests/abc091/tasks/arc092_b
Mathematics,XOR,abc172_f,F. Unfair Nim,2216,2000-2399,1505,https://atcoder.jp/contests/abc172/tasks/abc172_f
Mathematics,XOR,abc150_f,F. Xor Shift,2281,2000-2399,1724,https://atcoder.jp/contests/abc150/tasks/abc150_f
Mathematics,XOR,arc122_d,D. XOR Game,2331,2000-2399,1323,https://atcoder.jp/contests/arc122/tasks/arc122_d
Mathematics,XOR,agc035_c,C. Skolem XOR Tree,2332,2000-2399,1485,https://atcoder.jp/contests/agc035/tasks/agc035_c
Mathematics,XOR,abc141_f,F. Xor Sum 3,2342,2000-2399,1824,https://atcoder.jp/contests/abc141/tasks/abc141_f
Mathematics,XOR,abc267_h,Ex. Odd Sum,2422,2400-2799,793,https://atcoder.jp/contests/abc267/tasks/abc267_h
Mathematics,XOR,agc052_b,B. Tree Edges XOR,2473,2400-2799,948,https://atcoder.jp/contests/agc052/tasks/agc052_b
Mathematics,XOR,arc066_b,D. Xor Sum,2606,2400-2799,1866,https://atcoder.jp/contests/abc050/tasks/arc066_b
Mathematics,XOR,arc114_d,D. Moving Pieces on Line,2723,2400-2799,613,https://atcoder.jp/contests/arc114/tasks/arc114_d
Mathematics,XOR,abc212_h,H. Nim Counting,2741,2400-2799,871,https://atcoder.jp/contests/abc212/tasks/abc212_h
Mathematics,XOR,agc016_d,D. XOR Replace,2910,2800-3199,1601,https://atcoder.jp/contests/agc016/tasks/agc016_d
Mathematics,XOR,arc084_d,F. XorShift,3397,3200-3599,391,https://atcoder.jp/contests/arc084/tasks/arc084_d
Mathematics,XOR,ttpc2019_c,C. XOR Filling,,unknown,547,https://atcoder.jp/contests/ttpc2019/tasks/ttpc2019_c
Mathematics,XOR,cpsco2019_s1_e,E. Exclusive OR Queries,,unknown,394,https://atcoder.jp/contests/cpsco2019-s1/tasks/cpsco2019_s1_e
Mathematics,XOR,cpsco2019_s3_e,E. Enumerate Xor Sum,,unknown,354,https://atcoder.jp/contests/cpsco2019-s3/tasks/cpsco2019_s3_e
Mathematics,XOR,kupc2016_c,C. Cookie Breeding Machine,,unknown,331,https://atcoder.jp/contests/kupc2016/tasks/kupc2016_c
Mathematics,XOR,pakencamp_2020_day1_h,H. その計算、合ってますか？,,unknown,314,https://atcoder.jp/contests/pakencamp-2020-day1/tasks/pakencamp_2020_day1_h
Mathematics,XOR,dwacon5th_final_b,B. XOR Spread,,unknown,107,https://atcoder.jp/contests/dwacon5th-final-open/tasks/dwacon5th_final_b
Mathematics,XOR,icpc2013summer_warmingUp_f,F. Maximum Segment XOR,,unknown,57,https://atcoder.jp/contests/jag2013summer-warmingup/tasks/icpc2013summer_warmingUp_f
Mathematics,その他,abc205_c,C. POW,-340,<0,15384,https://atcoder.jp/contests/abc205/tasks/abc205_c
Mathematics,その他,abc159_c,C. Maximum Volume,-104,<0,16773,https://atcoder.jp/contests/abc159/tasks/abc159_c
Mathematics,その他,abc275_b,B. ABC-DEF,-1,<0,11397,https://atcoder.jp/contests/abc275/tasks/abc275_b
Mathematics,その他,abc161_c,C. Replacing Integer,4,0-399,20458,https://atcoder.jp/contests/abc161/tasks/abc161_c
Mathematics,その他,abc168_c,C. : (Colon),178,0-399,17442,https://atcoder.jp/contests/abc168/tasks/abc168_c
Mathematics,その他,abc169_b,B. Multiplication 2,349,0-399,18645,https://atcoder.jp/contests/abc169/tasks/abc169_b
Mathematics,その他,abc195_b,B. Many Oranges,483,400-799,11953,https://atcoder.jp/contests/abc195/tasks/abc195_b
Mathematics,その他,abc171_c,C. One Quadrillion and One Dalmatians,560,400-799,14443,https://atcoder.jp/contests/abc171/tasks/abc171_c
Mathematics,その他,abc169_c,C. Multiplication 3,597,400-799,16064,https://atcoder.jp/contests/abc169/tasks/abc169_c
Mathematics,その他,abc165_d,D. Floor Function,600,400-799,12702,https://atcoder.jp/contests/abc165/tasks/abc165_d
Mathematics,その他,panasonic2020_c,C. Sqrt Inequality,701,400-799,9954,https://atcoder.jp/contests/panasonic2020/tasks/panasonic2020_c
Mathematics,その他,code_festival_2017_quala_b,B. fLIP,863,800-1199,5154,https://atcoder.jp/contests/code-festival-2017-quala/tasks/code_festival_2017_quala_b
Mathematics,その他,agc036_a,A. Triangle,939,800-1199,4702,https://atcoder.jp/contests/agc036/tasks/agc036_a
Mathematics,その他,apc001_b,B. Two Arrays,1049,800-1199,4072,https://atcoder.jp/contests/apc001/tasks/apc001_b
Mathematics,その他,abc191_c,C. Digital Graffiti,1063,800-1199,7440,https://atcoder.jp/contests/abc191/tasks/abc191_c
Mathematics,その他,tenka1_2018_c,C. Align,1095,800-1199,4220,https://atcoder.jp/contests/tenka1-2018/tasks/tenka1_2018_c
Mathematics,その他,abc147_d,D. Xor Sum 4,1205,1200-1599,8367,https://atcoder.jp/contests/abc147/tasks/abc147_d
Mathematics,その他,aising2020_d,D. Anything Goes to Zero,1337,1200-1599,3772,https://atcoder.jp/contests/aising2020/tasks/aising2020_d
Mathematics,その他,abc030_d,D. へんてこ辞書,1586,1200-1599,2017,https://atcoder.jp/contests/abc030/tasks/abc030_d
Mathematics,その他,ddcc2020_qual_d,D. Digit Sum Replace,1617,1600-1999,2650,https://atcoder.jp/contests/ddcc2020-qual/tasks/ddcc2020_qual_d
Mathematics,その他,abc200_e,E. Patisserie ABC 2,1955,1600-1999,2328,https://atcoder.jp/contests/abc200/tasks/abc200_e
Mathematics,その他,abc003_4,D. AtCoder社の冬,2033,2000-2399,1529,https://atcoder.jp/contests/abc003/tasks/abc003_4
Mathematics,その他,arc100_c,E. Or Plus Max,2111,2000-2399,3645,https://atcoder.jp/contests/arc100/tasks/arc100_c
Mathematics,その他,soundhound2018_summer_qual_e,E. + Graph,2164,2000-2399,894,https://atcoder.jp/contests/soundhound2018-summer-qual/tasks/soundhound2018_summer_qual_e
Mathematics,その他,abc196_f,F. Substring 2,2274,2000-2399,1242,https://atcoder.jp/contests/abc196/tasks/abc196_f
Mathematics,その他,arc033_4,D. 見たことのない多項式,2470,2400-2799,551,https://atcoder.jp/contests/arc033/tasks/arc033_4
Mathematics,その他,codefestival_2016_final_e,E. Cookies,2700,2400-2799,422,https://atcoder.jp/contests/cf16-final/tasks/codefestival_2016_final_e
Mathematics,その他,abc208_f,F. Cumulative Sum,2772,2400-2799,680,https://atcoder.jp/contests/abc208/tasks/abc208_f
Mathematics,その他,arc123_e,E. Training,2828,2800-3199,397,https://atcoder.jp/contests/arc123/tasks/arc123_e
Mathematics,その他,dwacon5th_prelims_e,E. Cyclic GCDs,2978,2800-3199,488,https://atcoder.jp/contests/dwacon5th-prelims/tasks/dwacon5th_prelims_e
Mathematics,その他,agc057_d,D. Sum Avoidance,3307,3200-3599,341,https://atcoder.jp/contests/agc057/tasks/agc057_d
Mathematics,その他,arc123_f,F. Insert Addition,3424,3200-3599,130,https://atcoder.jp/contests/arc123/tasks/arc123_f
Mathematics,その他,typical90_t,020. Log Inequality（★3）,,unknown,8443,https://atcoder.jp/contests/typical90/tasks/typical90_t
Mathematics,その他,typical90_al,038. Large LCM（★3）,,unknown,7248,https://atcoder.jp/contests/typical90/tasks/typical90_al
Mathematics,その他,typical90_az,052. Dice Product（★3）,,unknown,6067,https://atcoder.jp/contests/typical90/tasks/typical90_az
Mathematics,その他,s8pc_6_b,B. AtCoder Market,,unknown,4819,https://atcoder.jp/contests/s8pc-6/tasks/s8pc_6_b
Mathematics,その他,typical90_am,039. Tree Distance（★5）,,unknown,3400,https://atcoder.jp/contests/typical90/tasks/typical90_am
Mathematics,その他,joi2010yo_d,D. カード並べ,,unknown,2209,https://atcoder.jp/contests/joi2010yo/tasks/joi2010yo_d
Mathematics,その他,chokudai_S002_g,G. GCD α,,unknown,1769,https://atcoder.jp/contests/chokudai_S002/tasks/chokudai_S002_g
Mathematics,その他,yahoo_procon2018_qual_b,B. オークション,,unknown,1751,https://atcoder.jp/contests/yahoo-procon2018-qual/tasks/yahoo_procon2018_qual_b
Mathematics,その他,past202005_c,C. Geometric Progression,,unknown,1640,https://atcoder.jp/contests/past202005-open/tasks/past202005_c
Mathematics,その他,tenka1_2016_qualB_a,A. 天下一合成関数,,unknown,1637,https://atcoder.jp/contests/tenka1-2016-qualb/tasks/tenka1_2016_qualB_a
Mathematics,その他,practice2_f,F. Convolution,,unknown,1580,https://atcoder.jp/contests/practice2/tasks/practice2_f
Mathematics,その他,joi2020_yo2_b,B. いちご (Strawberry),,unknown,1316,https://atcoder.jp/contests/joi2020yo2/tasks/joi2020_yo2_b
Mathematics,その他,past202010_b,B. 電卓,,unknown,1285,https://atcoder.jp/contests/past202010-open/tasks/past202010_b
Mathematics,その他,code_thanks_festival_2018_b,B. Colored Balls,,unknown,1160,https://atcoder.jp/contests/code-thanks-festival-2018/tasks/code_thanks_festival_2018_b
Mathematics,その他,s8pc_1_a,A. E869120列車 (E869120 Trains),,unknown,685,https://atcoder.jp/contests/s8pc-1/tasks/s8pc_1_a
Mathematics,その他,kupc2017_b,B. Camphor Tree,,unknown,596,https://atcoder.jp/contests/kupc2017/tasks/kupc2017_b
Mathematics,その他,yahoo_procon2018_final_a,A. Uncommon,,unknown,510,https://atcoder.jp/contests/yahoo-procon2018-final/tasks/yahoo_procon2018_final_a
Mathematics,その他,relay2_a,A. Kaiden,,unknown,497,https://atcoder.jp/contests/cf17-relay-open/tasks/relay2_a
Mathematics,その他,indeednow_2015_finalb_a,A. Counting on a Triangle,,unknown,381,https://atcoder.jp/contests/indeednow-finalb-open/tasks/indeednow_2015_finalb_a
Mathematics,その他,jag2017summer_day1_j,J. クッパ,,unknown,226,https://atcoder.jp/contests/jag2017summer-day1/tasks/jag2017summer_day1_j
Mathematics,その他,tricky_2,B. 一変数方程式,,unknown,199,https://atcoder.jp/contests/tricky/tasks/tricky_2
Mathematics,その他,iroha2019_day1_j,J. ヌクレオチド,,unknown,187,https://atcoder.jp/contests/iroha2019-day1/tasks/iroha2019_day1_j
Mathematics,その他,iroha2019_day3_g,G. ますまてぃくす・おりんぴっく！,,unknown,102,https://atcoder.jp/contests/iroha2019-day3/tasks/iroha2019_day3_g
Mathematics,その他,indeednow_2015_finala_e,E. Page Rank,,unknown,96,https://atcoder.jp/contests/indeednow-finala-open/tasks/indeednow_2015_finala_e
Mathematics,その他,tkppc6_2_k,K. Ball in the Box 2,,unknown,46,https://atcoder.jp/contests/tkppc6-2/tasks/tkppc6_2_k
Mathematics,その他,nyc2015_12,L. 机のしみ,,unknown,18,https://atcoder.jp/contests/NYC2015/tasks/nyc2015_12
Mathematics,その他,kupc2016_k,K. Hundred Eyes Monster,,unknown,11,https://atcoder.jp/contests/kupc2016/tasks/kupc2016_k
Mathematics,数え上げ,abc222_b,B. Failing Grade,-1117,<0,15024,https://atcoder.jp/contests/abc222/tasks/abc222_b
Mathematics,数え上げ,nikkei2019_2_qual_a,A. Sum of Two Integers,-669,<0,6323,https://atcoder.jp/contests/nikkei2019-2-qual/tasks/nikkei2019_2_qual_a
Mathematics,数え上げ,diverta2019_a,A. Consecutive Integers,-551,<0,6956,https://atcoder.jp/contests/diverta2019/tasks/diverta2019_a
Mathematics,数え上げ,aising2019_a,A. Bulletin Board,-431,<0,5413,https://atcoder.jp/contests/aising2019/tasks/aising2019_a
Mathematics,数え上げ,arc112_a,A. B = C,-125,<0,6937,https://atcoder.jp/contests/arc112/tasks/arc112_a
Mathematics,数え上げ,abc177_c,C. Sum of product of pairs,386,0-399,16139,https://atcoder.jp/contests/abc177/tasks/abc177_c
Mathematics,数え上げ,abc245_c,C. Choose Elements,403,400-799,11790,https://atcoder.jp/contests/abc245/tasks/abc245_c
Mathematics,数え上げ,abc150_c,C. Count Order,422,400-799,19557,https://atcoder.jp/contests/abc150/tasks/abc150_c
Mathematics,数え上げ,agc029_a,A. Irreversible operation,423,400-799,10037,https://atcoder.jp/contests/agc029/tasks/agc029_a
Mathematics,数え上げ,code_festival_2017_qualc_b,B. Similar Arrays,424,400-799,6000,https://atcoder.jp/contests/code-festival-2017-qualc/tasks/code_festival_2017_qualc_b
Mathematics,数え上げ,abc159_d,D. Banned K,496,400-799,14754,https://atcoder.jp/contests/abc159/tasks/abc159_d
Mathematics,数え上げ,arc107_b,B. Quadruple,633,400-799,5493,https://atcoder.jp/contests/arc107/tasks/arc107_b
Mathematics,数え上げ,code_festival_qualA_c,C. 2月29日,639,400-799,2431,https://atcoder.jp/contests/code-festival-2014-quala/tasks/code_festival_qualA_c
Mathematics,数え上げ,abc178_c,C. Ubiquity,653,400-799,13817,https://atcoder.jp/contests/abc178/tasks/abc178_c
Mathematics,数え上げ,agc015_b,B. Evilator,665,400-799,5856,https://atcoder.jp/contests/agc015/tasks/agc015_b
Mathematics,数え上げ,jsc2021_d,D. Nowhere P,743,400-799,3944,https://atcoder.jp/contests/jsc2021/tasks/jsc2021_d
Mathematics,数え上げ,abc211_d,D. Number of Shortest paths,755,400-799,9324,https://atcoder.jp/contests/abc211/tasks/abc211_d
Mathematics,数え上げ,arc122_a,A. Many Formulae,783,400-799,3621,https://atcoder.jp/contests/arc122/tasks/arc122_a
Mathematics,数え上げ,abc250_d,D. 250-like Number,797,400-799,7842,https://atcoder.jp/contests/abc250/tasks/abc250_d
Mathematics,数え上げ,jsc2019_qual_b,B. Kleene Inversion,801,800-1199,6860,https://atcoder.jp/contests/jsc2019-qual/tasks/jsc2019_qual_b
Mathematics,数え上げ,agc017_a,A. Biscuits,815,800-1199,6374,https://atcoder.jp/contests/agc017/tasks/agc017_a
Mathematics,数え上げ,arc116_b,B. Products of Min-Max,816,800-1199,4695,https://atcoder.jp/contests/arc116/tasks/arc116_b
Mathematics,数え上げ,dwango2015_prelims_2,B. ニコニコ文字列,831,800-1199,2167,https://atcoder.jp/contests/dwango2015-prelims/tasks/dwango2015_prelims_2
Mathematics,数え上げ,nikkei2019_2_qual_b,B. Counting of Trees,841,800-1199,5606,https://atcoder.jp/contests/nikkei2019-2-qual/tasks/nikkei2019_2_qual_b
Mathematics,数え上げ,abc178_d,D. Redistribution,875,800-1199,10595,https://atcoder.jp/contests/abc178/tasks/abc178_d
Mathematics,数え上げ,arc035_b,B. アットコーダー王国のコンテスト事情,949,800-1199,2443,https://atcoder.jp/contests/arc035/tasks/arc035_b
Mathematics,数え上げ,agc031_a,A. Colorful Subsequence,953,800-1199,6018,https://atcoder.jp/contests/agc031/tasks/agc031_a
Mathematics,数え上げ,abc172_d,D. Sum of Divisors,963,800-1199,12047,https://atcoder.jp/contests/abc172/tasks/abc172_d
Mathematics,数え上げ,abc249_d,D. Index Trio,983,800-1199,7020,https://atcoder.jp/contests/abc249/tasks/abc249_d
Mathematics,数え上げ,abc152_d,D. Handstand 2,1045,800-1199,8886,https://atcoder.jp/contests/abc152/tasks/abc152_d
Mathematics,数え上げ,sumitb2019_e,E. Colorful Hats 2,1176,800-1199,4682,https://atcoder.jp/contests/sumitrust2019/tasks/sumitb2019_e
Mathematics,数え上げ,abc247_e,E. Max Min,1256,1200-1599,5418,https://atcoder.jp/contests/abc247/tasks/abc247_e
Mathematics,数え上げ,abc248_e,E. K-colinear Line,1292,1200-1599,4430,https://atcoder.jp/contests/abc248/tasks/abc248_e
Mathematics,数え上げ,abc214_d,D. Sum of Maximum Weights,1341,1200-1599,7067,https://atcoder.jp/contests/abc214/tasks/abc214_d
Mathematics,数え上げ,abc151_e,E. Max-Min Sums,1344,1200-1599,5796,https://atcoder.jp/contests/abc151/tasks/abc151_e
Mathematics,数え上げ,agc019_b,B. Reverse and Compare,1357,1200-1599,3962,https://atcoder.jp/contests/agc019/tasks/agc019_b
Mathematics,数え上げ,abc242_e,E. (∀x∀),1365,1200-1599,4514,https://atcoder.jp/contests/abc242/tasks/abc242_e
Mathematics,数え上げ,abc037_d,D. 経路,1377,1200-1599,2968,https://atcoder.jp/contests/abc037/tasks/abc037_d
Mathematics,数え上げ,arc039_b,B. 高橋幼稚園,1383,1200-1599,1789,https://atcoder.jp/contests/arc039/tasks/arc039_b
Mathematics,数え上げ,arc113_d,D. Sky Reflector,1389,1200-1599,2829,https://atcoder.jp/contests/arc113/tasks/arc113_d
Mathematics,数え上げ,abc358_e,E. Alphabet Tiles,1397,1200-1599,4723,https://atcoder.jp/contests/abc358/tasks/abc358_e
Mathematics,数え上げ,hhkb2020_e,E. Lamps,1399,1200-1599,2836,https://atcoder.jp/contests/hhkb2020/tasks/hhkb2020_e
Mathematics,数え上げ,arc098_b,D. Xor Sum 2,1404,1200-1599,7095,https://atcoder.jp/contests/abc098/tasks/arc098_b
Mathematics,数え上げ,abc167_e,E. Colorful Blocks,1442,1200-1599,5526,https://atcoder.jp/contests/abc167/tasks/abc167_e
Mathematics,数え上げ,indeednow_2015_qualb_4,D. 高橋くんと数列,1445,1200-1599,1140,https://atcoder.jp/contests/indeednow-qualb/tasks/indeednow_2015_qualb_4
Mathematics,数え上げ,arc116_c,C. Multiple Sequences,1468,1200-1599,3039,https://atcoder.jp/contests/arc116/tasks/arc116_c
Mathematics,数え上げ,keyence2021_c,C. Robot on Grid,1468,1200-1599,2371,https://atcoder.jp/contests/keyence2021/tasks/keyence2021_c
Mathematics,数え上げ,abc122_d,D. We Like AGC,1533,1200-1599,4560,https://atcoder.jp/contests/abc122/tasks/abc122_d
Mathematics,数え上げ,abc129_e,E. Sum Equals Xor,1547,1200-1599,4806,https://atcoder.jp/contests/abc129/tasks/abc129_e
Mathematics,数え上げ,abc220_e,E. Distance on Large Perfect Binary Tree,1593,1200-1599,3590,https://atcoder.jp/contests/abc220/tasks/abc220_e
Mathematics,数え上げ,abc234_f,F. Reordering,1596,1200-1599,3506,https://atcoder.jp/contests/abc234/tasks/abc234_f
Mathematics,数え上げ,abc113_d,D. Number of Amidakuji,1597,1200-1599,3557,https://atcoder.jp/contests/abc113/tasks/abc113_d
Mathematics,数え上げ,abc036_d,D. 塗り絵,1602,1600-1999,2608,https://atcoder.jp/contests/abc036/tasks/abc036_d
Mathematics,数え上げ,arc071_b,D. ###,1641,1600-1999,4276,https://atcoder.jp/contests/abc058/tasks/arc071_b
Mathematics,数え上げ,abc162_e,E. Sum of gcd of Tuples (Hard),1662,1600-1999,5568,https://atcoder.jp/contests/abc162/tasks/abc162_e
Mathematics,数え上げ,abc041_d,D. 徒競走,1670,1600-1999,2335,https://atcoder.jp/contests/abc041/tasks/abc041_d
Mathematics,数え上げ,keyence2019_d,D. Double Landscape,1670,1600-1999,1899,https://atcoder.jp/contests/keyence2019/tasks/keyence2019_d
Mathematics,数え上げ,abc130_e,E. Common Subsequence,1676,1600-1999,4239,https://atcoder.jp/contests/abc130/tasks/abc130_e
Mathematics,数え上げ,abc246_f,F. typewriter,1677,1600-1999,3171,https://atcoder.jp/contests/abc246/tasks/abc246_f
Mathematics,数え上げ,dwacon6th_prelims_b,B. Fusing Slimes,1685,1600-1999,1827,https://atcoder.jp/contests/dwacon6th-prelims/tasks/dwacon6th_prelims_b
Mathematics,数え上げ,abc201_e,E. Xor Distances,1694,1600-1999,3621,https://atcoder.jp/contests/abc201/tasks/abc201_e
Mathematics,数え上げ,abc110_d,D. Factorization,1695,1600-1999,4742,https://atcoder.jp/contests/abc110/tasks/abc110_d
Mathematics,数え上げ,abc169_f,F. Knapsack for All Subsets,1698,1600-1999,3969,https://atcoder.jp/contests/abc169/tasks/abc169_f
Mathematics,数え上げ,abc021_d,D. 多重ループ,1704,1600-1999,3444,https://atcoder.jp/contests/abc021/tasks/abc021_d
Mathematics,数え上げ,agc054_b,B. Greedy Division,1710,1600-1999,1685,https://atcoder.jp/contests/agc054/tasks/agc054_b
Mathematics,数え上げ,arc077_b,D. 11,1715,1600-1999,4186,https://atcoder.jp/contests/abc066/tasks/arc077_b
Mathematics,数え上げ,arc116_d,D. I Wanna Win The Game,1718,1600-1999,2364,https://atcoder.jp/contests/arc116/tasks/arc116_d
Mathematics,数え上げ,arc044_b,B. 最短路問題,1744,1600-1999,1350,https://atcoder.jp/contests/arc044/tasks/arc044_b
Mathematics,数え上げ,abc206_e,E. Divide Both,1745,1600-1999,2904,https://atcoder.jp/contests/abc206/tasks/abc206_e
Mathematics,数え上げ,abc023_c,C. 収集王,1752,1600-1999,2456,https://atcoder.jp/contests/abc023/tasks/abc023_c
Mathematics,数え上げ,abc154_f,F. Many Many Paths,1775,1600-1999,3329,https://atcoder.jp/contests/abc154/tasks/abc154_f
Mathematics,数え上げ,jsc2019_qual_c,C. Cell Inversion,1790,1600-1999,1908,https://atcoder.jp/contests/jsc2019-qual/tasks/jsc2019_qual_c
Mathematics,数え上げ,abc171_f,F. Strivore,1795,1600-1999,3803,https://atcoder.jp/contests/abc171/tasks/abc171_f
Mathematics,数え上げ,hhkb2020_d,D. Squares,1804,1600-1999,1874,https://atcoder.jp/contests/hhkb2020/tasks/hhkb2020_d
Mathematics,数え上げ,abc207_e,E. Mod i,1820,1600-1999,3025,https://atcoder.jp/contests/abc207/tasks/abc207_e
Mathematics,数え上げ,abc150_e,E. Change a Little Bit,1851,1600-1999,2611,https://atcoder.jp/contests/abc150/tasks/abc150_e
Mathematics,数え上げ,agc054_c,C. Roughly Sorted,1863,1600-1999,1255,https://atcoder.jp/contests/agc054/tasks/agc054_c
Mathematics,数え上げ,abc159_f,F. Knapsack for All Segments,1876,1600-1999,3477,https://atcoder.jp/contests/abc159/tasks/abc159_f
Mathematics,数え上げ,abc172_e,E. NEQ,1880,1600-1999,3229,https://atcoder.jp/contests/abc172/tasks/abc172_e
Mathematics,数え上げ,abc173_f,F. Intervals on Tree,1892,1600-1999,3286,https://atcoder.jp/contests/abc173/tasks/abc173_f
Mathematics,数え上げ,mujin_pc_2017_a,A. Robot Racing,1900,1600-1999,1180,https://atcoder.jp/contests/mujin-pc-2017/tasks/mujin_pc_2017_a
Mathematics,数え上げ,abc152_f,F. Tree and Constraints,1965,1600-1999,2529,https://atcoder.jp/contests/abc152/tasks/abc152_f
Mathematics,数え上げ,codefestival_2015_qualB_d,"D. Squares, Pieces and Coloring",1965,1600-1999,528,https://atcoder.jp/contests/code-festival-2015-qualb/tasks/codefestival_2015_qualB_d
Mathematics,数え上げ,arc108_d,D. AB,1987,1600-1999,1762,https://atcoder.jp/contests/arc108/tasks/arc108_d
Mathematics,数え上げ,tenka1_2013_qualA_c,C. 天下一二三パズル,1988,1600-1999,329,https://atcoder.jp/contests/tenka1-2013-quala/tasks/tenka1_2013_qualA_c
Mathematics,数え上げ,arc009_3,C. 高橋君、24歳,2015,2000-2399,938,https://atcoder.jp/contests/arc009/tasks/arc009_3
Mathematics,数え上げ,abc003_4,D. AtCoder社の冬,2033,2000-2399,1529,https://atcoder.jp/contests/abc003/tasks/abc003_4
Mathematics,数え上げ,abc266_g,G. Yet Another RGB Sequence,2045,2000-2399,2076,https://atcoder.jp/contests/abc266/tasks/abc266_g
Mathematics,数え上げ,abc217_g,G. Groups,2047,2000-2399,1952,https://atcoder.jp/contests/abc217/tasks/abc217_g
Mathematics,数え上げ,arc114_c,C. Sequence Scores,2056,2000-2399,1619,https://atcoder.jp/contests/arc114/tasks/arc114_c
Mathematics,数え上げ,code_festival_morning_med_d,D. ぽよぽよ,2073,2000-2399,376,https://atcoder.jp/contests/code-festival-2014-morning-middle/tasks/code_festival_morning_med_d
Mathematics,数え上げ,tenka1_2015_qualB_c,C. 擬二等辺三角形,2087,2000-2399,340,https://atcoder.jp/contests/tenka1-2015-qualb/tasks/tenka1_2015_qualB_c
Mathematics,数え上げ,arc107_d,D. Number of Multisets,2099,2000-2399,2744,https://atcoder.jp/contests/arc107/tasks/arc107_d
Mathematics,数え上げ,agc046_c,C. Shift,2130,2000-2399,1109,https://atcoder.jp/contests/agc046/tasks/agc046_c
Mathematics,数え上げ,arc036_c,C. 偶然ジェネレータ,2139,2000-2399,576,https://atcoder.jp/contests/arc036/tasks/arc036_c
Mathematics,数え上げ,soundhound2018_summer_qual_e,E. + Graph,2164,2000-2399,894,https://atcoder.jp/contests/soundhound2018-summer-qual/tasks/soundhound2018_summer_qual_e
Mathematics,数え上げ,arc067_c,E. Grouping,2190,2000-2399,1661,https://atcoder.jp/contests/arc067/tasks/arc067_c
Mathematics,数え上げ,arc137_d,D. Prefix XORs,2191,2000-2399,1308,https://atcoder.jp/contests/arc137/tasks/arc137_d
Mathematics,数え上げ,agc037_b,B. RGB Balls,2202,2000-2399,1239,https://atcoder.jp/contests/agc037/tasks/agc037_b
Mathematics,数え上げ,yahoo_procon2019_qual_f,F. Pass,2253,2000-2399,907,https://atcoder.jp/contests/yahoo-procon2019-qual/tasks/yahoo_procon2019_qual_f
Mathematics,数え上げ,arc037_d,D. Chaotic Polygons,2258,2000-2399,354,https://atcoder.jp/contests/arc037/tasks/arc037_d
Mathematics,数え上げ,discovery_2016_final_c,C. 特別講演「括弧列と塗り分け」,2266,2000-2399,231,https://atcoder.jp/contests/discovery2016-final/tasks/discovery_2016_final_c
Mathematics,数え上げ,abc209_f,F. Deforestation,2307,2000-2399,1413,https://atcoder.jp/contests/abc209/tasks/abc209_f
Mathematics,数え上げ,exawizards2019_e,E. Black or White,2309,2000-2399,799,https://atcoder.jp/contests/exawizards2019/tasks/exawizards2019_e
Mathematics,数え上げ,arc115_d,D. Odd Degree,2325,2000-2399,1039,https://atcoder.jp/contests/arc115/tasks/arc115_d
Mathematics,数え上げ,agc036_c,C. GP 2,2357,2000-2399,1027,https://atcoder.jp/contests/agc036/tasks/agc036_c
Mathematics,数え上げ,arc115_e,E. LEQ and NEQ,2363,2000-2399,1458,https://atcoder.jp/contests/arc115/tasks/arc115_e
Mathematics,数え上げ,arc048_c,C. 足の多い高橋君,2390,2000-2399,435,https://atcoder.jp/contests/arc048/tasks/arc048_c
Mathematics,数え上げ,diverta2019_e,E. XOR Partitioning,2423,2400-2799,880,https://atcoder.jp/contests/diverta2019/tasks/diverta2019_e
Mathematics,数え上げ,agc009_c,C. Division into Two,2437,2400-2799,1624,https://atcoder.jp/contests/agc009/tasks/agc009_c
Mathematics,数え上げ,abc240_g,G. Teleporting Takahashi,2462,2400-2799,1058,https://atcoder.jp/contests/abc240/tasks/abc240_g
Mathematics,数え上げ,arc102_c,E. Stop. Otherwise...,2484,2400-2799,1500,https://atcoder.jp/contests/arc102/tasks/arc102_c
Mathematics,数え上げ,agc050_c,C. Block Game,2528,2400-2799,514,https://atcoder.jp/contests/agc050/tasks/agc050_c
Mathematics,数え上げ,codefestival_2016_final_f,F. Road of the King,2539,2400-2799,861,https://atcoder.jp/contests/cf16-final/tasks/codefestival_2016_final_f
Mathematics,数え上げ,diverta2019_2_e,E. Balanced Piles,2543,2400-2799,505,https://atcoder.jp/contests/diverta2019-2/tasks/diverta2019_2_e
Mathematics,数え上げ,abl_f,F. Heights and Pairs,2545,2400-2799,482,https://atcoder.jp/contests/abl/tasks/abl_f
Mathematics,数え上げ,arc093_c,E. Bichrome Spanning Tree,2551,2400-2799,1096,https://atcoder.jp/contests/arc093/tasks/arc093_c
Mathematics,数え上げ,abc200_f,F. Minflip Summation,2556,2400-2799,762,https://atcoder.jp/contests/abc200/tasks/abc200_f
Mathematics,数え上げ,agc049_d,D. Convex Sequence,2602,2400-2799,717,https://atcoder.jp/contests/agc049/tasks/agc049_d
Mathematics,数え上げ,dwacon6th_prelims_c,C. Cookie Distribution,2618,2400-2799,856,https://atcoder.jp/contests/dwacon6th-prelims/tasks/dwacon6th_prelims_c
Mathematics,数え上げ,arc121_e,E. Directed Tree,2645,2400-2799,1098,https://atcoder.jp/contests/arc121/tasks/arc121_e
Mathematics,数え上げ,arc108_f,F. Paint Tree,2646,2400-2799,1044,https://atcoder.jp/contests/arc108/tasks/arc108_f
Mathematics,数え上げ,arc065_d,F. Shuffling,2652,2400-2799,1058,https://atcoder.jp/contests/arc065/tasks/arc065_d
Mathematics,数え上げ,arc062_c,E. Building Cubes with AtCoDeer,2655,2400-2799,783,https://atcoder.jp/contests/arc062/tasks/arc062_c
Mathematics,数え上げ,arc112_e,E. Cigar Box,2659,2400-2799,874,https://atcoder.jp/contests/arc112/tasks/arc112_e
Mathematics,数え上げ,agc030_d,D. Inversion Sum,2712,2400-2799,1702,https://atcoder.jp/contests/agc030/tasks/agc030_d
Mathematics,数え上げ,caddi2018_d,F. Square,2723,2400-2799,291,https://atcoder.jp/contests/caddi2018/tasks/caddi2018_d
Mathematics,数え上げ,arc082_c,E. ConvexScore,2729,2400-2799,915,https://atcoder.jp/contests/arc082/tasks/arc082_c
Mathematics,数え上げ,aising2020_f,F. Two Snuke,2742,2400-2799,474,https://atcoder.jp/contests/aising2020/tasks/aising2020_f
Mathematics,数え上げ,arc106_f,F. Figures,2755,2400-2799,971,https://atcoder.jp/contests/arc106/tasks/arc106_f
Mathematics,数え上げ,tokiomarine2020_e,E. O(rand),2756,2400-2799,706,https://atcoder.jp/contests/tokiomarine2020/tasks/tokiomarine2020_e
Mathematics,数え上げ,agc045_c,C. Range Set,2758,2400-2799,696,https://atcoder.jp/contests/agc045/tasks/agc045_c
Mathematics,数え上げ,agc012_d,D. Colorful Balls,2760,2400-2799,1297,https://atcoder.jp/contests/agc012/tasks/agc012_d
Mathematics,数え上げ,nomura2020_d,D. Urban Planning,2810,2800-3199,511,https://atcoder.jp/contests/nomura2020/tasks/nomura2020_d
Mathematics,数え上げ,arc046_d,D. うさぎとマス目,2852,2800-3199,145,https://atcoder.jp/contests/arc046/tasks/arc046_d
Mathematics,数え上げ,arc025_4,D. コンセント,2863,2800-3199,76,https://atcoder.jp/contests/arc025/tasks/arc025_4
Mathematics,数え上げ,arc090_d,F. Number of Digits,2891,2800-3199,511,https://atcoder.jp/contests/arc090/tasks/arc090_d
Mathematics,数え上げ,tenka1_2019_f,F. Banned X,2891,2800-3199,449,https://atcoder.jp/contests/tenka1-2019/tasks/tenka1_2019_f
Mathematics,数え上げ,abc214_g,G. Three Permutations,2893,2800-3199,714,https://atcoder.jp/contests/abc214/tasks/abc214_g
Mathematics,数え上げ,abc202_f,F. Integer Convex Hull,2905,2800-3199,352,https://atcoder.jp/contests/abc202/tasks/abc202_f
Mathematics,数え上げ,agc046_d,D. Secret Passage,2911,2800-3199,608,https://atcoder.jp/contests/agc046/tasks/agc046_d
Mathematics,数え上げ,cf17_final_g,G. Mancala,2931,2800-3199,346,https://atcoder.jp/contests/cf17-final/tasks/cf17_final_g
Mathematics,数え上げ,agc052_c,C. Nondivisible Prefix Sums,2936,2800-3199,536,https://atcoder.jp/contests/agc052/tasks/agc052_c
Mathematics,数え上げ,code_festival_2017_qualb_e,E. Popping Balls,2937,2800-3199,338,https://atcoder.jp/contests/code-festival-2017-qualb/tasks/code_festival_2017_qualb_e
Mathematics,数え上げ,arc121_f,F. Logical Operations on Tree,2940,2800-3199,639,https://atcoder.jp/contests/arc121/tasks/arc121_f
Mathematics,数え上げ,agc005_d,D. ~K Perm Counting,2943,2800-3199,2004,https://atcoder.jp/contests/agc005/tasks/agc005_d
Mathematics,数え上げ,arc064_d,F. Rotated Palindromes,2949,2800-3199,866,https://atcoder.jp/contests/arc064/tasks/arc064_d
Mathematics,数え上げ,keyence2019_f,F. Paper Cutting,2957,2800-3199,310,https://atcoder.jp/contests/keyence2019/tasks/keyence2019_f
Mathematics,数え上げ,arc110_e,E. Shorten ABC,2973,2800-3199,584,https://atcoder.jp/contests/arc110/tasks/arc110_e
Mathematics,数え上げ,agc024_e,E. Sequence Growing Hard,3001,2800-3199,1109,https://atcoder.jp/contests/agc024/tasks/agc024_e
Mathematics,数え上げ,dwacon6th_prelims_e,E. Span Covering,3012,2800-3199,371,https://atcoder.jp/contests/dwacon6th-prelims/tasks/dwacon6th_prelims_e
Mathematics,数え上げ,arc057_d,D. 全域木,3019,2800-3199,176,https://atcoder.jp/contests/arc057/tasks/arc057_d
Mathematics,数え上げ,arc068_d,F. Solitaire,3042,2800-3199,969,https://atcoder.jp/contests/arc068/tasks/arc068_d
Mathematics,数え上げ,agc013_d,D. Piling Up,3089,2800-3199,1536,https://atcoder.jp/contests/agc013/tasks/agc013_d
Mathematics,数え上げ,arc020_4,D. お菓子の国の旅行,3133,2800-3199,100,https://atcoder.jp/contests/arc020/tasks/arc020_4
Mathematics,数え上げ,arc061_d,F. Card Game for Three,3154,2800-3199,894,https://atcoder.jp/contests/arc061/tasks/arc061_d
Mathematics,数え上げ,arc087_d,F. Squirrel Migration,3252,3200-3599,676,https://atcoder.jp/contests/arc087/tasks/arc087_d
Mathematics,数え上げ,arc084_d,F. XorShift,3397,3200-3599,391,https://atcoder.jp/contests/arc084/tasks/arc084_d
Mathematics,数え上げ,keyence2020_f,F. Monochromization,3402,3200-3599,96,https://atcoder.jp/contests/keyence2020/tasks/keyence2020_f
Mathematics,数え上げ,agc009_d,D. Uninity,3404,3200-3599,1044,https://atcoder.jp/contests/agc009/tasks/agc009_d
Mathematics,数え上げ,code_festival_2017_quala_e,E. Modern Painting,3415,3200-3599,178,https://atcoder.jp/contests/code-festival-2017-quala/tasks/code_festival_2017_quala_e
Mathematics,数え上げ,agc005_f,F. Many Easy Problems,3440,3200-3599,1074,https://atcoder.jp/contests/agc005/tasks/agc005_f
Mathematics,数え上げ,tenka1_2018_f,F. Circular,3493,3200-3599,133,https://atcoder.jp/contests/tenka1-2018/tasks/tenka1_2018_f
Mathematics,数え上げ,agc015_e,E. Mr.Aoki Incubator,3571,3200-3599,839,https://atcoder.jp/contests/agc015/tasks/agc015_e
Mathematics,数え上げ,hitachi2020_f,F. Preserve Diameter,3694,3600+,181,https://atcoder.jp/contests/hitachi2020/tasks/hitachi2020_f
Mathematics,数え上げ,arc089_d,F. ColoringBalls,3782,3600+,406,https://atcoder.jp/contests/arc089/tasks/arc089_d
Mathematics,数え上げ,agc021_e,E. Ball Eat Chameleons,3944,3600+,851,https://atcoder.jp/contests/agc021/tasks/agc021_e
Mathematics,数え上げ,agc018_e,E. Sightseeing Plan,3953,3600+,552,https://atcoder.jp/contests/agc018/tasks/agc018_e
Mathematics,数え上げ,typical90_ap,042. Multiple of 9（★4）,,unknown,4704,https://atcoder.jp/contests/typical90/tasks/typical90_ap
Mathematics,数え上げ,agc001_e,E. BBQ Hard,,unknown,2690,https://atcoder.jp/contests/agc001/tasks/agc001_e
Mathematics,数え上げ,typical90_ch,086. Snuke's Favorite Arrays（★5）,,unknown,2122,https://atcoder.jp/contests/typical90/tasks/typical90_ch
Mathematics,数え上げ,typical90_cb,080. Let's Share Bit（★6）,,unknown,1395,https://atcoder.jp/contests/typical90/tasks/typical90_cb
Mathematics,数え上げ,ddcc2018_qual_c,C. チップ・ストーリー ～白銀編～,,unknown,964,https://atcoder.jp/contests/ddcc2019-qual/tasks/ddcc2018_qual_c
Mathematics,数え上げ,joi2016ho_b,B. スタンプラリー 2 (Collecting Stamps 2),,unknown,905,https://atcoder.jp/contests/joi2016ho/tasks/joi2016ho_b
Mathematics,数え上げ,cf16_exhibition_final_a,A. 1D Matching,,unknown,861,https://atcoder.jp/contests/cf16-exhibition-final/tasks/cf16_exhibition_final_a
Mathematics,数え上げ,joisc2007_anagra,anagram. アナグラム (Anagram),,unknown,766,https://atcoder.jp/contests/joisc2007/tasks/joisc2007_anagra
Mathematics,数え上げ,chokudai_S001_k,K. 辞書順で何番目？,,unknown,734,https://atcoder.jp/contests/chokudai_S001/tasks/chokudai_S001_k
Mathematics,数え上げ,typical90_bm,065. RGB Balls 2（★7）,,unknown,712,https://atcoder.jp/contests/typical90/tasks/typical90_bm
Mathematics,数え上げ,past202010_k,K. 転倒数,,unknown,582,https://atcoder.jp/contests/past202010-open/tasks/past202010_k
Mathematics,数え上げ,joisc2011_banner,banner. 横断幕 (Banner),,unknown,559,https://atcoder.jp/contests/joisc2011/tasks/joisc2011_banner
Mathematics,数え上げ,tkppc4_2_d,D. 新入生歓迎数列 2,,unknown,302,https://atcoder.jp/contests/tkppc4-2/tasks/tkppc4_2_d
Mathematics,数え上げ,arc086_d,F. Shift and Decrement,,unknown,238,https://atcoder.jp/contests/arc086/tasks/arc086_d
Mathematics,数え上げ,wtf19_b,B. Multiple of Nine,,unknown,226,https://atcoder.jp/contests/wtf19-open/tasks/wtf19_b
Mathematics,数え上げ,kupc2014_d,D. ハミング,,unknown,205,https://atcoder.jp/contests/kupc2014/tasks/kupc2014_d
Mathematics,数え上げ,cf16_exhibition_final_j,J. 123 Pairs,,unknown,191,https://atcoder.jp/contests/cf16-exhibition-final/tasks/cf16_exhibition_final_j
Mathematics,数え上げ,typical90_cl,090. Tenkei90's Last Problem（★7）,,unknown,184,https://atcoder.jp/contests/typical90/tasks/typical90_cl
Mathematics,数え上げ,pakencamp_2019_day4_e,E. IOI のために,,unknown,143,https://atcoder.jp/contests/pakencamp-2019-day4/tasks/pakencamp_2019_day4_e
Mathematics,数え上げ,k2pc001_h2,B. 虫歯(Cavity),,unknown,131,https://atcoder.jp/contests/k2pc-hard/tasks/k2pc001_h2
Mathematics,数え上げ,donuts_live2014_4,D. サバゲー,,unknown,130,https://atcoder.jp/contests/donuts-live2014/tasks/donuts_live2014_4
Mathematics,数え上げ,ttpc2019_g,G. Palindromic Love Letter,,unknown,104,https://atcoder.jp/contests/ttpc2019/tasks/ttpc2019_g
Mathematics,数え上げ,kupc2019_k,K. One or All,,unknown,95,https://atcoder.jp/contests/kupc2019/tasks/kupc2019_k
Mathematics,数え上げ,dwacon6th_final_b,B. Harvest Festival,,unknown,92,https://atcoder.jp/contests/dwacon6th-final-open/tasks/dwacon6th_final_b
Mathematics,数え上げ,wupc2019_j,J. Color Ball,,unknown,77,https://atcoder.jp/contests/wupc2019/tasks/wupc2019_j
Mathematics,数え上げ,tenka1_2012_final_b,B. よんてん,,unknown,58,https://atcoder.jp/contests/tenka1-2012-final/tasks/tenka1_2012_final_b
Mathematics,数え上げ,qupc2018_i,I. Buffalo,,unknown,47,https://atcoder.jp/contests/qupc2018/tasks/qupc2018_i
Mathematics,整数,agc010_a,A. Addition,-10000,<0,8251,https://atcoder.jp/contests/agc010/tasks/agc010_a
Mathematics,整数,abc187_a,A. Large Digits,-1172,<0,18373,https://atcoder.jp/contests/abc187/tasks/abc187_a
Mathematics,整数,abc165_a,A. We Love Golf,-708,<0,23408,https://atcoder.jp/contests/abc165/tasks/abc165_a
Mathematics,整数,diverta2019_2_a,A. Ball Distribution,-642,<0,6572,https://atcoder.jp/contests/diverta2019-2/tasks/diverta2019_2_a
Mathematics,整数,diverta2019_a,A. Consecutive Integers,-551,<0,6956,https://atcoder.jp/contests/diverta2019/tasks/diverta2019_a
Mathematics,整数,abc156_b,B. Digits,-466,<0,17446,https://atcoder.jp/contests/abc156/tasks/abc156_b
Mathematics,整数,abc239_b,B. Integer Division,-378,<0,12440,https://atcoder.jp/contests/abc239/tasks/abc239_b
Mathematics,整数,abc148_c,C. Snack,-341,<0,15875,https://atcoder.jp/contests/abc148/tasks/abc148_c
Mathematics,整数,abc120_b,B. K-th Common Divisor,-168,<0,15577,https://atcoder.jp/contests/abc120/tasks/abc120_b
Mathematics,整数,arc110_a,A. Redundant Redundancy,-81,<0,7068,https://atcoder.jp/contests/arc110/tasks/arc110_a
Mathematics,整数,abc106_b,B. 105,-75,<0,18161,https://atcoder.jp/contests/abc106/tasks/abc106_b
Mathematics,整数,abc158_b,B. Count Balls,-72,<0,19119,https://atcoder.jp/contests/abc158/tasks/abc158_b
Mathematics,整数,arc107_a,A. Simple Math,-28,<0,8531,https://atcoder.jp/contests/arc107/tasks/arc107_a
Mathematics,整数,abc180_c,C. Cream puff,-13,<0,15180,https://atcoder.jp/contests/abc180/tasks/abc180_c
Mathematics,整数,abc208_c,C. Fair Candy Distribution,-13,<0,12669,https://atcoder.jp/contests/abc208/tasks/abc208_c
Mathematics,整数,arc108_a,A. Sum and Product,-3,<0,7387,https://atcoder.jp/contests/arc108/tasks/arc108_a
Mathematics,整数,arc116_a,A. Odd vs Even,22,0-399,6914,https://atcoder.jp/contests/arc116/tasks/arc116_a
Mathematics,整数,abc162_c,C. Sum of gcd of Tuples (Easy),34,0-399,18441,https://atcoder.jp/contests/abc162/tasks/abc162_c
Mathematics,整数,abc272_c,C. Max Even,51,0-399,11991,https://atcoder.jp/contests/abc272/tasks/abc272_c
Mathematics,整数,abc149_c,C. Next Prime,62,0-399,17737,https://atcoder.jp/contests/abc149/tasks/abc149_c
Mathematics,整数,arc032_1,A. ホリドッグ,77,0-399,3095,https://atcoder.jp/contests/arc032/tasks/arc032_1
Mathematics,整数,apc001_a,A. Two Integers,123,0-399,4767,https://atcoder.jp/contests/apc001/tasks/apc001_a
Mathematics,整数,abc200_c,C. Ringo's Favorite Numbers 2,138,0-399,14481,https://atcoder.jp/contests/abc200/tasks/abc200_c
Mathematics,整数,arc012_2,B. アキレスと亀,159,0-399,2499,https://atcoder.jp/contests/arc012/tasks/arc012_2
Mathematics,整数,arc017_1,A. 素数、コンテスト、素数,185,0-399,4257,https://atcoder.jp/contests/arc017/tasks/arc017_1
Mathematics,整数,arc113_a,A. A*B*C,191,0-399,6814,https://atcoder.jp/contests/arc113/tasks/arc113_a
Mathematics,整数,abc196_c,C. Doubled,202,0-399,14065,https://atcoder.jp/contests/abc196/tasks/abc196_c
Mathematics,整数,abc097_b,B. Exponential,207,0-399,11558,https://atcoder.jp/contests/abc097/tasks/abc097_b
Mathematics,整数,abc239_d,D. Prime Sum Game,215,0-399,9922,https://atcoder.jp/contests/abc239/tasks/abc239_d
Mathematics,整数,sumitb2019_c,C. 100 to 105,216,0-399,9040,https://atcoder.jp/contests/sumitrust2019/tasks/sumitb2019_c
Mathematics,整数,abc195_c,C. Comma,235,0-399,11401,https://atcoder.jp/contests/abc195/tasks/abc195_c
Mathematics,整数,arc096_a,C. Half and Half,273,0-399,18181,https://atcoder.jp/contests/abc095/tasks/arc096_a
Mathematics,整数,abc182_c,C. To 3,274,0-399,13202,https://atcoder.jp/contests/abc182/tasks/abc182_c
Mathematics,整数,arc165_a,A. Sum equals LCM,275,0-399,3883,https://atcoder.jp/contests/arc165/tasks/arc165_a
Mathematics,整数,abc144_c,C. Walk on Multiplication Table,311,0-399,15810,https://atcoder.jp/contests/abc144/tasks/abc144_c
Mathematics,整数,jsc2021_c,C. Max GCD 2,338,0-399,5919,https://atcoder.jp/contests/jsc2021/tasks/jsc2021_c
Mathematics,整数,abc139_d,D. ModSum,354,0-399,16378,https://atcoder.jp/contests/abc139/tasks/abc139_d
Mathematics,整数,tenka1_2012_9,A. 与えられた数より小さい素数の個数について,369,0-399,2347,https://atcoder.jp/contests/tenka1-2012-qualC/tasks/tenka1_2012_9
Mathematics,整数,dwango2016qual_a,A. ニコニコ数,373,0-399,2313,https://atcoder.jp/contests/dwango2016-prelims/tasks/dwango2016qual_a
Mathematics,整数,abc193_c,C. Unexpressed,378,0-399,12813,https://atcoder.jp/contests/abc193/tasks/abc193_c
Mathematics,整数,agc021_a,A. Digit Sum 2,396,0-399,6909,https://atcoder.jp/contests/agc021/tasks/agc021_a
Mathematics,整数,arc118_a,A. Tax Included Price,418,400-799,4412,https://atcoder.jp/contests/arc118/tasks/arc118_a
Mathematics,整数,code_festival_2017_qualc_b,B. Similar Arrays,424,400-799,6000,https://atcoder.jp/contests/code-festival-2017-qualc/tasks/code_festival_2017_qualc_b
Mathematics,整数,abc292_c,C. Four Variables,444,400-799,10092,https://atcoder.jp/contests/abc292/tasks/abc292_c
Mathematics,整数,abc103_c,C. Modulo Summation,451,400-799,13212,https://atcoder.jp/contests/abc103/tasks/abc103_c
Mathematics,整数,abc060_b,B. Choose Integers,503,400-799,13133,https://atcoder.jp/contests/abc060/tasks/abc060_b
Mathematics,整数,abc131_c,C. Anti-Division,518,400-799,14881,https://atcoder.jp/contests/abc131/tasks/abc131_c
Mathematics,整数,abc253_d,D. FizzBuzz Sum Hard,520,400-799,9789,https://atcoder.jp/contests/abc253/tasks/abc253_d
Mathematics,整数,abc109_c,C. Skip,542,400-799,11669,https://atcoder.jp/contests/abc109/tasks/abc109_c
Mathematics,整数,yahoo_procon2019_qual_c,C. When I hit my pocket...,547,400-799,6408,https://atcoder.jp/contests/yahoo-procon2019-qual/tasks/yahoo_procon2019_qual_c
Mathematics,整数,arc044_a,A. 素数判定,560,400-799,3656,https://atcoder.jp/contests/arc044/tasks/arc044_a
Mathematics,整数,arc113_b,B. A^B^C,573,400-799,5686,https://atcoder.jp/contests/arc113/tasks/arc113_b
Mathematics,整数,arc080_a,C. 4-adjacent,578,400-799,10478,https://atcoder.jp/contests/abc069/tasks/arc080_a
Mathematics,整数,abc165_d,D. Floor Function,600,400-799,12702,https://atcoder.jp/contests/abc165/tasks/abc165_d
Mathematics,整数,abc181_d,D. Hachi,600,400-799,9455,https://atcoder.jp/contests/abc181/tasks/abc181_d
Mathematics,整数,abc238_c,C. digitnum,637,400-799,8916,https://atcoder.jp/contests/abc238/tasks/abc238_c
Mathematics,整数,arc115_a,A. Two Choices,641,400-799,4380,https://atcoder.jp/contests/arc115/tasks/arc115_a
Mathematics,整数,abc276_d,D. Divide by 2 or 3,645,400-799,8855,https://atcoder.jp/contests/abc276/tasks/abc276_d
Mathematics,整数,agc028_a,A. Two Abbreviations,645,400-799,5242,https://atcoder.jp/contests/agc028/tasks/agc028_a
Mathematics,整数,abc118_c,C. Monsters Battle Royale,646,400-799,10807,https://atcoder.jp/contests/abc118/tasks/abc118_c
Mathematics,整数,abc284_d,D. Happy New Year 2023,658,400-799,9793,https://atcoder.jp/contests/abc284/tasks/abc284_d
Mathematics,整数,abc227_c,C. ABC conjecture,692,400-799,8535,https://atcoder.jp/contests/abc227/tasks/abc227_c
Mathematics,整数,abc070_c,C. Multiple Clocks,697,400-799,10065,https://atcoder.jp/contests/abc070/tasks/abc070_c
Mathematics,整数,panasonic2020_c,C. Sqrt Inequality,701,400-799,9954,https://atcoder.jp/contests/panasonic2020/tasks/panasonic2020_c
Mathematics,整数,abc226_d,D. Teleportation,706,400-799,7468,https://atcoder.jp/contests/abc226/tasks/abc226_d
Mathematics,整数,abc190_d,D. Staircase Sequences,722,400-799,9727,https://atcoder.jp/contests/abc190/tasks/abc190_d
Mathematics,整数,abc169_d,D. Div Game,732,400-799,15120,https://atcoder.jp/contests/abc169/tasks/abc169_d
Mathematics,整数,abc215_d,D. Coprime 2,736,400-799,9951,https://atcoder.jp/contests/abc215/tasks/abc215_d
Mathematics,整数,caddi2018_a,C. Product and GCD,778,400-799,6183,https://atcoder.jp/contests/caddi2018b/tasks/caddi2018_a
Mathematics,整数,abc061_c,C. Big Array,808,800-1199,9814,https://atcoder.jp/contests/abc061/tasks/abc061_c
Mathematics,整数,abc148_e,E. Double Factorial,818,800-1199,10986,https://atcoder.jp/contests/abc148/tasks/abc148_e
Mathematics,整数,arc112_b,B. -- - B,822,800-1199,4450,https://atcoder.jp/contests/arc112/tasks/arc112_b
Mathematics,整数,abc142_d,D. Disjoint Set of Common Divisors,827,800-1199,11406,https://atcoder.jp/contests/abc142/tasks/abc142_d
Mathematics,整数,cf_2015_morning_easy_c,C. ヘイホー君と最終試験,841,800-1199,1840,https://atcoder.jp/contests/code-festival-2015-morning-easy/tasks/cf_2015_morning_easy_c
Mathematics,整数,abc048_b,B. Between a and b ...,861,800-1199,13409,https://atcoder.jp/contests/abc048/tasks/abc048_b
Mathematics,整数,abc280_d,D. Factorial and Multiple,880,800-1199,7477,https://atcoder.jp/contests/abc280/tasks/abc280_d
Mathematics,整数,abc298_d,D. Writing a Numeral,882,800-1199,6669,https://atcoder.jp/contests/abc298/tasks/abc298_d
Mathematics,整数,abc234_e,E. Arithmetic Number,899,800-1199,6544,https://atcoder.jp/contests/abc234/tasks/abc234_e
Mathematics,整数,abc174_c,C. Repsept,902,800-1199,12851,https://atcoder.jp/contests/abc174/tasks/abc174_c
Mathematics,整数,abc057_c,C. Digits in Multiplication,904,800-1199,13666,https://atcoder.jp/contests/abc057/tasks/abc057_c
Mathematics,整数,abc300_d,D. AABCC,908,800-1199,6892,https://atcoder.jp/contests/abc300/tasks/abc300_d
Mathematics,整数,abc342_d,D. Square Pair,944,800-1199,7732,https://atcoder.jp/contests/abc342/tasks/abc342_d
Mathematics,整数,agc018_a,A. Getting Difference,947,800-1199,5639,https://atcoder.jp/contests/agc018/tasks/agc018_a
Mathematics,整数,abc172_d,D. Sum of Divisors,963,800-1199,12047,https://atcoder.jp/contests/abc172/tasks/abc172_d
Mathematics,整数,arc102_a,C. Triangular Relationship,966,800-1199,8640,https://atcoder.jp/contests/abc108/tasks/arc102_a
Mathematics,整数,arc067_a,C. Factors of Factorial,967,800-1199,10311,https://atcoder.jp/contests/abc052/tasks/arc067_a
Mathematics,整数,abc230_e,E. Fraction Floor Sum,969,800-1199,5953,https://atcoder.jp/contests/abc230/tasks/abc230_e
Mathematics,整数,abc357_d,D. 88888888,970,800-1199,7278,https://atcoder.jp/contests/abc357/tasks/abc357_d
Mathematics,整数,abc084_d,D. 2017-like Number,980,800-1199,9800,https://atcoder.jp/contests/abc084/tasks/abc084_d
Mathematics,整数,abc249_d,D. Index Trio,983,800-1199,7020,https://atcoder.jp/contests/abc249/tasks/abc249_d
Mathematics,整数,abc112_d,D. Partition,1025,800-1199,7566,https://atcoder.jp/contests/abc112/tasks/abc112_d
Mathematics,整数,arc051_b,B. 互除法,1032,800-1199,2495,https://atcoder.jp/contests/arc051/tasks/arc051_b
Mathematics,整数,abc170_d,D. Not Divisible,1033,800-1199,11163,https://atcoder.jp/contests/abc170/tasks/abc170_d
Mathematics,整数,agc023_a,A. Zero-Sum Ranges,1038,800-1199,6878,https://atcoder.jp/contests/agc023/tasks/agc023_a
Mathematics,整数,abc177_e,E. Coprime,1057,800-1199,8416,https://atcoder.jp/contests/abc177/tasks/abc177_e
Mathematics,整数,arc023_2,B. 謎の人物X,1111,800-1199,2242,https://atcoder.jp/contests/arc023/tasks/arc023_2
Mathematics,整数,abc019_3,C. 高橋くんと魔法の箱,1129,800-1199,4435,https://atcoder.jp/contests/abc019/tasks/abc019_3
Mathematics,整数,arc111_a,A. Simple Math 2,1146,800-1199,4783,https://atcoder.jp/contests/arc111/tasks/arc111_a
Mathematics,整数,abc179_e,E. Sequence Sum,1175,800-1199,6547,https://atcoder.jp/contests/abc179/tasks/abc179_e
Mathematics,整数,abc254_d,D. Together Square,1191,800-1199,6322,https://atcoder.jp/contests/abc254/tasks/abc254_d
Mathematics,整数,abc125_c,C. GCD on Blackboard,1197,800-1199,15385,https://atcoder.jp/contests/abc125/tasks/abc125_c
Mathematics,整数,arc026_2,B. 完全数,1199,800-1199,3316,https://atcoder.jp/contests/arc026/tasks/arc026_2
Mathematics,整数,abc105_c,C. Base -2 Number,1204,1200-1599,7335,https://atcoder.jp/contests/abc105/tasks/abc105_c
Mathematics,整数,abc147_d,D. Xor Sum 4,1205,1200-1599,8367,https://atcoder.jp/contests/abc147/tasks/abc147_d
Mathematics,整数,abc096_d,"D. Five, Five Everywhere",1226,1200-1599,6233,https://atcoder.jp/contests/abc096/tasks/abc096_d
Mathematics,整数,abc164_d,D. Multiple of 2019,1232,1200-1599,10879,https://atcoder.jp/contests/abc164/tasks/abc164_d
Mathematics,整数,arc125_b,B. Squares,1273,1200-1599,2960,https://atcoder.jp/contests/arc125/tasks/arc125_b
Mathematics,整数,abc114_d,D. 756,1337,1200-1599,5494,https://atcoder.jp/contests/abc114/tasks/abc114_d
Mathematics,整数,abc152_e,E. Flatten,1348,1200-1599,5891,https://atcoder.jp/contests/abc152/tasks/abc152_e
Mathematics,整数,abc259_e,E. LCM on Whiteboard,1370,1200-1599,4320,https://atcoder.jp/contests/abc259/tasks/abc259_e
Mathematics,整数,abc192_d,D. Base n,1425,1200-1599,5776,https://atcoder.jp/contests/abc192/tasks/abc192_d
Mathematics,整数,abc105_d,D. Candy Distribution,1458,1200-1599,5291,https://atcoder.jp/contests/abc105/tasks/abc105_d
Mathematics,整数,abc186_e,E. Throne,1461,1200-1599,4368,https://atcoder.jp/contests/abc186/tasks/abc186_e
Mathematics,整数,arc124_c,C. LCM of GCDs,1495,1200-1599,2557,https://atcoder.jp/contests/arc124/tasks/arc124_c
Mathematics,整数,abc292_f,F. Regular Triangle Inside a Rectangle,1522,1200-1599,2988,https://atcoder.jp/contests/abc292/tasks/abc292_f
Mathematics,整数,abc161_f,F. Division or Subtraction,1528,1200-1599,5036,https://atcoder.jp/contests/abc161/tasks/abc161_f
Mathematics,整数,abc150_d,D. Semi Common Multiple,1534,1200-1599,5795,https://atcoder.jp/contests/abc150/tasks/abc150_d
Mathematics,整数,abc228_e,E. Integer Sequence Fair,1579,1200-1599,4042,https://atcoder.jp/contests/abc228/tasks/abc228_e
Mathematics,整数,arc034_3,C. 約数かつ倍数,1584,1200-1599,1646,https://atcoder.jp/contests/arc034/tasks/arc034_3
Mathematics,整数,agc047_a,A. Integer Product,1592,1200-1599,2768,https://atcoder.jp/contests/agc047/tasks/agc047_a
Mathematics,整数,abc210_e,E. Ring MST,1618,1600-1999,3111,https://atcoder.jp/contests/abc210/tasks/abc210_e
Mathematics,整数,agc022_b,B. GCD Sequence,1645,1600-1999,2192,https://atcoder.jp/contests/agc022/tasks/agc022_b
Mathematics,整数,abc136_e,E. Max GCD,1670,1600-1999,3949,https://atcoder.jp/contests/abc136/tasks/abc136_e
Mathematics,整数,abc110_d,D. Factorization,1695,1600-1999,4742,https://atcoder.jp/contests/abc110/tasks/abc110_d
Mathematics,整数,arc163_c,C. Harmonic Mean,1711,1600-1999,1910,https://atcoder.jp/contests/arc163/tasks/arc163_c
Mathematics,整数,arc139_b,B. Make N,1719,1600-1999,1774,https://atcoder.jp/contests/arc139/tasks/arc139_b
Mathematics,整数,agc026_b,B. rng_10s,1720,1600-1999,2158,https://atcoder.jp/contests/agc026/tasks/agc026_b
Mathematics,整数,abc254_f,F. Rectangle GCD,1764,1600-1999,2731,https://atcoder.jp/contests/abc254/tasks/abc254_f
Mathematics,整数,arc117_c,C. Tricolor Pyramid,1768,1600-1999,2597,https://atcoder.jp/contests/arc117/tasks/arc117_c
Mathematics,整数,acl1_b,B. Sum is Multiple,1785,1600-1999,1405,https://atcoder.jp/contests/acl1/tasks/acl1_b
Mathematics,整数,arc122_c,C. Calculator,1818,1600-1999,1696,https://atcoder.jp/contests/arc122/tasks/arc122_c
Mathematics,整数,arc126_c,C. Maximize GCD,1824,1600-1999,2013,https://atcoder.jp/contests/arc126/tasks/arc126_c
Mathematics,整数,abc286_f,F. Guess The Number 2,1841,1600-1999,1939,https://atcoder.jp/contests/abc286/tasks/abc286_f
Mathematics,整数,abc158_e,E. Divisible Substring,1866,1600-1999,4169,https://atcoder.jp/contests/abc158/tasks/abc158_e
Mathematics,整数,arc004_3,C. 平均値太郎の憂鬱 ( The melancholy of Taro Heikinchi ),1904,1600-1999,956,https://atcoder.jp/contests/arc004/tasks/arc004_3
Mathematics,整数,agc043_b,B. 123 Triangle,1945,1600-1999,1948,https://atcoder.jp/contests/agc043/tasks/agc043_b
Mathematics,整数,abc193_e,E. Oversleeping,1948,1600-1999,2117,https://atcoder.jp/contests/abc193/tasks/abc193_e
Mathematics,整数,codefestival_2015_qualB_d,"D. Squares, Pieces and Coloring",1965,1600-1999,528,https://atcoder.jp/contests/code-festival-2015-qualb/tasks/codefestival_2015_qualB_d
Mathematics,整数,arc106_d,D. Powers,1988,1600-1999,2095,https://atcoder.jp/contests/arc106/tasks/arc106_d
Mathematics,整数,code_festival_final_f,F. 誤情報,2023,2000-2399,342,https://atcoder.jp/contests/code-festival-2014-final/tasks/code_festival_final_f
Mathematics,整数,arc110_d,D. Binomial Coefficient is Fun,2078,2000-2399,1945,https://atcoder.jp/contests/arc110/tasks/arc110_d
Mathematics,整数,abc212_g,G. Power Pair,2150,2000-2399,1530,https://atcoder.jp/contests/abc212/tasks/abc212_g
Mathematics,整数,abc156_f,F. Modularness,2150,2000-2399,1425,https://atcoder.jp/contests/abc156/tasks/abc156_f
Mathematics,整数,arc059_c,E. Children and Candies,2189,2000-2399,1842,https://atcoder.jp/contests/arc059/tasks/arc059_c
Mathematics,整数,arc017_4,D. ARCたんクッキー,2244,2000-2399,416,https://atcoder.jp/contests/arc017/tasks/arc017_4
Mathematics,整数,arc042_d,D. あまり,2247,2000-2399,435,https://atcoder.jp/contests/arc042/tasks/arc042_d
Mathematics,整数,agc038_c,C. LCMs,2327,2000-2399,2283,https://atcoder.jp/contests/agc038/tasks/agc038_c
Mathematics,整数,abc212_f,F. Greedy Takahashi,2332,2000-2399,1342,https://atcoder.jp/contests/abc212/tasks/abc212_f
Mathematics,整数,arc050_c,C. LCM 111,2372,2000-2399,741,https://atcoder.jp/contests/arc050/tasks/arc050_c
Mathematics,整数,abc147_f,F. Sum Difference,2393,2000-2399,1285,https://atcoder.jp/contests/abc147/tasks/abc147_f
Mathematics,整数,abc137_f,F. Polynomial Construction,2402,2400-2799,1196,https://atcoder.jp/contests/abc137/tasks/abc137_f
Mathematics,整数,arc052_d,D. 9,2436,2400-2799,496,https://atcoder.jp/contests/arc052/tasks/arc052_d
Mathematics,整数,arc084_b,D. Small Multiple,2457,2400-2799,6440,https://atcoder.jp/contests/abc077/tasks/arc084_b
Mathematics,整数,agc047_c,C. Product Modulo,2496,2400-2799,1119,https://atcoder.jp/contests/agc047/tasks/agc047_c
Mathematics,整数,arc023_4,D. GCD区間,2511,2400-2799,469,https://atcoder.jp/contests/arc023/tasks/arc023_4
Mathematics,整数,arc111_e,E. Simple Math 3,2541,2400-2799,785,https://atcoder.jp/contests/arc111/tasks/arc111_e
Mathematics,整数,arc057_c,C. 2乗根,2547,2400-2799,361,https://atcoder.jp/contests/arc057/tasks/arc057_c
Mathematics,整数,abc020_d,D. LCM Rush,2695,2400-2799,1017,https://atcoder.jp/contests/abc020/tasks/abc020_d
Mathematics,整数,arc084_c,E. Finite Encyclopedia of Integer Sequences,2703,2400-2799,761,https://atcoder.jp/contests/arc084/tasks/arc084_c
Mathematics,整数,tenka1_2019_e,E. Polynomial Divisors,2746,2400-2799,493,https://atcoder.jp/contests/tenka1-2019/tasks/tenka1_2019_e
Mathematics,整数,agc025_d,D. Choosing Points,2868,2800-3199,1096,https://atcoder.jp/contests/agc025/tasks/agc025_d
Mathematics,整数,agc027_d,D. Modulo Matrix,2984,2800-3199,1211,https://atcoder.jp/contests/agc027/tasks/agc027_d
Mathematics,整数,tenka1_2017_f,F. ModularPowerEquation!!,3653,3600+,271,https://atcoder.jp/contests/tenka1-2017/tasks/tenka1_2017_f
Mathematics,整数,typical90_x,024. Select +／- One（★2）,,unknown,10094,https://atcoder.jp/contests/typical90/tasks/typical90_x
Mathematics,整数,typical90_v,022. Cubic Cake（★2）,,unknown,10080,https://atcoder.jp/contests/typical90/tasks/typical90_v
Mathematics,整数,typical90_bw,075. Magic For Balls（★3）,,unknown,5011,https://atcoder.jp/contests/typical90/tasks/typical90_bw
Mathematics,整数,typical90_ad,030. K Factors（★5）,,unknown,4044,https://atcoder.jp/contests/typical90/tasks/typical90_ad
Mathematics,整数,typical90_cg,085. Multiplication 085（★4）,,unknown,3739,https://atcoder.jp/contests/typical90/tasks/typical90_cg
Mathematics,整数,agc001_b,B. Mysterious Light,,unknown,3550,https://atcoder.jp/contests/agc001/tasks/agc001_b
Mathematics,整数,practice2_c,C. Floor Sum,,unknown,2408,https://atcoder.jp/contests/practice2/tasks/practice2_c
Mathematics,整数,past202012_c,C. Hexatridecimal,,unknown,1878,https://atcoder.jp/contests/past202012-open/tasks/past202012_c
Mathematics,整数,chokudai_S002_g,G. GCD α,,unknown,1769,https://atcoder.jp/contests/chokudai_S002/tasks/chokudai_S002_g
Mathematics,整数,chokudai_S001_g,G. あまり,,unknown,1402,https://atcoder.jp/contests/chokudai_S001/tasks/chokudai_S001_g
Mathematics,整数,nikkei2019ex_f,E. スーパーFizzBuzz,,unknown,1305,https://atcoder.jp/contests/nikkei2019-ex/tasks/nikkei2019ex_f
Mathematics,整数,code_thanks_festival_2017_d,D. Bus Tour,,unknown,922,https://atcoder.jp/contests/code-thanks-festival-2017/tasks/code_thanks_festival_2017_d
Mathematics,整数,chokudai_S002_j,J. GCD β,,unknown,887,https://atcoder.jp/contests/chokudai_S002/tasks/chokudai_S002_j
Mathematics,整数,joisc2007_factor,factorial. 階乗 (Factorial),,unknown,843,https://atcoder.jp/contests/joisc2007/tasks/joisc2007_factor
Mathematics,整数,colopl2018_qual_c,C. すぬけそだて――ごはん――,,unknown,800,https://atcoder.jp/contests/colopl2018-qual/tasks/colopl2018_qual_c
Mathematics,整数,ddcc2020_final_a,A. Div/de,,unknown,727,https://atcoder.jp/contests/ddcc2020-final/tasks/ddcc2020_final_a
Mathematics,整数,joisc2007_fermat,fermat. フェルマー方程式 (Fermat),,unknown,712,https://atcoder.jp/contests/joisc2007/tasks/joisc2007_fermat
Mathematics,整数,ddcc2017_final_b,B. GCDロボット,,unknown,649,https://atcoder.jp/contests/ddcc2017-final/tasks/ddcc2017_final_b
Mathematics,整数,ddcc_2016_qual_c,C. ロト2,,unknown,648,https://atcoder.jp/contests/ddcc2016-qual/tasks/ddcc_2016_qual_c
Mathematics,整数,jag2018summer_day2_a,A. 10^N+7,,unknown,571,https://atcoder.jp/contests/jag2018summer-day2/tasks/jag2018summer_day2_a
Mathematics,整数,ttpc2015_d,D. 文字列と素数,,unknown,379,https://atcoder.jp/contests/ttpc2015/tasks/ttpc2015_d
Mathematics,整数,s8pc_3_a,A. Calendar,,unknown,372,https://atcoder.jp/contests/s8pc-3/tasks/s8pc_3_a
Mathematics,整数,tkppc4_1_g,G. バラバラ掛け算,,unknown,360,https://atcoder.jp/contests/tkppc4-1/tasks/tkppc4_1_g
Mathematics,整数,iroha2019_day3_i,I. Prime or Not,,unknown,329,https://atcoder.jp/contests/iroha2019-day3/tasks/iroha2019_day3_i
Mathematics,整数,ddcc2018_qual_d,D. チップ・ストーリー ～黄金編～,,unknown,320,https://atcoder.jp/contests/ddcc2019-qual/tasks/ddcc2018_qual_d
Mathematics,整数,bcu30_2018_a,A. Ball,,unknown,266,https://atcoder.jp/contests/bcu30-2018/tasks/bcu30_2018_a
Mathematics,整数,relay_e,E. Segment on Grid Paper,,unknown,265,https://atcoder.jp/contests/cf16-relay-open/tasks/relay_e
Mathematics,整数,maximum_2013_b,B. Working for the World,,unknown,257,https://atcoder.jp/contests/maximum-cup-2013/tasks/maximum_2013_b
Mathematics,整数,icpc2015summer_day2_a,A. 幾何問題を解こう,,unknown,227,https://atcoder.jp/contests/jag2015summer-day2/tasks/icpc2015summer_day2_a
Mathematics,整数,wtf19_b,B. Multiple of Nine,,unknown,226,https://atcoder.jp/contests/wtf19-open/tasks/wtf19_b
Mathematics,整数,s8pc_2_b,B. Division 2,,unknown,189,https://atcoder.jp/contests/s8pc-2/tasks/s8pc_2_b
Mathematics,整数,icpc2015summer_day2_b,B. 監獄,,unknown,130,https://atcoder.jp/contests/jag2015summer-day2/tasks/icpc2015summer_day2_b
Mathematics,整数,tkppc4_1_n,N. multiple,,unknown,123,https://atcoder.jp/contests/tkppc4-1/tasks/tkppc4_1_n
Mathematics,整数,iroha2019_day3_l,L. デクレッシェンド,,unknown,109,https://atcoder.jp/contests/iroha2019-day3/tasks/iroha2019_day3_l
Mathematics,整数,xmascon19_d,D. Sum of (-1)^f(n),,unknown,107,https://atcoder.jp/contests/xmascon19/tasks/xmascon19_d
Mathematics,整数,tkppc6_1_i,I. 1<->k,,unknown,93,https://atcoder.jp/contests/tkppc6-1/tasks/tkppc6_1_i
Mathematics,整数,xmascon19_e,E. Sum of f(n),,unknown,65,https://atcoder.jp/contests/xmascon19/tasks/xmascon19_e
Mathematics,整数,qupc2018_i,I. Buffalo,,unknown,47,https://atcoder.jp/contests/qupc2018/tasks/qupc2018_i
Mathematics,整数,ttpc2019_i,I. I hate P,,unknown,35,https://atcoder.jp/contests/ttpc2019/tasks/ttpc2019_i
Mathematics,整数,xmascon19_h,H. Stamps 3,,unknown,32,https://atcoder.jp/contests/xmascon19/tasks/xmascon19_h
Mathematics,整数,pakencamp_2019_day4_g,G. 三つの条件,,unknown,9,https://atcoder.jp/contests/pakencamp-2019-day4/tasks/pakencamp_2019_day4_g
Mathematics,期待値,abc003_1,A. AtCoder社の給料,-613,<0,11374,https://atcoder.jp/contests/abc003/tasks/abc003_1
Mathematics,期待値,abc262_c,C. Min Max Pair,360,0-399,9987,https://atcoder.jp/contests/abc262/tasks/abc262_c
Mathematics,期待値,code_festival_morning_easy_a,A. 差の平均,476,400-799,1873,https://atcoder.jp/contests/code-festival-2014-morning-easy/tasks/code_festival_morning_easy_a
Mathematics,期待値,abc154_d,D. Dice in Line,485,400-799,13497,https://atcoder.jp/contests/abc154/tasks/abc154_d
Mathematics,期待値,arc085_a,C. HSI,752,400-799,8267,https://atcoder.jp/contests/abc078/tasks/arc085_a
Mathematics,期待値,abc194_d,D. Journey,1078,800-1199,6595,https://atcoder.jp/contests/abc194/tasks/abc194_d
Mathematics,期待値,soundhound2018_summer_qual_c,C. Ordinary Beauty,1225,1200-1599,3693,https://atcoder.jp/contests/soundhound2018-summer-qual/tasks/soundhound2018_summer_qual_c
Mathematics,期待値,abc360_e,E. Random Swaps of Balls,1249,1200-1599,3901,https://atcoder.jp/contests/abc360/tasks/abc360_e
Mathematics,期待値,abc350_e,E. Toward 0,1385,1200-1599,4992,https://atcoder.jp/contests/abc350/tasks/abc350_e
Mathematics,期待値,abc263_e,E. Sugoroku 3,1659,1600-1999,3226,https://atcoder.jp/contests/abc263/tasks/abc263_e
Mathematics,期待値,dwacon6th_prelims_b,B. Fusing Slimes,1685,1600-1999,1827,https://atcoder.jp/contests/dwacon6th-prelims/tasks/dwacon6th_prelims_b
Mathematics,期待値,abc008_3,C. コイン,1836,1600-1999,2751,https://atcoder.jp/contests/abc008/tasks/abc008_3
Mathematics,期待値,abc150_e,E. Change a Little Bit,1851,1600-1999,2611,https://atcoder.jp/contests/abc150/tasks/abc150_e
Mathematics,期待値,agc049_a,A. Erasing Vertices,1922,1600-1999,1859,https://atcoder.jp/contests/agc049/tasks/agc049_a
Mathematics,期待値,dwango2015_prelims_3,C. ゲーマーじゃんけん,1953,1600-1999,447,https://atcoder.jp/contests/dwango2015-prelims/tasks/dwango2015_prelims_3
Mathematics,期待値,m_solutions2019_c,C. Best-of-(2n-1),2038,2000-2399,1280,https://atcoder.jp/contests/m-solutions2019/tasks/m_solutions2019_c
Mathematics,期待値,abc295_e,E. Kth Number,2157,2000-2399,1663,https://atcoder.jp/contests/abc295/tasks/abc295_e
Mathematics,期待値,abc149_f,F. Surrounded Nodes,2208,2000-2399,1812,https://atcoder.jp/contests/abc149/tasks/abc149_f
Mathematics,期待値,arc114_e,E. Paper Cutting 2,2514,2400-2799,1053,https://atcoder.jp/contests/arc114/tasks/arc114_e
Mathematics,期待値,arc034_4,D. インフレゲーム,2570,2400-2799,149,https://atcoder.jp/contests/arc034/tasks/arc034_4
Mathematics,期待値,arc015_4,D. きんいろクッキー,2688,2400-2799,139,https://atcoder.jp/contests/arc015/tasks/arc015_4
Mathematics,期待値,hhkb2020_f,F. Random Max,2691,2400-2799,346,https://atcoder.jp/contests/hhkb2020/tasks/hhkb2020_f
Mathematics,期待値,abc226_h,H. Random Kth Max,2813,2800-3199,368,https://atcoder.jp/contests/abc226/tasks/abc226_h
Mathematics,期待値,keyence2019_f,F. Paper Cutting,2957,2800-3199,310,https://atcoder.jp/contests/keyence2019/tasks/keyence2019_f
Mathematics,期待値,agc006_c,C. Rabbit Exercise,2996,2800-3199,1674,https://atcoder.jp/contests/agc006/tasks/agc006_c
Mathematics,期待値,arc108_e,E. Random IS,3101,2800-3199,806,https://atcoder.jp/contests/arc108/tasks/arc108_e
Mathematics,期待値,agc007_c,C. Pushing Balls,3379,3200-3599,768,https://atcoder.jp/contests/agc007/tasks/agc007_c
Mathematics,期待値,dp_j,J. Sushi,,unknown,14229,https://atcoder.jp/contests/dp/tasks/dp_j
Mathematics,期待値,typical90_bn,066. Various Arrays（★5）,,unknown,2602,https://atcoder.jp/contests/typical90/tasks/typical90_bn
Mathematics,期待値,past201912_o,O. Endurance,,unknown,603,https://atcoder.jp/contests/past201912-open/tasks/past201912_o
Mathematics,期待値,codefestival_2015_final_b,B. ダイスゲーム,,unknown,481,https://atcoder.jp/contests/code-festival-2015-final-open/tasks/codefestival_2015_final_b
Mathematics,期待値,tkppc3_e,E. デフレゲーム,,unknown,307,https://atcoder.jp/contests/tkppc3/tasks/tkppc3_e
Mathematics,期待値,asaporo_e,A. Takahashi is Missing!,,unknown,238,https://atcoder.jp/contests/cf16-tournament-round2-open/tasks/asaporo_e
Mathematics,期待値,tenka1_2015_final_e,E. 天下一コップ,,unknown,86,https://atcoder.jp/contests/tenka1-2015-final/tasks/tenka1_2015_final_e
Mathematics,期待値,code_festival_2018_qualb_d,D. Sushi Restaurant,,unknown,69,https://atcoder.jp/contests/code-festival-2018-qualb/tasks/code_festival_2018_qualb_d
Mathematics,確率,abc242_a,A. T-shirt,-555,<0,15564,https://atcoder.jp/contests/abc242/tasks/abc242_a
Mathematics,確率,abc126_c,C. Dice and Coin,638,400-799,14703,https://atcoder.jp/contests/abc126/tasks/abc126_c
Mathematics,確率,abc193_d,D. Poker,866,800-1199,6782,https://atcoder.jp/contests/abc193/tasks/abc193_d
Mathematics,確率,abc028_d,D. 乱数生成,920,800-1199,4352,https://atcoder.jp/contests/abc028/tasks/abc028_d
Mathematics,確率,abc008_3,C. コイン,1836,1600-1999,2751,https://atcoder.jp/contests/abc008/tasks/abc008_3
Mathematics,確率,abc011_4,D. 大ジャンプ,1843,1600-1999,1623,https://atcoder.jp/contests/abc011/tasks/abc011_4
Mathematics,確率,code_festival_morning_med_c,C. eject,1983,1600-1999,634,https://atcoder.jp/contests/code-festival-2014-morning-middle/tasks/code_festival_morning_med_c
Mathematics,確率,exawizards2019_e,E. Black or White,2309,2000-2399,799,https://atcoder.jp/contests/exawizards2019/tasks/exawizards2019_e
Mathematics,確率,iroha2019_day3_j,J. Go to Heaven,,unknown,2673,https://atcoder.jp/contests/iroha2019-day3/tasks/iroha2019_day3_j
Mathematics,確率,code_festival_2018_qualb_a,A. Probability of Participation,,unknown,1907,https://atcoder.jp/contests/code-festival-2018-qualb/tasks/code_festival_2018_qualb_a
Mathematics,確率,code_festival_2018_final_b,B. Theme Color,,unknown,613,https://atcoder.jp/contests/code-festival-2018-final-open/tasks/code_festival_2018_final_b
Mathematics,確率,codefestival_2015_final_b,B. ダイスゲーム,,unknown,481,https://atcoder.jp/contests/code-festival-2015-final-open/tasks/codefestival_2015_final_b
Mathematics,確率,pakencamp_2019_day4_c,C. 罰ゲーム,,unknown,389,https://atcoder.jp/contests/pakencamp-2019-day4/tasks/pakencamp_2019_day4_c
Mathematics,確率,wtf19_e,E. e,,unknown,95,https://atcoder.jp/contests/wtf19-open/tasks/wtf19_e
Mathematics,確率,jag2017summer_day3_d,D. Janken Master,,unknown,63,https://atcoder.jp/contests/jag2017summer-day3/tasks/jag2017summer_day3_d
Mathematics,組み合わせ,abc159_a,A. The Number of Even Pairs,-612,<0,19323,https://atcoder.jp/contests/abc159/tasks/abc159_a
Mathematics,組み合わせ,abc143_b,B. TAKOYAKI FESTIVAL 2019,-514,<0,15666,https://atcoder.jp/contests/abc143/tasks/abc143_b
Mathematics,組み合わせ,abc206_c,C. Swappable,60,0-399,15555,https://atcoder.jp/contests/abc206/tasks/abc206_c
Mathematics,組み合わせ,abc209_c,C. Not Equal,264,0-399,12010,https://atcoder.jp/contests/abc209/tasks/abc209_c
Mathematics,組み合わせ,abc185_c,C. Duodecim Ferra,373,0-399,11664,https://atcoder.jp/contests/abc185/tasks/abc185_c
Mathematics,組み合わせ,abc028_c,C. 数を3つ選ぶマン,466,400-799,6152,https://atcoder.jp/contests/abc028/tasks/abc028_c
Mathematics,組み合わせ,abc159_d,D. Banned K,496,400-799,14754,https://atcoder.jp/contests/abc159/tasks/abc159_d
Mathematics,組み合わせ,arc117_b,B. ARC Wrecker,609,400-799,4575,https://atcoder.jp/contests/arc117/tasks/arc117_b
Mathematics,組み合わせ,abc046_b,B. Painting Balls with AtCoDeer,633,400-799,14436,https://atcoder.jp/contests/abc046/tasks/abc046_b
Mathematics,組み合わせ,arc115_a,A. Two Choices,641,400-799,4380,https://atcoder.jp/contests/arc115/tasks/arc115_a
Mathematics,組み合わせ,abc089_c,C. March,642,400-799,9880,https://atcoder.jp/contests/abc089/tasks/abc089_c
Mathematics,組み合わせ,arc076_a,C. Reconciled?,684,400-799,9508,https://atcoder.jp/contests/abc065/tasks/arc076_a
Mathematics,組み合わせ,abc218_d,D. Rectangles,715,400-799,9155,https://atcoder.jp/contests/abc218/tasks/abc218_d
Mathematics,組み合わせ,arc120_b,B. Uniformly Distributed,835,800-1199,3518,https://atcoder.jp/contests/arc120/tasks/arc120_b
Mathematics,組み合わせ,nikkei2019_2_qual_b,B. Counting of Trees,841,800-1199,5606,https://atcoder.jp/contests/nikkei2019-2-qual/tasks/nikkei2019_2_qual_b
Mathematics,組み合わせ,arc095_b,D. Binomial Coefficients,867,800-1199,8438,https://atcoder.jp/contests/abc094/tasks/arc095_b
Mathematics,組み合わせ,abc163_d,D. Sum of Large Numbers,960,800-1199,10456,https://atcoder.jp/contests/abc163/tasks/abc163_d
Mathematics,組み合わせ,arc102_a,C. Triangular Relationship,966,800-1199,8640,https://atcoder.jp/contests/abc108/tasks/arc102_a
Mathematics,組み合わせ,abc202_d,D. aab aba baa,966,800-1199,7708,https://atcoder.jp/contests/abc202/tasks/abc202_d
Mathematics,組み合わせ,abc318_e,E. Sandwiches,1004,800-1199,6520,https://atcoder.jp/contests/abc318/tasks/abc318_e
Mathematics,組み合わせ,abc145_d,D. Knight,1009,800-1199,9452,https://atcoder.jp/contests/abc145/tasks/abc145_d
Mathematics,組み合わせ,abc156_d,D. Bouquet,1014,800-1199,9187,https://atcoder.jp/contests/abc156/tasks/abc156_d
Mathematics,組み合わせ,arc091_b,D. Remainder Reminder,1129,800-1199,6483,https://atcoder.jp/contests/abc090/tasks/arc091_b
Mathematics,組み合わせ,arc081_b,D. Coloring Dominoes,1165,800-1199,6385,https://atcoder.jp/contests/abc071/tasks/arc081_b
Mathematics,組み合わせ,abc132_d,D. Blue and Red Balls,1167,800-1199,7906,https://atcoder.jp/contests/abc132/tasks/abc132_d
Mathematics,組み合わせ,abc307_e,E. Distinct Adjacent,1240,1200-1599,4898,https://atcoder.jp/contests/abc307/tasks/abc307_e
Mathematics,組み合わせ,arc141_b,B. Increasing Prefix XOR,1265,1200-1599,2350,https://atcoder.jp/contests/arc141/tasks/arc141_b
Mathematics,組み合わせ,abc151_e,E. Max-Min Sums,1344,1200-1599,5796,https://atcoder.jp/contests/abc151/tasks/abc151_e
Mathematics,組み合わせ,arc039_b,B. 高橋幼稚園,1383,1200-1599,1789,https://atcoder.jp/contests/arc039/tasks/arc039_b
Mathematics,組み合わせ,codefestival_2016_qualC_c,C. Two Alpinists,1404,1200-1599,2724,https://atcoder.jp/contests/code-festival-2016-qualc/tasks/codefestival_2016_qualC_c
Mathematics,組み合わせ,arc027_2,B. 大事な数なのでZ回書きまLた。,1432,1200-1599,1553,https://atcoder.jp/contests/arc027/tasks/arc027_2
Mathematics,組み合わせ,abc034_c,C. 経路,1440,1200-1599,5113,https://atcoder.jp/contests/abc034/tasks/abc034_c
Mathematics,組み合わせ,abc167_e,E. Colorful Blocks,1442,1200-1599,5526,https://atcoder.jp/contests/abc167/tasks/abc167_e
Mathematics,組み合わせ,abc123_d,D. Cake 123,1489,1200-1599,6263,https://atcoder.jp/contests/abc123/tasks/abc123_d
Mathematics,組み合わせ,agc051_a,A. Dodecagon,1495,1200-1599,1233,https://atcoder.jp/contests/agc051/tasks/agc051_a
Mathematics,組み合わせ,abc156_e,E. Roaming,1514,1200-1599,4344,https://atcoder.jp/contests/abc156/tasks/abc156_e
Mathematics,組み合わせ,abc057_d,D. Maximum Average Sets,1658,1600-1999,3963,https://atcoder.jp/contests/abc057/tasks/abc057_d
Mathematics,組み合わせ,abc201_e,E. Xor Distances,1694,1600-1999,3621,https://atcoder.jp/contests/abc201/tasks/abc201_e
Mathematics,組み合わせ,arc145_c,C. Split and Maximize,1697,1600-1999,2143,https://atcoder.jp/contests/arc145/tasks/arc145_c
Mathematics,組み合わせ,abc021_d,D. 多重ループ,1704,1600-1999,3444,https://atcoder.jp/contests/abc021/tasks/abc021_d
Mathematics,組み合わせ,arc077_b,D. 11,1715,1600-1999,4186,https://atcoder.jp/contests/abc066/tasks/arc077_b
Mathematics,組み合わせ,agc025_b,B. RGB Coloring,1739,1600-1999,2830,https://atcoder.jp/contests/agc025/tasks/agc025_b
Mathematics,組み合わせ,abc171_f,F. Strivore,1795,1600-1999,3803,https://atcoder.jp/contests/abc171/tasks/abc171_f
Mathematics,組み合わせ,arc023_3,C. タコヤ木,1833,1600-1999,1086,https://atcoder.jp/contests/arc023/tasks/arc023_3
Mathematics,組み合わせ,abc011_4,D. 大ジャンプ,1843,1600-1999,1623,https://atcoder.jp/contests/abc011/tasks/abc011_4
Mathematics,組み合わせ,abc150_e,E. Change a Little Bit,1851,1600-1999,2611,https://atcoder.jp/contests/abc150/tasks/abc150_e
Mathematics,組み合わせ,abc168_e,E. ∙ (Bullet),1896,1600-1999,3301,https://atcoder.jp/contests/abc168/tasks/abc168_e
Mathematics,組み合わせ,arc058_b,D. Iroha and a Grid,1905,1600-1999,6271,https://atcoder.jp/contests/arc058/tasks/arc058_b
Mathematics,組み合わせ,abc127_e,E. Cell Distance,1938,1600-1999,3567,https://atcoder.jp/contests/abc127/tasks/abc127_e
Mathematics,組み合わせ,code_formula_2014_qualB_d,D. お釣りの嫌いな高橋君,1939,1600-1999,456,https://atcoder.jp/contests/code-formula-2014-qualb/tasks/code_formula_2014_qualB_d
Mathematics,組み合わせ,arc009_3,C. 高橋君、24歳,2015,2000-2399,938,https://atcoder.jp/contests/arc009/tasks/arc009_3
Mathematics,組み合わせ,abc205_e,E. White and Black Balls,2025,2000-2399,2656,https://atcoder.jp/contests/abc205/tasks/abc205_e
Mathematics,組み合わせ,abc024_d,D. 動的計画法,2050,2000-2399,1313,https://atcoder.jp/contests/abc024/tasks/abc024_d
Mathematics,組み合わせ,arc127_c,C. Binary Strings,2092,2000-2399,1106,https://atcoder.jp/contests/arc127/tasks/arc127_c
Mathematics,組み合わせ,arc067_c,E. Grouping,2190,2000-2399,1661,https://atcoder.jp/contests/arc067/tasks/arc067_c
Mathematics,組み合わせ,arc137_d,D. Prefix XORs,2191,2000-2399,1308,https://atcoder.jp/contests/arc137/tasks/arc137_d
Mathematics,組み合わせ,abc256_g,G. Black and White Stones,2250,2000-2399,1035,https://atcoder.jp/contests/abc256/tasks/abc256_g
Mathematics,組み合わせ,arc004_4,D. 表現の自由 ( Freedom of expression ),2267,2000-2399,998,https://atcoder.jp/contests/arc004/tasks/arc004_4
Mathematics,組み合わせ,abc136_f,F. Enclosed Points,2334,2000-2399,1528,https://atcoder.jp/contests/abc136/tasks/abc136_f
Mathematics,組み合わせ,arc140_d,D. One to One,2443,2400-2799,888,https://atcoder.jp/contests/arc140/tasks/arc140_d
Mathematics,組み合わせ,abl_f,F. Heights and Pairs,2545,2400-2799,482,https://atcoder.jp/contests/abl/tasks/abl_f
Mathematics,組み合わせ,arc032_4,D. アットコーダーモンスターズ,2861,2800-3199,128,https://atcoder.jp/contests/arc032/tasks/arc032_4
Mathematics,組み合わせ,arc012_4,D. Don't worry. Be Together,3046,2800-3199,189,https://atcoder.jp/contests/arc012/tasks/arc012_4
Mathematics,組み合わせ,arc093_d,F. Dark Horse,3201,3200-3599,1057,https://atcoder.jp/contests/arc093/tasks/arc093_d
Mathematics,組み合わせ,agc021_e,E. Ball Eat Chameleons,3944,3600+,851,https://atcoder.jp/contests/agc021/tasks/agc021_e
Mathematics,組み合わせ,typical90_bq,069. Colorful Blocks 2（★3）,,unknown,5060,https://atcoder.jp/contests/typical90/tasks/typical90_bq
Mathematics,組み合わせ,typical90_cf,084. There are two types of characters（★3）,,unknown,4892,https://atcoder.jp/contests/typical90/tasks/typical90_cf
Mathematics,組み合わせ,typical90_cd,082. Counting Numbers（★3）,,unknown,4056,https://atcoder.jp/contests/typical90/tasks/typical90_cd
Mathematics,組み合わせ,agc001_e,E. BBQ Hard,,unknown,2690,https://atcoder.jp/contests/agc001/tasks/agc001_e
Mathematics,組み合わせ,typical90_o,015. Don't be too close（★6）,,unknown,2518,https://atcoder.jp/contests/typical90/tasks/typical90_o
Mathematics,組み合わせ,cpsco2019_s1_d,D. Dessert Planning,,unknown,553,https://atcoder.jp/contests/cpsco2019-s1/tasks/cpsco2019_s1_d
Mathematics,組み合わせ,kupc2019_d,D. Maximin Game,,unknown,325,https://atcoder.jp/contests/kupc2019/tasks/kupc2019_d
Mathematics,組み合わせ,wtf19_c1,C1. Triangular Lamps Easy,,unknown,215,https://atcoder.jp/contests/wtf19-open/tasks/wtf19_c1
Mathematics,組み合わせ,kupc2014_d,D. ハミング,,unknown,205,https://atcoder.jp/contests/kupc2014/tasks/kupc2014_d
Mathematics,組み合わせ,wtf19_c2,C2. Triangular Lamps Hard,,unknown,184,https://atcoder.jp/contests/wtf19-open/tasks/wtf19_c2
Mathematics,組み合わせ,donuts_live2014_4,D. サバゲー,,unknown,130,https://atcoder.jp/contests/donuts-live2014/tasks/donuts_live2014_4
Mathematics,組み合わせ,ttpc2019_g,G. Palindromic Love Letter,,unknown,104,https://atcoder.jp/contests/ttpc2019/tasks/ttpc2019_g
Mathematics,組み合わせ,tkppc6_2_k,K. Ball in the Box 2,,unknown,46,https://atcoder.jp/contests/tkppc6-2/tasks/tkppc6_2_k
Mathematics,行列,abc197_d,D. Opposite,831,800-1199,6979,https://atcoder.jp/contests/abc197/tasks/abc197_d
Mathematics,行列,abc344_e,E. Insert or Erase,973,800-1199,7364,https://atcoder.jp/contests/abc344/tasks/abc344_e
Mathematics,行列,arc135_b,B. Sum of Three Terms,1239,1200-1599,2773,https://atcoder.jp/contests/arc135/tasks/arc135_b
Mathematics,行列,abc189_e,E. Rotate and Flip,1526,1200-1599,3765,https://atcoder.jp/contests/abc189/tasks/abc189_e
Mathematics,行列,abc204_f,F. Hanjo 2,2044,2000-2399,1435,https://atcoder.jp/contests/abc204/tasks/abc204_f
Mathematics,行列,zone2021_f,F. Encounter and Farewell,2197,2000-2399,868,https://atcoder.jp/contests/zone2021/tasks/zone2021_f
Mathematics,行列,arc054_c,C. 鯛焼き,2292,2000-2399,495,https://atcoder.jp/contests/arc054/tasks/arc054_c
Mathematics,行列,abc141_f,F. Xor Sum 3,2342,2000-2399,1824,https://atcoder.jp/contests/abc141/tasks/abc141_f
Mathematics,行列,yahoo_procon2019_qual_e,E. Odd Subrectangles,2585,2400-2799,702,https://atcoder.jp/contests/yahoo-procon2019-qual/tasks/yahoo_procon2019_qual_e
Mathematics,行列,abc129_f,F. Takahashi's Basics in Education and Learning,2621,2400-2799,1207,https://atcoder.jp/contests/abc129/tasks/abc129_f
Mathematics,行列,dp_r,R. Walk,,unknown,8074,https://atcoder.jp/contests/dp/tasks/dp_r
Mathematics,行列,typical90_be,057. Flip Flap（★6）,,unknown,1211,https://atcoder.jp/contests/typical90/tasks/typical90_be
Mathematics,行列,bitflyer2018_final_d,D. 数列 XOR,,unknown,278,https://atcoder.jp/contests/bitflyer2018-final/tasks/bitflyer2018_final_d
Mathematics,行列,cf16_exhibition_final_h,H. AB=C Problem,,unknown,116,https://atcoder.jp/contests/cf16-exhibition-final/tasks/cf16_exhibition_final_h
Mathematics,行列,icpc2013summer_day4_f,F. Graph Automata Player,,unknown,69,https://atcoder.jp/contests/jag2013summer-day4/tasks/icpc2013summer_day4_f
Mathematics,行列,icpc2013spring_j,J. Tree Reconstruction,,unknown,45,https://atcoder.jp/contests/JAG2013Spring/tasks/icpc2013spring_j
Searching,bit全探索,arc105_a,A. Fourtune Cookies,-582,<0,7765,https://atcoder.jp/contests/arc105/tasks/arc105_a
Searching,bit全探索,arc025_1,A. ゴールドラッシュ,-80,<0,2819,https://atcoder.jp/contests/arc025/tasks/arc025_1
Searching,bit全探索,abc133_b,B. Good Distance,47,0-399,17043,https://atcoder.jp/contests/abc133/tasks/abc133_b
Searching,bit全探索,abc182_c,C. To 3,274,0-399,13202,https://atcoder.jp/contests/abc182/tasks/abc182_c
Searching,bit全探索,abc079_c,C. Train Ticket,331,0-399,16437,https://atcoder.jp/contests/abc079/tasks/abc079_c
Searching,bit全探索,abc289_c,C. Coverage,396,0-399,9551,https://atcoder.jp/contests/abc289/tasks/abc289_c
Searching,bit全探索,cf17_final_a,A. AKIBA,439,400-799,3689,https://atcoder.jp/contests/cf17-final/tasks/cf17_final_a
Searching,bit全探索,abc190_c,C. Bowls and Dishes,472,400-799,12218,https://atcoder.jp/contests/abc190/tasks/abc190_c
Searching,bit全探索,abc249_c,C. Just K,528,400-799,9053,https://atcoder.jp/contests/abc249/tasks/abc249_c
Searching,bit全探索,arc029_1,A. 高橋君とお肉,549,400-799,6965,https://atcoder.jp/contests/arc029/tasks/arc029_1
Searching,bit全探索,abc167_c,C. Skill Up,595,400-799,15722,https://atcoder.jp/contests/abc167/tasks/abc167_c
Searching,bit全探索,abc173_c,C. H and V,653,400-799,13179,https://atcoder.jp/contests/abc173/tasks/abc173_c
Searching,bit全探索,arc114_a,A. Not coprime,750,400-799,4920,https://atcoder.jp/contests/arc114/tasks/arc114_a
Searching,bit全探索,abc264_c,C. Matrix Reducing,758,400-799,7525,https://atcoder.jp/contests/abc264/tasks/abc264_c
Searching,bit全探索,abc128_c,C. Switches,805,800-1199,15490,https://atcoder.jp/contests/abc128/tasks/abc128_c
Searching,bit全探索,abc197_c,C. ORXOR,809,800-1199,9698,https://atcoder.jp/contests/abc197/tasks/abc197_c
Searching,bit全探索,abc147_c,C. HonestOrUnkind2,977,800-1199,11043,https://atcoder.jp/contests/abc147/tasks/abc147_c
Searching,bit全探索,arc061_a,C. Many Formulas,1089,800-1199,15877,https://atcoder.jp/contests/abc045/tasks/arc061_a
Searching,bit全探索,abc080_c,C. Shopping Street,1130,800-1199,6262,https://atcoder.jp/contests/abc080/tasks/abc080_c
Searching,bit全探索,abc200_d,D. Happy Birthday! 2,1217,1200-1599,6322,https://atcoder.jp/contests/abc200/tasks/abc200_d
Searching,bit全探索,donuts_2015_2,B. Tokyo 7th シスターズ,1297,1200-1599,1196,https://atcoder.jp/contests/donuts-2015/tasks/donuts_2015_2
Searching,bit全探索,abc119_c,C. Synthetic Kadomatsu,1346,1200-1599,6945,https://atcoder.jp/contests/abc119/tasks/abc119_c
Searching,bit全探索,arc007_3,C. 節約生活,1386,1200-1599,1501,https://atcoder.jp/contests/arc007/tasks/arc007_3
Searching,bit全探索,cf17_final_c,C. Time Gap,1390,1200-1599,2112,https://atcoder.jp/contests/cf17-final/tasks/cf17_final_c
Searching,bit全探索,abc104_c,C. All Green,1393,1200-1599,7920,https://atcoder.jp/contests/abc104/tasks/abc104_c
Searching,bit全探索,abc142_e,E. Get Everything,1397,1200-1599,6109,https://atcoder.jp/contests/abc142/tasks/abc142_e
Searching,bit全探索,abc002_4,D. 派閥,1418,1200-1599,8811,https://atcoder.jp/contests/abc002/tasks/abc002_4
Searching,bit全探索,abc159_e,E. Dividing Chocolate,1450,1200-1599,5089,https://atcoder.jp/contests/abc159/tasks/abc159_e
Searching,bit全探索,abc246_f,F. typewriter,1677,1600-1999,3171,https://atcoder.jp/contests/abc246/tasks/abc246_f
Searching,bit全探索,abc031_d,D. 語呂合わせ,1688,1600-1999,1596,https://atcoder.jp/contests/abc031/tasks/abc031_d
Searching,bit全探索,abc219_e,E. Moat,1690,1600-1999,2743,https://atcoder.jp/contests/abc219/tasks/abc219_e
Searching,bit全探索,keyence2020_d,D. Swap and Flip,1841,1600-1999,1542,https://atcoder.jp/contests/keyence2020/tasks/keyence2020_d
Searching,bit全探索,abc187_f,F. Close Group,1895,1600-1999,3445,https://atcoder.jp/contests/abc187/tasks/abc187_f
Searching,bit全探索,tenka1_2012_7,C. 席が足りない,1936,1600-1999,371,https://atcoder.jp/contests/tenka1-2012-qualB/tasks/tenka1_2012_7
Searching,bit全探索,mujin_pc_2016_c,C. Orange Graph,2093,2000-2399,549,https://atcoder.jp/contests/mujin-pc-2016/tasks/mujin_pc_2016_c
Searching,bit全探索,typical90_b,002. Encyclopedia of Parentheses（★3）,,unknown,13799,https://atcoder.jp/contests/typical90/tasks/typical90_b
Searching,bit全探索,joi2008yo_e,E. おせんべい,,unknown,3783,https://atcoder.jp/contests/joi2008yo/tasks/joi2008yo_e
Searching,bit全探索,typical90_bk,063. Monochromatic Subgrid（★4）,,unknown,3762,https://atcoder.jp/contests/typical90/tasks/typical90_bk
Searching,bit全探索,s8pc_4_b,B. Buildings are Colorful!,,unknown,3067,https://atcoder.jp/contests/s8pc-4/tasks/s8pc_4_b
Searching,bit全探索,past201912_g,G. Division,,unknown,2551,https://atcoder.jp/contests/past201912-open/tasks/past201912_g
Searching,bit全探索,typical90_ch,086. Snuke's Favorite Arrays（★5）,,unknown,2122,https://atcoder.jp/contests/typical90/tasks/typical90_ch
Searching,bit全探索,past201912_l,L. Gradation,,unknown,1063,https://atcoder.jp/contests/past201912-open/tasks/past201912_l
Searching,bit全探索,past202012_f,F. Dangerous Chemicals,,unknown,844,https://atcoder.jp/contests/past202012-open/tasks/past202012_f
Searching,bit全探索,utpc2011_3,C. [[iwi]],,unknown,381,https://atcoder.jp/contests/utpc2011/tasks/utpc2011_3
Searching,bit全探索,s8pc_2_b,B. Division 2,,unknown,189,https://atcoder.jp/contests/s8pc-2/tasks/s8pc_2_b
Searching,その他,diverta2019_b,B. RGB Boxes,538,400-799,8073,https://atcoder.jp/contests/diverta2019/tasks/diverta2019_b
Searching,その他,tenka1_2018_e,E. Equilateral,2459,2400-2799,498,https://atcoder.jp/contests/tenka1-2018/tasks/tenka1_2018_e
Searching,ヒューリスティック,abc176_e,E. Bomber,1204,1200-1599,6935,https://atcoder.jp/contests/abc176/tasks/abc176_e
Searching,ヒューリスティック,ahc033_a,A. Container Handling with Cranes,3747,3600+,1094,https://atcoder.jp/contests/ahc033/tasks/ahc033_a
Searching,ヒューリスティック,tenka1_2012_final_d,D. さんかく,,unknown,70,https://atcoder.jp/contests/tenka1-2012-final/tasks/tenka1_2012_final_d
Searching,三分探索,arc122_b,B. Insurance,729,400-799,3478,https://atcoder.jp/contests/arc122/tasks/arc122_b
Searching,三分探索,abc180_d,D. Takahashi Unevolved,752,400-799,9178,https://atcoder.jp/contests/abc180/tasks/abc180_d
Searching,三分探索,abc279_d,D. Freefall,766,400-799,6902,https://atcoder.jp/contests/abc279/tasks/abc279_d
Searching,三分探索,arc100_a,C. Linear Approximation,1089,800-1199,9507,https://atcoder.jp/contests/abc102/tasks/arc100_a
Searching,三分探索,arc054_b,B. ムーアの法則,1269,1200-1599,4093,https://atcoder.jp/contests/arc054/tasks/arc054_b
Searching,三分探索,arc029_2,B. 高橋君と禁断の書,2032,2000-2399,703,https://atcoder.jp/contests/arc029/tasks/arc029_2
Searching,三分探索,dwango2015_prelims_4,D. タクシー,2495,2400-2799,122,https://atcoder.jp/contests/dwango2015-prelims/tasks/dwango2015_prelims_4
Searching,三分探索,ahc033_a,A. Container Handling with Cranes,3747,3600+,1094,https://atcoder.jp/contests/ahc033/tasks/ahc033_a
Searching,三分探索,typical90_br,070. Plant Planning（★4）,,unknown,4004,https://atcoder.jp/contests/typical90/tasks/typical90_br
Searching,三分探索,past202104_j,J. Points to Cost,,unknown,554,https://atcoder.jp/contests/past202104-open/tasks/past202104_j
Searching,二分探索,abc326_b,B. 326-like Numbers,-503,<0,15120,https://atcoder.jp/contests/abc326/tasks/abc326_b
Searching,二分探索,abc322_c,C. Festival,-56,<0,16466,https://atcoder.jp/contests/abc322/tasks/abc322_c
Searching,二分探索,abc231_c,C. Counting 2,111,0-399,12638,https://atcoder.jp/contests/abc231/tasks/abc231_c
Searching,二分探索,abc196_c,C. Doubled,202,0-399,14065,https://atcoder.jp/contests/abc196/tasks/abc196_c
Searching,二分探索,abc212_c,C. Min Difference,205,0-399,14472,https://atcoder.jp/contests/abc212/tasks/abc212_c
Searching,二分探索,abc255_b,B. Light It Up,348,0-399,9845,https://atcoder.jp/contests/abc255/tasks/abc255_b
Searching,二分探索,arc118_a,A. Tax Included Price,418,400-799,4412,https://atcoder.jp/contests/arc118/tasks/arc118_a
Searching,二分探索,arc109_b,B. log,524,400-799,6583,https://atcoder.jp/contests/arc109/tasks/arc109_b
Searching,二分探索,abc334_d,D. Reindeer and Sleigh,602,400-799,8900,https://atcoder.jp/contests/abc334/tasks/abc334_d
Searching,二分探索,abc319_d,D. Minimum Width,631,400-799,11053,https://atcoder.jp/contests/abc319/tasks/abc319_d
Searching,二分探索,abc305_d,D. Sleep Log,671,400-799,7494,https://atcoder.jp/contests/abc305/tasks/abc305_d
Searching,二分探索,code_festival_final_c,C. N進数,685,400-799,2063,https://atcoder.jp/contests/code-festival-2014-final/tasks/code_festival_final_c
Searching,二分探索,abc143_d,D. Triangles,686,400-799,11458,https://atcoder.jp/contests/abc143/tasks/abc143_d
Searching,二分探索,abc205_d,D. Kth Excluded,713,400-799,9502,https://atcoder.jp/contests/abc205/tasks/abc205_d
Searching,二分探索,abc144_d,D. Water Bottle,714,400-799,9941,https://atcoder.jp/contests/abc144/tasks/abc144_d
Searching,二分探索,abc312_c,C. Invisible Hand,727,400-799,8824,https://atcoder.jp/contests/abc312/tasks/abc312_c
Searching,二分探索,abc146_c,C. Buy an Integer,741,400-799,13907,https://atcoder.jp/contests/abc146/tasks/abc146_c
Searching,二分探索,abc255_d,D. ±1 Operation 2,788,400-799,8135,https://atcoder.jp/contests/abc255/tasks/abc255_d
Searching,二分探索,abc248_d,D. Range Count Query,793,400-799,9522,https://atcoder.jp/contests/abc248/tasks/abc248_d
Searching,二分探索,abc217_d,D. Cutting Woods,802,800-1199,10363,https://atcoder.jp/contests/abc217/tasks/abc217_d
Searching,二分探索,abc341_d,D. Only one of two,829,800-1199,9002,https://atcoder.jp/contests/abc341/tasks/abc341_d
Searching,二分探索,abc440_d,D. Forbidden List 2,863,800-1199,6138,https://atcoder.jp/contests/abc440/tasks/abc440_d
Searching,二分探索,abc234_e,E. Arithmetic Number,899,800-1199,6544,https://atcoder.jp/contests/abc234/tasks/abc234_e
Searching,二分探索,abc172_c,C. Tsundoku,930,800-1199,12243,https://atcoder.jp/contests/abc172/tasks/abc172_c
Searching,二分探索,abc336_d,D. Pyramid,991,800-1199,6519,https://atcoder.jp/contests/abc336/tasks/abc336_d
Searching,二分探索,abc304_d,D. A Piece of Cake,1015,800-1199,5880,https://atcoder.jp/contests/abc304/tasks/abc304_d
Searching,二分探索,abc269_e,E. Last Rook,1030,800-1199,4996,https://atcoder.jp/contests/abc269/tasks/abc269_e
Searching,二分探索,abc216_e,E. Amusement Park,1084,800-1199,5869,https://atcoder.jp/contests/abc216/tasks/abc216_e
Searching,二分探索,arc084_a,C. Snuke Festival,1096,800-1199,11886,https://atcoder.jp/contests/abc077/tasks/arc084_a
Searching,二分探索,abc273_d,D. LRUD Instructions,1119,800-1199,5009,https://atcoder.jp/contests/abc273/tasks/abc273_d
Searching,二分探索,abc364_d,D. K-th Nearest,1136,800-1199,6834,https://atcoder.jp/contests/abc364/tasks/abc364_d
Searching,二分探索,abc124_d,D. Handstand,1138,800-1199,7022,https://atcoder.jp/contests/abc124/tasks/abc124_d
Searching,二分探索,abc246_d,D. 2-variable Function,1148,800-1199,7747,https://atcoder.jp/contests/abc246/tasks/abc246_d
Searching,二分探索,abc181_e,E. Transformable Teacher,1193,800-1199,5259,https://atcoder.jp/contests/abc181/tasks/abc181_e
Searching,二分探索,arc118_b,B. Village of M People,1196,800-1199,2772,https://atcoder.jp/contests/arc118/tasks/arc118_b
Searching,二分探索,apc001_c,C. Vacant Seat,1197,800-1199,3076,https://atcoder.jp/contests/apc001/tasks/apc001_c
Searching,二分探索,indeednow_2015_quala_3,C. 説明会,1200,1200-1599,1796,https://atcoder.jp/contests/indeednow-quala/tasks/indeednow_2015_quala_3
Searching,二分探索,abc257_d,D. Jumping Takahashi 2,1203,1200-1599,5399,https://atcoder.jp/contests/abc257/tasks/abc257_d
Searching,二分探索,abc270_e,E. Apple Baskets on Circle,1211,1200-1599,5301,https://atcoder.jp/contests/abc270/tasks/abc270_e
Searching,二分探索,abc174_e,E. Logs,1227,1200-1599,8505,https://atcoder.jp/contests/abc174/tasks/abc174_e
Searching,二分探索,abc138_e,E. Strings of Impurity,1257,1200-1599,6081,https://atcoder.jp/contests/abc138/tasks/abc138_e
Searching,二分探索,arc054_b,B. ムーアの法則,1269,1200-1599,4093,https://atcoder.jp/contests/arc054/tasks/arc054_b
Searching,二分探索,abc134_e,E. Sequence Decomposing,1320,1200-1599,6507,https://atcoder.jp/contests/abc134/tasks/abc134_e
Searching,二分探索,abc119_d,D. Lazy Faith,1346,1200-1599,5508,https://atcoder.jp/contests/abc119/tasks/abc119_d
Searching,二分探索,abc381_e,E. 11/22 Subsequence,1396,1200-1599,3552,https://atcoder.jp/contests/abc381/tasks/abc381_e
Searching,二分探索,abc026_d,D. 高橋君ボール1号,1406,1200-1599,3273,https://atcoder.jp/contests/abc026/tasks/abc026_d
Searching,二分探索,abc192_d,D. Base n,1425,1200-1599,5776,https://atcoder.jp/contests/abc192/tasks/abc192_d
Searching,二分探索,abc144_e,E. Gluttony,1449,1200-1599,5228,https://atcoder.jp/contests/abc144/tasks/abc144_e
Searching,二分探索,abc020_c,C. 壁抜け,1477,1200-1599,2787,https://atcoder.jp/contests/abc020/tasks/abc020_c
Searching,二分探索,agc041_b,B. Voting Judges,1486,1200-1599,2658,https://atcoder.jp/contests/agc041/tasks/agc041_b
Searching,二分探索,zone2021_c,C. MAD TEAM,1497,1200-1599,3576,https://atcoder.jp/contests/zone2021/tasks/zone2021_c
Searching,二分探索,arc049_b,B. 高橋ノルム君,1511,1200-1599,1533,https://atcoder.jp/contests/arc049/tasks/arc049_b
Searching,二分探索,abc292_f,F. Regular Triangle Inside a Rectangle,1522,1200-1599,2988,https://atcoder.jp/contests/abc292/tasks/abc292_f
Searching,二分探索,arc075_b,D. Widespread,1544,1200-1599,5446,https://atcoder.jp/contests/abc063/tasks/arc075_b
Searching,二分探索,abc034_d,D. 食塩水,1549,1200-1599,2818,https://atcoder.jp/contests/abc034/tasks/abc034_d
Searching,二分探索,abc361_f,F. x = a^b,1606,1600-1999,3490,https://atcoder.jp/contests/abc361/tasks/abc361_f
Searching,二分探索,abc017_3,C. ハイスコア,1607,1600-1999,2982,https://atcoder.jp/contests/abc017/tasks/abc017_3
Searching,二分探索,abc203_d,D. Pond,1622,1600-1999,5148,https://atcoder.jp/contests/abc203/tasks/abc203_d
Searching,二分探索,abc227_d,D. Project Planning,1643,1600-1999,4711,https://atcoder.jp/contests/abc227/tasks/abc227_d
Searching,二分探索,exawizards2019_c,C. Snuke the Wizard,1709,1600-1999,2282,https://atcoder.jp/contests/exawizards2019/tasks/exawizards2019_c
Searching,二分探索,codefestival_2015_qualA_d,D. 壊れた電車,1723,1600-1999,1255,https://atcoder.jp/contests/code-festival-2015-quala/tasks/codefestival_2015_qualA_d
Searching,二分探索,arc165_c,C. Social Distance on Graph,1743,1600-1999,1797,https://atcoder.jp/contests/arc165/tasks/arc165_c
Searching,二分探索,abc023_c,C. 収集王,1752,1600-1999,2456,https://atcoder.jp/contests/abc023/tasks/abc023_c
Searching,二分探索,discovery_2016_final_b,B. DDPC特別ビュッフェⅡ,1773,1600-1999,561,https://atcoder.jp/contests/discovery2016-final/tasks/discovery_2016_final_b
Searching,二分探索,arc100_b,D. Equal Cut,1801,1600-1999,4043,https://atcoder.jp/contests/abc102/tasks/arc100_b
Searching,二分探索,arc037_c,C. 億マス計算,1824,1600-1999,2125,https://atcoder.jp/contests/arc037/tasks/arc037_c
Searching,二分探索,arc050_b,B. 花束,1838,1600-1999,2349,https://atcoder.jp/contests/arc050/tasks/arc050_b
Searching,二分探索,abc023_d,D. 射撃王,1843,1600-1999,5568,https://atcoder.jp/contests/abc023/tasks/abc023_d
Searching,二分探索,abc155_d,D. Pairs,1845,1600-1999,3868,https://atcoder.jp/contests/abc155/tasks/abc155_d
Searching,二分探索,abc215_f,F. Dist Max 2,1853,1600-1999,3125,https://atcoder.jp/contests/abc215/tasks/abc215_f
Searching,二分探索,arc094_b,D. Worst Case,1869,1600-1999,2524,https://atcoder.jp/contests/abc093/tasks/arc094_b
Searching,二分探索,abc236_e,E. Average and Median,1893,1600-1999,3578,https://atcoder.jp/contests/abc236/tasks/abc236_e
Searching,二分探索,aising2019_d,D. Nearest Card Game,1898,1600-1999,1158,https://atcoder.jp/contests/aising2019/tasks/aising2019_d
Searching,二分探索,arc014_4,D. grepマスター,1904,1600-1999,685,https://atcoder.jp/contests/arc014/tasks/arc014_4
Searching,二分探索,abc149_e,E. Handshake,1905,1600-1999,3323,https://atcoder.jp/contests/abc149/tasks/abc149_e
Searching,二分探索,arc003_3,C. 暗闇帰り道,1972,1600-1999,897,https://atcoder.jp/contests/arc003/tasks/arc003_3
Searching,二分探索,arc070_b,D. No Need,2015,2000-2399,3146,https://atcoder.jp/contests/abc056/tasks/arc070_b
Searching,二分探索,arc029_2,B. 高橋君と禁断の書,2032,2000-2399,703,https://atcoder.jp/contests/arc029/tasks/arc029_2
Searching,二分探索,arc081_c,E. Don't Be a Subsequence,2072,2000-2399,2182,https://atcoder.jp/contests/arc081/tasks/arc081_c
Searching,二分探索,arc101_b,D. Median of Medians,2073,2000-2399,3045,https://atcoder.jp/contests/abc107/tasks/arc101_b
Searching,二分探索,agc029_c,C. Lexicographic constraints,2103,2000-2399,1742,https://atcoder.jp/contests/agc029/tasks/agc029_c
Searching,二分探索,abc229_g,G. Longest Y,2121,2000-2399,1346,https://atcoder.jp/contests/abc229/tasks/abc229_g
Searching,二分探索,arc021_3,C. 増築王高橋君,2164,2000-2399,692,https://atcoder.jp/contests/arc021/tasks/arc021_3
Searching,二分探索,digitalarts_3,C. Chokutter,2179,2000-2399,313,https://atcoder.jp/contests/digitalarts2012/tasks/digitalarts_3
Searching,二分探索,arc092_b,D. Two Sequences,2207,2000-2399,2662,https://atcoder.jp/contests/abc091/tasks/arc092_b
Searching,二分探索,arc116_e,E. Spread of Information,2236,2000-2399,1312,https://atcoder.jp/contests/arc116/tasks/arc116_e
Searching,二分探索,abc130_f,F. Minimum Bounding Box,2240,2000-2399,1479,https://atcoder.jp/contests/abc130/tasks/abc130_f
Searching,二分探索,arc047_c,C. N!÷K番目の単語,2262,2000-2399,457,https://atcoder.jp/contests/arc047/tasks/arc047_c
Searching,二分探索,arc026_4,D. 道を直すお仕事,2297,2000-2399,1921,https://atcoder.jp/contests/arc026/tasks/arc026_4
Searching,二分探索,arc078_c,E. Awkward Response,2300,2000-2399,1180,https://atcoder.jp/contests/arc078/tasks/arc078_c
Searching,二分探索,donuts_2015_4,D. ドーナツの箱詰め,2383,2000-2399,197,https://atcoder.jp/contests/donuts-2015/tasks/donuts_2015_4
Searching,二分探索,dwango2016qual_c,C. メンテナンス明け,2384,2000-2399,198,https://atcoder.jp/contests/dwango2016-prelims/tasks/dwango2016qual_c
Searching,二分探索,agc034_c,C. Tests,2497,2400-2799,1141,https://atcoder.jp/contests/agc034/tasks/agc034_c
Searching,二分探索,agc002_d,D. Stamp Rally,2514,2400-2799,3404,https://atcoder.jp/contests/agc002/tasks/agc002_d
Searching,二分探索,arc016_4,D. 軍艦ゲーム,2683,2400-2799,324,https://atcoder.jp/contests/arc016/tasks/arc016_4
Searching,二分探索,tenka1_2017_e,E. CARtesian Coodinate,2703,2400-2799,429,https://atcoder.jp/contests/tenka1-2017/tasks/tenka1_2017_e
Searching,二分探索,arc065_c,E. Manhattan Compass,2835,2800-3199,779,https://atcoder.jp/contests/arc065/tasks/arc065_c
Searching,二分探索,arc032_4,D. アットコーダーモンスターズ,2861,2800-3199,128,https://atcoder.jp/contests/arc032/tasks/arc032_4
Searching,二分探索,dwacon5th_prelims_d,D. Square Rotation,2875,2800-3199,238,https://atcoder.jp/contests/dwacon5th-prelims/tasks/dwacon5th_prelims_d
Searching,二分探索,cf_2015_morning_hard_h,D. ありんこ,2944,2800-3199,98,https://atcoder.jp/contests/code-festival-2015-morning-hard/tasks/cf_2015_morning_hard_h
Searching,二分探索,arc088_d,F. Christmas Tree,2983,2800-3199,454,https://atcoder.jp/contests/arc088/tasks/arc088_d
Searching,二分探索,arc038_d,D. 有向グラフと数,3009,2800-3199,221,https://atcoder.jp/contests/arc038/tasks/arc038_d
Searching,二分探索,arc040_d,D. カクカク塗り,3166,2800-3199,83,https://atcoder.jp/contests/arc040/tasks/arc040_d
Searching,二分探索,arc117_f,F. Gateau,3378,3200-3599,395,https://atcoder.jp/contests/arc117/tasks/arc117_f
Searching,二分探索,agc040_d,D. Balance Beam,3452,3200-3599,307,https://atcoder.jp/contests/agc040/tasks/agc040_d
Searching,二分探索,typical90_a,001. Yokan Party（★4）,,unknown,12782,https://atcoder.jp/contests/typical90/tasks/typical90_a
Searching,二分探索,typical90_g,007. CP Classes（★3）,,unknown,11142,https://atcoder.jp/contests/typical90/tasks/typical90_g
Searching,二分探索,typical90_bx,076. Cake Cut（★3）,,unknown,5043,https://atcoder.jp/contests/typical90/tasks/typical90_bx
Searching,二分探索,joi2009ho_b,B. ピザ,,unknown,3689,https://atcoder.jp/contests/joi2009ho/tasks/joi2009ho_b
Searching,二分探索,typical90_ci,087. Chokudai's Demand（★5）,,unknown,2003,https://atcoder.jp/contests/typical90/tasks/typical90_ci
Searching,二分探索,nikkei2019ex_b,B. 二乗,,unknown,1282,https://atcoder.jp/contests/nikkei2019-ex/tasks/nikkei2019ex_b
Searching,二分探索,judge_update_202004_d,D. Calculating GCD,,unknown,1204,https://atcoder.jp/contests/judge-update-202004/tasks/judge_update_202004_d
Searching,二分探索,past201912_m,M. Auto Choice,,unknown,1034,https://atcoder.jp/contests/past201912-open/tasks/past201912_m
Searching,二分探索,past202005_j,J. Sushi-go-round,,unknown,906,https://atcoder.jp/contests/past202005-open/tasks/past202005_j
Searching,二分探索,joi2020ho_b,B. JJOOII 2 (JJOOII 2),,unknown,848,https://atcoder.jp/contests/joi2020ho/tasks/joi2020ho_b
Searching,二分探索,bitflyer2018_qual_c,C. 徒歩圏内,,unknown,817,https://atcoder.jp/contests/bitflyer2018-qual/tasks/bitflyer2018_qual_c
Searching,二分探索,joi2014ho3,C. バームクーヘン (Baumkuchen),,unknown,750,https://atcoder.jp/contests/joi2014ho/tasks/joi2014ho3
Searching,二分探索,joig2021_d,D. 展覧会 2 (Exhibition 2),,unknown,677,https://atcoder.jp/contests/joig2021-open/tasks/joig2021_d
Searching,二分探索,code_festival_2018_final_c,C. Telephone Charge,,unknown,675,https://atcoder.jp/contests/code-festival-2018-final-open/tasks/code_festival_2018_final_c
Searching,二分探索,cf16_exhibition_final_b,B. Inscribed Bicycle,,unknown,601,https://atcoder.jp/contests/cf16-exhibition-final/tasks/cf16_exhibition_final_b
Searching,二分探索,code_thanks_festival_2015_c,C. 集合写真,,unknown,586,https://atcoder.jp/contests/code-thanks-festival-2015-open/tasks/code_thanks_festival_2015_c
Searching,二分探索,joi2018_yo_d,D. 水ようかん (Mizuyokan),,unknown,580,https://atcoder.jp/contests/joi2018yo/tasks/joi2018_yo_d
Searching,二分探索,past202109_g,G. K-th element,,unknown,523,https://atcoder.jp/contests/past202109-open/tasks/past202109_g
Searching,二分探索,joisc2011_ioi,ioi. 国際情報オリンピック (IOI),,unknown,491,https://atcoder.jp/contests/joisc2011/tasks/joisc2011_ioi
Searching,二分探索,joi2017ho_c,C. JOIOI 王国 (Kingdom of JOIOI),,unknown,489,https://atcoder.jp/contests/joi2017ho/tasks/joi2017ho_c
Searching,二分探索,joisc2008_cheating,cheating. カンニング対策 (Cheating),,unknown,434,https://atcoder.jp/contests/joisc2008/tasks/joisc2008_cheating
Searching,二分探索,joi2018_yo_f,F. L番目のK番目の数 (LthKthNumber),,unknown,398,https://atcoder.jp/contests/joi2018yo/tasks/joi2018_yo_f
Searching,二分探索,past202012_m,M. Shipping Sticks,,unknown,397,https://atcoder.jp/contests/past202012-open/tasks/past202012_m
Searching,二分探索,joi2021_yo2_d,D. 安全点検 (Safety Inspection),,unknown,365,https://atcoder.jp/contests/joi2021yo2/tasks/joi2021_yo2_d
Searching,二分探索,past202012_n,N. Travel Agency,,unknown,346,https://atcoder.jp/contests/past202012-open/tasks/past202012_n
Searching,二分探索,utpc2013_02,B. 13月,,unknown,318,https://atcoder.jp/contests/utpc2013/tasks/utpc2013_02
Searching,二分探索,past202004_m,M. Cafeteria,,unknown,317,https://atcoder.jp/contests/past202004-open/tasks/past202004_m
Searching,二分探索,relay2_c,C. Garden,,unknown,309,https://atcoder.jp/contests/cf17-relay-open/tasks/relay2_c
Searching,二分探索,joi2013ho4,4. JOIOI の塔 (Tower of JOIOI),,unknown,304,https://atcoder.jp/contests/joi2013ho/tasks/joi2013ho4
Searching,二分探索,yahoo_procon2017_final_b,B. チーム決め,,unknown,298,https://atcoder.jp/contests/yahoo-procon2017-final/tasks/yahoo_procon2017_final_b
Searching,二分探索,joigsp2023_a,A. ロケット打ち上げ (Rocket Launching),,unknown,236,https://atcoder.jp/contests/joigsp2023/tasks/joigsp2023_a
Searching,二分探索,joi2012ho5,E. JOI 国のお祭り事情 (Festivals in JOI Kingdom),,unknown,233,https://atcoder.jp/contests/joi2012ho/tasks/joi2012ho5
Searching,二分探索,joisc2018_f,F. 最悪の記者 3 (Worst Reporter 3),,unknown,225,https://atcoder.jp/contests/joisc2018/tasks/joisc2018_f
Searching,二分探索,otemae2019_e,E. 最悪の教頭 (Worst Head Teacher),,unknown,206,https://atcoder.jp/contests/otemae2019/tasks/otemae2019_e
Searching,二分探索,joisc2009_ski,ski. スキー (Ski),,unknown,200,https://atcoder.jp/contests/joisc2009/tasks/joisc2009_ski
Searching,二分探索,code_thanks_festival_2018_h,H. Median Game,,unknown,189,https://atcoder.jp/contests/code-thanks-festival-2018/tasks/code_thanks_festival_2018_h
Searching,二分探索,tkppc4_1_j,J. school competition 2,,unknown,179,https://atcoder.jp/contests/tkppc4-1/tasks/tkppc4_1_j
Searching,二分探索,asaporo_f,B. Problem where Commas Separate Digits,,unknown,112,https://atcoder.jp/contests/cf16-tournament-round1-open/tasks/asaporo_f
Searching,二分探索,tkppc4_2_g,G. 平均レーティング,,unknown,94,https://atcoder.jp/contests/tkppc4-2/tasks/tkppc4_2_g
Searching,二分探索,tkppc4_1_m,M. Pakenのうさぎ,,unknown,76,https://atcoder.jp/contests/tkppc4-1/tasks/tkppc4_1_m
Searching,二分探索,wtf19_d,D. Distinct Boxes,,unknown,62,https://atcoder.jp/contests/wtf19-open/tasks/wtf19_d
Searching,二分探索,maximum_2013_h,H. さいたまの矛盾,,unknown,51,https://atcoder.jp/contests/maximum-cup-2013/tasks/maximum_2013_h
Searching,二分探索,s8pc_3_e,E. Circle and Many Triangles,,unknown,46,https://atcoder.jp/contests/s8pc-3/tasks/s8pc_3_e
Searching,二分探索,tkppc4_1_p,P. Flip Cards,,unknown,11,https://atcoder.jp/contests/tkppc4-1/tasks/tkppc4_1_p
Searching,全探索,abc353_a,A. Buildings,-1018,<0,18803,https://atcoder.jp/contests/abc353/tasks/abc353_a
Searching,全探索,abc362_a,A. Buy a Pen,-1001,<0,17058,https://atcoder.jp/contests/abc362/tasks/abc362_a
Searching,全探索,abc322_a,A. First ABC 2,-992,<0,20163,https://atcoder.jp/contests/abc322/tasks/abc322_a
Searching,全探索,abc355_a,A. Who Ate the Cake?,-988,<0,16971,https://atcoder.jp/contests/abc355/tasks/abc355_a
Searching,全探索,abc317_a,A. Potions,-942,<0,14963,https://atcoder.jp/contests/abc317/tasks/abc317_a
Searching,全探索,abc318_a,A. Full Moon,-934,<0,19039,https://atcoder.jp/contests/abc318/tasks/abc318_a
Searching,全探索,abc175_a,A. Rainy Season,-746,<0,21517,https://atcoder.jp/contests/abc175/tasks/abc175_a
Searching,全探索,abc165_a,A. We Love Golf,-708,<0,23408,https://atcoder.jp/contests/abc165/tasks/abc165_a
Searching,全探索,abc243_b,B. Hit and Blow,-692,<0,14361,https://atcoder.jp/contests/abc243/tasks/abc243_b
Searching,全探索,abc374_b,B. Unvarnished Report,-660,<0,14662,https://atcoder.jp/contests/abc374/tasks/abc374_b
Searching,全探索,abc227_b,B. KEYENCE building,-634,<0,10545,https://atcoder.jp/contests/abc227/tasks/abc227_b
Searching,全探索,abc144_b,B. 81,-597,<0,22609,https://atcoder.jp/contests/abc144/tasks/abc144_b
Searching,全探索,abc351_b,B. Spot the Difference,-585,<0,15577,https://atcoder.jp/contests/abc351/tasks/abc351_b
Searching,全探索,abc143_b,B. TAKOYAKI FESTIVAL 2019,-514,<0,15666,https://atcoder.jp/contests/abc143/tasks/abc143_b
Searching,全探索,abc326_b,B. 326-like Numbers,-503,<0,15120,https://atcoder.jp/contests/abc326/tasks/abc326_b
Searching,全探索,abc174_b,B. Distance,-495,<0,19988,https://atcoder.jp/contests/abc174/tasks/abc174_b
Searching,全探索,abc147_b,B. Palindrome-philia,-481,<0,15878,https://atcoder.jp/contests/abc147/tasks/abc147_b
Searching,全探索,abc287_b,B. Postal Card,-471,<0,12654,https://atcoder.jp/contests/abc287/tasks/abc287_b
Searching,全探索,abc234_b,B. Longest Segment,-464,<0,13711,https://atcoder.jp/contests/abc234/tasks/abc234_b
Searching,全探索,abc249_b,B. Perfect String,-459,<0,12201,https://atcoder.jp/contests/abc249/tasks/abc249_b
Searching,全探索,jsc2019_qual_a,A. Takahashi Calendar,-455,<0,6143,https://atcoder.jp/contests/jsc2019-qual/tasks/jsc2019_qual_a
Searching,全探索,abc274_b,B. Line Sensor,-449,<0,11648,https://atcoder.jp/contests/abc274/tasks/abc274_b
Searching,全探索,abc335_b,B. Tetrahedral Number,-416,<0,15523,https://atcoder.jp/contests/abc335/tasks/abc335_b
Searching,全探索,abc170_b,B. Crane and Turtle,-414,<0,20103,https://atcoder.jp/contests/abc170/tasks/abc170_b
Searching,全探索,abc214_b,B. How many?,-405,<0,18229,https://atcoder.jp/contests/abc214/tasks/abc214_b
Searching,全探索,abc342_b,B. Which is ahead?,-378,<0,13881,https://atcoder.jp/contests/abc342/tasks/abc342_b
Searching,全探索,abc111_b,B. AtCoder Beginner Contest 111,-370,<0,10767,https://atcoder.jp/contests/abc111/tasks/abc111_b
Searching,全探索,abc148_c,C. Snack,-341,<0,15875,https://atcoder.jp/contests/abc148/tasks/abc148_c
Searching,全探索,abc078_b,B. ISU,-334,<0,9144,https://atcoder.jp/contests/abc078/tasks/abc078_b
Searching,全探索,abc212_b,B. Weak Password,-330,<0,15601,https://atcoder.jp/contests/abc212/tasks/abc212_b
Searching,全探索,arc119_a,A. 119 × 2^23 + 1,-303,<0,5647,https://atcoder.jp/contests/arc119/tasks/arc119_a
Searching,全探索,abc319_b,B. Measure,-299,<0,16977,https://atcoder.jp/contests/abc319/tasks/abc319_b
Searching,全探索,abc307_b,B. racecar,-298,<0,11642,https://atcoder.jp/contests/abc307/tasks/abc307_b
Searching,全探索,abc282_b,B. Let's Get a Perfect Score,-284,<0,11389,https://atcoder.jp/contests/abc282/tasks/abc282_b
Searching,全探索,abc121_b,B. Can you solve this?,-245,<0,17862,https://atcoder.jp/contests/abc121/tasks/abc121_b
Searching,全探索,abc224_b,B. Mongeness,-237,<0,11683,https://atcoder.jp/contests/abc224/tasks/abc224_b
Searching,全探索,abc156_c,C. Rally,-221,<0,22108,https://atcoder.jp/contests/abc156/tasks/abc156_c
Searching,全探索,abc129_b,B. Balance,-182,<0,14443,https://atcoder.jp/contests/abc129/tasks/abc129_b
Searching,全探索,abc197_b,B. Visibility,-170,<0,14317,https://atcoder.jp/contests/abc197/tasks/abc197_b
Searching,全探索,abc120_b,B. K-th Common Divisor,-168,<0,15577,https://atcoder.jp/contests/abc120/tasks/abc120_b
Searching,全探索,hhkb2020_b,B. Futon,-147,<0,7815,https://atcoder.jp/contests/hhkb2020/tasks/hhkb2020_b
Searching,全探索,abc086_b,B. 1 21,-146,<0,16683,https://atcoder.jp/contests/abc086/tasks/abc086_b
Searching,全探索,sumitb2019_b,B. Tax Rate,-139,<0,13784,https://atcoder.jp/contests/sumitrust2019/tasks/sumitb2019_b
Searching,全探索,abc157_b,B. Bingo,-128,<0,20023,https://atcoder.jp/contests/abc157/tasks/abc157_b
Searching,全探索,tenka1_2012_5,A. 孫子算経,-126,<0,1920,https://atcoder.jp/contests/tenka1-2012-qualB/tasks/tenka1_2012_5
Searching,全探索,abc285_b,B. Longest Uncommon Prefix,-123,<0,10780,https://atcoder.jp/contests/abc285/tasks/abc285_b
Searching,全探索,abc122_b,B. ATCoder,-122,<0,21494,https://atcoder.jp/contests/abc122/tasks/abc122_b
Searching,全探索,abc068_b,B. Break Number,-118,<0,18061,https://atcoder.jp/contests/abc068/tasks/abc068_b
Searching,全探索,hitachi2020_b,B. Nice Shopping,-80,<0,9319,https://atcoder.jp/contests/hitachi2020/tasks/hitachi2020_b
Searching,全探索,codefestival_2016_final_a,A. Where's Snuke?,-76,<0,3404,https://atcoder.jp/contests/cf16-final/tasks/codefestival_2016_final_a
Searching,全探索,abc106_b,B. 105,-75,<0,18161,https://atcoder.jp/contests/abc106/tasks/abc106_b
Searching,全探索,abc327_b,B. A^A,-54,<0,13859,https://atcoder.jp/contests/abc327/tasks/abc327_b
Searching,全探索,abc039_b,B. エージェント高橋君,-54,<0,6602,https://atcoder.jp/contests/abc039/tasks/abc039_b
Searching,全探索,abc175_b,B. Making Triangle,-51,<0,18196,https://atcoder.jp/contests/abc175/tasks/abc175_b
Searching,全探索,abc281_c,C. Circular Playlist,-45,<0,12226,https://atcoder.jp/contests/abc281/tasks/abc281_c
Searching,全探索,abc272_b,B. Everyone is Friends,-24,<0,10984,https://atcoder.jp/contests/abc272/tasks/abc272_b
Searching,全探索,arc108_a,A. Sum and Product,-3,<0,7387,https://atcoder.jp/contests/arc108/tasks/arc108_a
Searching,全探索,abc123_b,B. Five Dishes,1,0-399,14141,https://atcoder.jp/contests/abc123/tasks/abc123_b
Searching,全探索,abc114_b,B. 754,2,0-399,13662,https://atcoder.jp/contests/abc114/tasks/abc114_b
Searching,全探索,abc170_c,C. Forbidden List,15,0-399,17247,https://atcoder.jp/contests/abc170/tasks/abc170_c
Searching,全探索,abc295_b,B. Bombs,24,0-399,11061,https://atcoder.jp/contests/abc295/tasks/abc295_b
Searching,全探索,abc305_c,C. Snuke the Cookie Picker,30,0-399,10806,https://atcoder.jp/contests/abc305/tasks/abc305_c
Searching,全探索,arc146_a,A. Three Cards,32,0-399,4901,https://atcoder.jp/contests/arc146/tasks/arc146_a
Searching,全探索,abc133_b,B. Good Distance,47,0-399,17043,https://atcoder.jp/contests/abc133/tasks/abc133_b
Searching,全探索,abc325_b,B. World Meeting,61,0-399,10879,https://atcoder.jp/contests/abc325/tasks/abc325_b
Searching,全探索,abc267_b,B. Split?,61,0-399,10213,https://atcoder.jp/contests/abc267/tasks/abc267_b
Searching,全探索,abc160_c,C. Traveling Salesman around Lake,62,0-399,20299,https://atcoder.jp/contests/abc160/tasks/abc160_c
Searching,全探索,abc158_c,C. Tax Increase,66,0-399,17260,https://atcoder.jp/contests/abc158/tasks/abc158_c
Searching,全探索,code_formula_2014_qualA_a,A. 立方数,87,0-399,2183,https://atcoder.jp/contests/code-formula-2014-quala/tasks/code_formula_2014_qualA_a
Searching,全探索,abc177_b,B. Substring,108,0-399,17134,https://atcoder.jp/contests/abc177/tasks/abc177_b
Searching,全探索,abc239_c,C. Knight Fork,119,0-399,10515,https://atcoder.jp/contests/abc239/tasks/abc239_c
Searching,全探索,abc163_c,C. management,125,0-399,18550,https://atcoder.jp/contests/abc163/tasks/abc163_c
Searching,全探索,abc247_b,B. Unique Nicknames,127,0-399,11251,https://atcoder.jp/contests/abc247/tasks/abc247_b
Searching,全探索,abc344_c,C. A+B+C,131,0-399,14461,https://atcoder.jp/contests/abc344/tasks/abc344_c
Searching,全探索,abc113_b,B. Palace,144,0-399,15665,https://atcoder.jp/contests/abc113/tasks/abc113_b
Searching,全探索,abc312_b,B. TaK Code,153,0-399,10327,https://atcoder.jp/contests/abc312/tasks/abc312_b
Searching,全探索,abc343_c,C. 343,160,0-399,14248,https://atcoder.jp/contests/abc343/tasks/abc343_c
Searching,全探索,abc087_b,B. Coins,161,0-399,68515,https://atcoder.jp/contests/abc087/tasks/abc087_b
Searching,全探索,arc046_a,A. ゾロ目数,165,0-399,3661,https://atcoder.jp/contests/arc046/tasks/arc046_a
Searching,全探索,abc028_b,B. 文字数カウント,181,0-399,6422,https://atcoder.jp/contests/abc028/tasks/abc028_b
Searching,全探索,abc196_c,C. Doubled,202,0-399,14065,https://atcoder.jp/contests/abc196/tasks/abc196_c
Searching,全探索,abc097_b,B. Exponential,207,0-399,11558,https://atcoder.jp/contests/abc097/tasks/abc097_b
Searching,全探索,abc333_c,C. Repunit Trio,224,0-399,12970,https://atcoder.jp/contests/abc333/tasks/abc333_c
Searching,全探索,abc166_c,C. Peaks,233,0-399,17226,https://atcoder.jp/contests/abc166/tasks/abc166_c
Searching,全探索,arc036_a,A. ぐっすり,253,0-399,2841,https://atcoder.jp/contests/arc036/tasks/arc036_a
Searching,全探索,abc179_c,C. A x B + C,261,0-399,15923,https://atcoder.jp/contests/abc179/tasks/abc179_c
Searching,全探索,arc096_a,C. Half and Half,273,0-399,18181,https://atcoder.jp/contests/abc095/tasks/arc096_a
Searching,全探索,abc115_c,C. Christmas Eve,273,0-399,12879,https://atcoder.jp/contests/abc115/tasks/abc115_c
Searching,全探索,arc106_a,A. 106,277,0-399,7578,https://atcoder.jp/contests/arc106/tasks/arc106_a
Searching,全探索,abc012_3,C. 九九足し算,284,0-399,6282,https://atcoder.jp/contests/abc012/tasks/abc012_3
Searching,全探索,abc224_c,C. Triangle?,286,0-399,10215,https://atcoder.jp/contests/abc224/tasks/abc224_c
Searching,全探索,arc090_a,C. Candies,300,0-399,13341,https://atcoder.jp/contests/abc087/tasks/arc090_a
Searching,全探索,abc091_b,B. Two Colors Card Game,310,0-399,15104,https://atcoder.jp/contests/abc091/tasks/abc091_b
Searching,全探索,abc144_c,C. Walk on Multiplication Table,311,0-399,15810,https://atcoder.jp/contests/abc144/tasks/abc144_c
Searching,全探索,abc225_c,C. Calendar Validator,318,0-399,9063,https://atcoder.jp/contests/abc225/tasks/abc225_c
Searching,全探索,abc183_c,C. Travel,329,0-399,12093,https://atcoder.jp/contests/abc183/tasks/abc183_c
Searching,全探索,arc004_1,A. 2点間距離の最大値 ( The longest distance ),330,0-399,9098,https://atcoder.jp/contests/arc004/tasks/arc004_1
Searching,全探索,abc079_c,C. Train Ticket,331,0-399,16437,https://atcoder.jp/contests/abc079/tasks/abc079_c
Searching,全探索,abc145_c,C. Average Length,335,0-399,16770,https://atcoder.jp/contests/abc145/tasks/abc145_c
Searching,全探索,abc300_b,B. Same Map in the RPG World,350,0-399,10240,https://atcoder.jp/contests/abc300/tasks/abc300_b
Searching,全探索,abc098_b,B. Cut and Count,358,0-399,12009,https://atcoder.jp/contests/abc098/tasks/abc098_b
Searching,全探索,abc100_b,B. Ringo's Favorite Numbers,376,0-399,13322,https://atcoder.jp/contests/abc100/tasks/abc100_b
Searching,全探索,aising2020_c,C. XYZ Triplets,377,0-399,8793,https://atcoder.jp/contests/aising2020/tasks/aising2020_c
Searching,全探索,abc193_c,C. Unexpressed,378,0-399,12813,https://atcoder.jp/contests/abc193/tasks/abc193_c
Searching,全探索,abc221_c,C. Select Mul,378,0-399,11182,https://atcoder.jp/contests/abc221/tasks/abc221_c
Searching,全探索,abc207_c,C. Many Segments,397,0-399,10232,https://atcoder.jp/contests/abc207/tasks/abc207_c
Searching,全探索,arc082_a,C. Together,407,400-799,12908,https://atcoder.jp/contests/abc072/tasks/arc082_a
Searching,全探索,abc096_c,C. Grid Repainting 2,407,400-799,12383,https://atcoder.jp/contests/abc096/tasks/abc096_c
Searching,全探索,abc150_c,C. Count Order,422,400-799,19557,https://atcoder.jp/contests/abc150/tasks/abc150_c
Searching,全探索,arc086_a,C. Not so Diverse,430,400-799,13116,https://atcoder.jp/contests/abc081/tasks/arc086_a
Searching,全探索,abc293_c,C. Make Takahashi Happy,431,400-799,10451,https://atcoder.jp/contests/abc293/tasks/abc293_c
Searching,全探索,abc057_b,B. Checkpoints,434,400-799,11061,https://atcoder.jp/contests/abc057/tasks/abc057_b
Searching,全探索,abc201_c,C. Secret Number,439,400-799,11548,https://atcoder.jp/contests/abc201/tasks/abc201_c
Searching,全探索,keyence2019_b,B. KEYENCE String,446,400-799,6788,https://atcoder.jp/contests/keyence2019/tasks/keyence2019_b
Searching,全探索,abc157_c,C. Guess The Number,456,400-799,14191,https://atcoder.jp/contests/abc157/tasks/abc157_c
Searching,全探索,arc121_a,A. 2nd Greatest Distance,459,400-799,4468,https://atcoder.jp/contests/arc121/tasks/arc121_a
Searching,全探索,abc195_b,B. Many Oranges,483,400-799,11953,https://atcoder.jp/contests/abc195/tasks/abc195_b
Searching,全探索,tenka1_2015_qualA_a,A. 展開図プログラマーコンテスト,488,400-799,2096,https://atcoder.jp/contests/tenka1-2015-quala/tasks/tenka1_2015_qualA_a
Searching,全探索,indeednow_2015_qualb_2,B. 高橋くんと文字列操作,491,400-799,2079,https://atcoder.jp/contests/indeednow-qualb/tasks/indeednow_2015_qualb_2
Searching,全探索,arc039_a,A. A - B problem,494,400-799,3121,https://atcoder.jp/contests/arc039/tasks/arc039_a
Searching,全探索,abc258_b,B. Number Box,511,400-799,9392,https://atcoder.jp/contests/abc258/tasks/abc258_b
Searching,全探索,abc338_c,C. Leftover Recipes,513,400-799,9905,https://atcoder.jp/contests/abc338/tasks/abc338_c
Searching,全探索,abc300_c,C. Cross,534,400-799,8401,https://atcoder.jp/contests/abc300/tasks/abc300_c
Searching,全探索,diverta2019_b,B. RGB Boxes,538,400-799,8073,https://atcoder.jp/contests/diverta2019/tasks/diverta2019_b
Searching,全探索,arc029_1,A. 高橋君とお肉,549,400-799,6965,https://atcoder.jp/contests/arc029/tasks/arc029_1
Searching,全探索,agc004_a,A. Divide a Cuboid,558,400-799,7520,https://atcoder.jp/contests/agc004/tasks/agc004_a
Searching,全探索,abc085_c,C. Otoshidama,584,400-799,53938,https://atcoder.jp/contests/abc085/tasks/abc085_c
Searching,全探索,abc029_c,C. Brute-force Attack,584,400-799,6833,https://atcoder.jp/contests/abc029/tasks/abc029_c
Searching,全探索,arc013_1,A. 梱包できるかな？,585,400-799,3004,https://atcoder.jp/contests/arc013/tasks/arc013_1
Searching,全探索,abc133_c,C. Remainder Minimization 2019,592,400-799,14262,https://atcoder.jp/contests/abc133/tasks/abc133_c
Searching,全探索,abc363_c,C. Avoid K Palindrome 2,602,400-799,9806,https://atcoder.jp/contests/abc363/tasks/abc363_c
Searching,全探索,abc233_c,C. Product,604,400-799,9929,https://atcoder.jp/contests/abc233/tasks/abc233_c
Searching,全探索,arc079_a,C. Cat Snuke and a Voyage,609,400-799,10674,https://atcoder.jp/contests/abc068/tasks/arc079_a
Searching,全探索,abc040_b,B. □□□□□,640,400-799,6296,https://atcoder.jp/contests/abc040/tasks/abc040_b
Searching,全探索,abc089_c,C. March,642,400-799,9880,https://atcoder.jp/contests/abc089/tasks/abc089_c
Searching,全探索,abc241_c,C. Connect 6,664,400-799,9381,https://atcoder.jp/contests/abc241/tasks/abc241_c
Searching,全探索,abc232_c,C. Graph Isomorphism,685,400-799,7417,https://atcoder.jp/contests/abc232/tasks/abc232_c
Searching,全探索,code_festival_final_c,C. N進数,685,400-799,2063,https://atcoder.jp/contests/code-festival-2014-final/tasks/code_festival_final_c
Searching,全探索,abc227_c,C. ABC conjecture,692,400-799,8535,https://atcoder.jp/contests/abc227/tasks/abc227_c
Searching,全探索,abc166_d,D. I hate Factorization,694,400-799,13372,https://atcoder.jp/contests/abc166/tasks/abc166_d
Searching,全探索,arc078_a,C. Splitting Pile,710,400-799,9704,https://atcoder.jp/contests/abc067/tasks/arc078_a
Searching,全探索,arc059_a,C. Be Together,712,400-799,12876,https://atcoder.jp/contests/arc059/tasks/arc059_a
Searching,全探索,abc162_d,D. RGB Triplets,757,400-799,11891,https://atcoder.jp/contests/abc162/tasks/abc162_d
Searching,全探索,abc051_b,B. Sum of Three Integers,784,400-799,18892,https://atcoder.jp/contests/abc051/tasks/abc051_b
Searching,全探索,arc013_2,B. 引越しできるかな？,788,400-799,2594,https://atcoder.jp/contests/arc013/tasks/arc013_2
Searching,全探索,abc026_c,C. 高橋君の給料,820,800-1199,5174,https://atcoder.jp/contests/abc026/tasks/abc026_c
Searching,全探索,arc103_a,C. /\/\/\/,826,800-1199,10461,https://atcoder.jp/contests/abc111/tasks/arc103_a
Searching,全探索,sumitb2019_d,D. Lucky PIN,838,800-1199,11130,https://atcoder.jp/contests/sumitrust2019/tasks/sumitb2019_d
Searching,全探索,abc320_c,C. Slot Strategy 2 (Easy),851,800-1199,7955,https://atcoder.jp/contests/abc320/tasks/abc320_c
Searching,全探索,abc193_d,D. Poker,866,800-1199,6782,https://atcoder.jp/contests/abc193/tasks/abc193_d
Searching,全探索,abc160_d,D. Line++,879,800-1199,11747,https://atcoder.jp/contests/abc160/tasks/abc160_d
Searching,全探索,abc054_b,B. Template Matching,893,800-1199,9956,https://atcoder.jp/contests/abc054/tasks/abc054_b
Searching,全探索,abc324_d,D. Square Permutation,895,800-1199,7263,https://atcoder.jp/contests/abc324/tasks/abc324_d
Searching,全探索,abc174_c,C. Repsept,902,800-1199,12851,https://atcoder.jp/contests/abc174/tasks/abc174_c
Searching,全探索,abc057_c,C. Digits in Multiplication,904,800-1199,13666,https://atcoder.jp/contests/abc057/tasks/abc057_c
Searching,全探索,abc015_3,C. 高橋くんのバグ探し,912,800-1199,4813,https://atcoder.jp/contests/abc015/tasks/abc015_3
Searching,全探索,tenka1_2019_c,C. Stones,944,800-1199,6265,https://atcoder.jp/contests/tenka1-2019/tasks/tenka1_2019_c
Searching,全探索,arc101_a,C. Candles,947,800-1199,9320,https://atcoder.jp/contests/abc107/tasks/arc101_a
Searching,全探索,abc147_c,C. HonestOrUnkind2,977,800-1199,11043,https://atcoder.jp/contests/abc147/tasks/abc147_c
Searching,全探索,arc020_2,B. 縞模様,1008,800-1199,2347,https://atcoder.jp/contests/arc020/tasks/arc020_2
Searching,全探索,abc218_c,C. Shapes,1012,800-1199,7402,https://atcoder.jp/contests/abc218/tasks/abc218_c
Searching,全探索,diverta2019_2_b,B. Picking Up,1026,800-1199,4677,https://atcoder.jp/contests/diverta2019-2/tasks/diverta2019_2_b
Searching,全探索,abc152_d,D. Handstand 2,1045,800-1199,8886,https://atcoder.jp/contests/abc152/tasks/abc152_d
Searching,全探索,arc061_a,C. Many Formulas,1089,800-1199,15877,https://atcoder.jp/contests/abc045/tasks/arc061_a
Searching,全探索,panasonic2020_d,D. String Equivalence,1102,800-1199,5867,https://atcoder.jp/contests/panasonic2020/tasks/panasonic2020_d
Searching,全探索,arc031_2,B. 埋め立て,1106,800-1199,6748,https://atcoder.jp/contests/arc031/tasks/arc031_2
Searching,全探索,abc031_c,C. 数列ゲーム,1106,800-1199,3704,https://atcoder.jp/contests/abc031/tasks/abc031_c
Searching,全探索,abc319_c,C. False Hope,1111,800-1199,6052,https://atcoder.jp/contests/abc319/tasks/abc319_c
Searching,全探索,arc034_2,B. 方程式,1132,800-1199,2475,https://atcoder.jp/contests/arc034/tasks/arc034_2
Searching,全探索,abc165_c,C. Many Requirements,1136,800-1199,10589,https://atcoder.jp/contests/abc165/tasks/abc165_c
Searching,全探索,abc112_c,C. Pyramid,1147,800-1199,8400,https://atcoder.jp/contests/abc112/tasks/abc112_c
Searching,全探索,abc006_3,C. スフィンクスのなぞなぞ,1158,800-1199,5548,https://atcoder.jp/contests/abc006/tasks/abc006_3
Searching,全探索,tenka1_2017_c,C. 4/N,1158,800-1199,4856,https://atcoder.jp/contests/tenka1-2017/tasks/tenka1_2017_c
Searching,全探索,arc002_3,C. コマンド入力,1164,800-1199,2874,https://atcoder.jp/contests/arc002/tasks/arc002_3
Searching,全探索,arc058_a,C. Iroha's Obsession,1174,800-1199,13792,https://atcoder.jp/contests/arc058/tasks/arc058_a
Searching,全探索,abc332_d,D. Swapping Puzzle,1175,800-1199,5186,https://atcoder.jp/contests/abc332/tasks/abc332_d
Searching,全探索,abc198_d,D. Send More Money,1224,1200-1599,5423,https://atcoder.jp/contests/abc198/tasks/abc198_d
Searching,全探索,arc083_a,C. Sugar Water,1255,1200-1599,6298,https://atcoder.jp/contests/abc074/tasks/arc083_a
Searching,全探索,arc018_2,B. 格子点と整数,1330,1200-1599,2106,https://atcoder.jp/contests/arc018/tasks/arc018_2
Searching,全探索,abc100_d,D. Patisserie ABC,1331,1200-1599,5929,https://atcoder.jp/contests/abc100/tasks/abc100_d
Searching,全探索,abc073_d,D. joisino's travel,1345,1200-1599,5306,https://atcoder.jp/contests/abc073/tasks/abc073_d
Searching,全探索,abc099_d,D. Good Grid,1345,1200-1599,4402,https://atcoder.jp/contests/abc099/tasks/abc099_d
Searching,全探索,abc128_d,D. equeue,1354,1200-1599,6721,https://atcoder.jp/contests/abc128/tasks/abc128_d
Searching,全探索,abc326_d,D. ABC Puzzle,1371,1200-1599,4515,https://atcoder.jp/contests/abc326/tasks/abc326_d
Searching,全探索,cf17_final_c,C. Time Gap,1390,1200-1599,2112,https://atcoder.jp/contests/cf17-final/tasks/cf17_final_c
Searching,全探索,code_formula_2014_qualB_c,C. 仲良し文字列,1406,1200-1599,932,https://atcoder.jp/contests/code-formula-2014-qualb/tasks/code_formula_2014_qualB_c
Searching,全探索,abc345_d,D. Tiling,1419,1200-1599,4360,https://atcoder.jp/contests/abc345/tasks/abc345_d
Searching,全探索,abc075_d,D. Axis-Parallel Rectangle,1470,1200-1599,4400,https://atcoder.jp/contests/abc075/tasks/abc075_d
Searching,全探索,arc073_b,D. Simple Knapsack,1477,1200-1599,4994,https://atcoder.jp/contests/abc060/tasks/arc073_b
Searching,全探索,arc124_c,C. LCM of GCDs,1495,1200-1599,2557,https://atcoder.jp/contests/arc124/tasks/arc124_c
Searching,全探索,abc025_c,C. 双子と○×ゲーム,1640,1600-1999,2110,https://atcoder.jp/contests/abc025/tasks/abc025_c
Searching,全探索,arc088_b,D. Wide Flip,1646,1600-1999,4093,https://atcoder.jp/contests/abc083/tasks/arc088_b
Searching,全探索,abc136_e,E. Max GCD,1670,1600-1999,3949,https://atcoder.jp/contests/abc136/tasks/abc136_e
Searching,全探索,abc031_d,D. 語呂合わせ,1688,1600-1999,1596,https://atcoder.jp/contests/abc031/tasks/abc031_d
Searching,全探索,abc018_4,D. バレンタインデー,1711,1600-1999,2086,https://atcoder.jp/contests/abc018/tasks/abc018_4
Searching,全探索,abc147_e,E. Balanced Path,1713,1600-1999,3490,https://atcoder.jp/contests/abc147/tasks/abc147_e
Searching,全探索,abc343_e,E. 7x7x7,1802,1600-1999,2821,https://atcoder.jp/contests/abc343/tasks/abc343_e
Searching,全探索,arc128_c,C. Max Dot,1810,1600-1999,1527,https://atcoder.jp/contests/arc128/tasks/arc128_c
Searching,全探索,abc211_e,E. Red Polyomino,1823,1600-1999,2618,https://atcoder.jp/contests/abc211/tasks/abc211_e
Searching,全探索,abc004_4,D. マーブル,1861,1600-1999,1735,https://atcoder.jp/contests/abc004/tasks/abc004_4
Searching,全探索,arc012_3,C. 五目並べチェッカー,1873,1600-1999,821,https://atcoder.jp/contests/arc012/tasks/arc012_3
Searching,全探索,abc363_f,F. Palindromic Expression,1913,1600-1999,2177,https://atcoder.jp/contests/abc363/tasks/abc363_f
Searching,全探索,arc098_c,E. Range Minimum Queries,1951,1600-1999,2016,https://atcoder.jp/contests/arc098/tasks/arc098_c
Searching,全探索,arc006_4,D. アルファベット探し,1973,1600-1999,774,https://atcoder.jp/contests/arc006/tasks/arc006_4
Searching,全探索,arc099_b,D. Snuke Numbers,2001,2000-2399,2496,https://atcoder.jp/contests/abc101/tasks/arc099_b
Searching,全探索,dwango2016qual_d,D. 庭園,2233,2000-2399,263,https://atcoder.jp/contests/dwango2016-prelims/tasks/dwango2016qual_d
Searching,全探索,abc130_f,F. Minimum Bounding Box,2240,2000-2399,1479,https://atcoder.jp/contests/abc130/tasks/abc130_f
Searching,全探索,arc060_b,D. Digit Sum,2261,2000-2399,3332,https://atcoder.jp/contests/abc044/tasks/arc060_b
Searching,全探索,m_solutions2020_e,E. M's Solution,2268,2000-2399,909,https://atcoder.jp/contests/m-solutions2020/tasks/m_solutions2020_e
Searching,全探索,arc007_4,D. 破れた宿題,2491,2400-2799,176,https://atcoder.jp/contests/arc007/tasks/arc007_4
Searching,全探索,arc075_d,F. Mirrored,2549,2400-2799,821,https://atcoder.jp/contests/arc075/tasks/arc075_d
Searching,全探索,agc019_d,D. Shift and Flip,2601,2400-2799,976,https://atcoder.jp/contests/agc019/tasks/agc019_d
Searching,全探索,abc150_b,B. Count ABC,,unknown,18370,https://atcoder.jp/contests/abc150/tasks/abc150_b
Searching,全探索,abc105_b,B. Cakes and Donuts,,unknown,13969,https://atcoder.jp/contests/abc105/tasks/abc105_b
Searching,全探索,typical90_p,016. Minimum Coins（★3）,,unknown,8939,https://atcoder.jp/contests/typical90/tasks/typical90_p
Searching,全探索,typical90_bc,055. Select 5（★2）,,unknown,7508,https://atcoder.jp/contests/typical90/tasks/typical90_bc
Searching,全探索,pakencamp_2019_day3_c,C. カラオケ,,unknown,6877,https://atcoder.jp/contests/pakencamp-2019-day3/tasks/pakencamp_2019_day3_c
Searching,全探索,typical90_at,046. I Love 46（★3）,,unknown,6680,https://atcoder.jp/contests/typical90/tasks/typical90_at
Searching,全探索,typical90_af,032. AtCoder Ekiden（★3）,,unknown,6487,https://atcoder.jp/contests/typical90/tasks/typical90_af
Searching,全探索,joi2008yo_d,D. 星座探し,,unknown,3996,https://atcoder.jp/contests/joi2008yo/tasks/joi2008yo_d
Searching,全探索,typical90_bk,063. Monochromatic Subgrid（★4）,,unknown,3762,https://atcoder.jp/contests/typical90/tasks/typical90_bk
Searching,全探索,typical90_cg,085. Multiplication 085（★4）,,unknown,3739,https://atcoder.jp/contests/typical90/tasks/typical90_cg
Searching,全探索,joi2007ho_c,C. 最古の遺跡,,unknown,3409,https://atcoder.jp/contests/joi2007ho/tasks/joi2007ho_c
Searching,全探索,past201912_g,G. Division,,unknown,2551,https://atcoder.jp/contests/past201912-open/tasks/past201912_g
Searching,全探索,chokudai_S001_a,A. 最大値,,unknown,2215,https://atcoder.jp/contests/chokudai_S001/tasks/chokudai_S001_a
Searching,全探索,past202004_d,D. String Match,,unknown,2215,https://atcoder.jp/contests/past202004-open/tasks/past202004_d
Searching,全探索,joi2010yo_d,D. カード並べ,,unknown,2209,https://atcoder.jp/contests/joi2010yo/tasks/joi2010yo_d
Searching,全探索,chokudai_S001_e,E. 1は何番目？,,unknown,1758,https://atcoder.jp/contests/chokudai_S001/tasks/chokudai_S001_e
Searching,全探索,arc001_3,C. パズルのお手伝い,,unknown,1687,https://atcoder.jp/contests/arc001/tasks/arc001_3
Searching,全探索,gigacode_2019_d,D. 家の建設,,unknown,1679,https://atcoder.jp/contests/gigacode-2019/tasks/gigacode_2019_d
Searching,全探索,joi2020_yo2_a,A. ポスター (Poster),,unknown,1568,https://atcoder.jp/contests/joi2020yo2/tasks/joi2020_yo2_a
Searching,全探索,ddcc2018_qual_b,B. チップ・ストーリー ～漆黒編～,,unknown,1488,https://atcoder.jp/contests/ddcc2019-qual/tasks/ddcc2018_qual_b
Searching,全探索,judge_update_202004_c,C. Numbering Blocks,,unknown,1399,https://atcoder.jp/contests/judge-update-202004/tasks/judge_update_202004_c
Searching,全探索,ttpc2019_a,A. Next TTPC,,unknown,1357,https://atcoder.jp/contests/ttpc2019/tasks/ttpc2019_a
Searching,全探索,joi2017yo_b,B. ポイントカード (Point Card),,unknown,1337,https://atcoder.jp/contests/joi2017yo/tasks/joi2017yo_b
Searching,全探索,joi2017yo_c,C. 休憩スペース (Refreshment Area),,unknown,1293,https://atcoder.jp/contests/joi2017yo/tasks/joi2017yo_c
Searching,全探索,joi2016yo_c,C. ロシアの旗 (Russian Flag),,unknown,1215,https://atcoder.jp/contests/joi2016yo/tasks/joi2016yo_c
Searching,全探索,joi2018_yo_c,C. 幹線道路 (Trunk Road),,unknown,1212,https://atcoder.jp/contests/joi2018yo/tasks/joi2018_yo_c
Searching,全探索,code_thanks_festival_2017_b,B. Concatenated Palindrome,,unknown,1090,https://atcoder.jp/contests/code-thanks-festival-2017/tasks/code_thanks_festival_2017_b
Searching,全探索,joi2013yo_c,C. 看板 (Signboard),,unknown,1041,https://atcoder.jp/contests/joi2013yo/tasks/joi2013yo_c
Searching,全探索,past202010_e,E. アナグラム,,unknown,1028,https://atcoder.jp/contests/past202010-open/tasks/past202010_e
Searching,全探索,past202010_d,D. 分身,,unknown,994,https://atcoder.jp/contests/past202010-open/tasks/past202010_d
Searching,全探索,nikkei2019_2_final_a,A. Count Triplets,,unknown,927,https://atcoder.jp/contests/nikkei2019-2-final/tasks/nikkei2019_2_final_a
Searching,全探索,joi2009yo_c,C. 連鎖,,unknown,843,https://atcoder.jp/contests/joi2009yo/tasks/joi2009yo_c
Searching,全探索,cpsco2019_s3_a,A. ASOKO,,unknown,839,https://atcoder.jp/contests/cpsco2019-s3/tasks/cpsco2019_s3_a
Searching,全探索,colopl2018_qual_c,C. すぬけそだて――ごはん――,,unknown,800,https://atcoder.jp/contests/colopl2018-qual/tasks/colopl2018_qual_c
Searching,全探索,past202010_h,H. マス目のカット,,unknown,777,https://atcoder.jp/contests/past202010-open/tasks/past202010_h
Searching,全探索,s8pc_3_b,B. Falling Stone Game,,unknown,755,https://atcoder.jp/contests/s8pc-3/tasks/s8pc_3_b
Searching,全探索,tkppc4_1_c,C. 異世界転生,,unknown,721,https://atcoder.jp/contests/tkppc4-1/tasks/tkppc4_1_c
Searching,全探索,ddcc_2016_final_a,A. 正方形のチップ,,unknown,707,https://atcoder.jp/contests/ddcc2016-final/tasks/ddcc_2016_final_a
Searching,全探索,ddcc2017_final_a,A. 正方形のチップ２,,unknown,696,https://atcoder.jp/contests/ddcc2017-final/tasks/ddcc2017_final_a
Searching,全探索,past202012_e,E. Stamp,,unknown,687,https://atcoder.jp/contests/past202012-open/tasks/past202012_e
Searching,全探索,joi2014ho1,A. JOI 紋章 (JOI Emblem),,unknown,682,https://atcoder.jp/contests/joi2014ho/tasks/joi2014ho1
Searching,全探索,utpc2012_01,A. 2012年12月02日,,unknown,642,https://atcoder.jp/contests/utpc2012/tasks/utpc2012_01
Searching,全探索,joi2015ho_c,C. JOI 公園 (JOI Park),,unknown,641,https://atcoder.jp/contests/joi2015ho/tasks/joi2015ho_c
Searching,全探索,cpsco2019_s4_b,B. Meeting,,unknown,628,https://atcoder.jp/contests/cpsco2019-s4/tasks/cpsco2019_s4_b
Searching,全探索,code_thanks_festival_14_quala_b,B. バッジ,,unknown,620,https://atcoder.jp/contests/code-thanks-festival-2014-a-open/tasks/code_thanks_festival_14_quala_b
Searching,全探索,code_thanks_festival_14_qualb_b,B. 電卓ゲーム,,unknown,609,https://atcoder.jp/contests/code-thanks-festival-2014-b-open/tasks/code_thanks_festival_14_qualb_b
Searching,全探索,joi2012ho2,B. たのしいカードゲーム (Card Game is Fun),,unknown,599,https://atcoder.jp/contests/joi2012ho/tasks/joi2012ho2
Searching,全探索,code_thanks_festival_2015_c,C. 集合写真,,unknown,586,https://atcoder.jp/contests/code-thanks-festival-2015-open/tasks/code_thanks_festival_2015_c
Searching,全探索,jag2018summer_day2_a,A. 10^N+7,,unknown,571,https://atcoder.jp/contests/jag2018summer-day2/tasks/jag2018summer_day2_a
Searching,全探索,past202104_h,H. Can Can Mart,,unknown,553,https://atcoder.jp/contests/past202104-open/tasks/past202104_h
Searching,全探索,wupc2012_2,B. パスワード,,unknown,528,https://atcoder.jp/contests/wupc2012/tasks/wupc2012_2
Searching,全探索,joisc2015_b,B. 愉快なロゴデザイン,,unknown,520,https://atcoder.jp/contests/joisc2015/tasks/joisc2015_b
Searching,全探索,kupc2012_1,A. アルデンテ,,unknown,519,https://atcoder.jp/contests/kupc2012/tasks/kupc2012_1
Searching,全探索,otemae2019_b,B. 駒 (Pieces),,unknown,511,https://atcoder.jp/contests/otemae2019/tasks/otemae2019_b
Searching,全探索,nikkei2019_2_final_b,B. NIKKEI String,,unknown,501,https://atcoder.jp/contests/nikkei2019-2-final/tasks/nikkei2019_2_final_b
Searching,全探索,gw2015_a,A. 得点,,unknown,500,https://atcoder.jp/contests/gwcontest2015/tasks/gw2015_a
Searching,全探索,pakencamp_2018_day3_c,C. 竹の観察,,unknown,423,https://atcoder.jp/contests/pakencamp-2018-day3/tasks/pakencamp_2018_day3_c
Searching,全探索,code_thanks_festival_14_qualb_d,D. 足ゲーム,,unknown,419,https://atcoder.jp/contests/code-thanks-festival-2014-b-open/tasks/code_thanks_festival_14_qualb_d
Searching,全探索,relay_d,D. Magic Square 2,,unknown,388,https://atcoder.jp/contests/cf16-relay-open/tasks/relay_d
Searching,全探索,ttpc2015_d,D. 文字列と素数,,unknown,379,https://atcoder.jp/contests/ttpc2015/tasks/ttpc2015_d
Searching,全探索,qupc2014_a,A. 成績判定,,unknown,379,https://atcoder.jp/contests/qupc2014/tasks/qupc2014_a
Searching,全探索,pakencamp_2018_day2_c,C. クリスマス飾り（Christmas Decorations）,,unknown,375,https://atcoder.jp/contests/pakencamp-2018-day2/tasks/pakencamp_2018_day2_c
Searching,全探索,s8pc_1_b,B. ケーキ・カッティング (Cake Cutting),,unknown,325,https://atcoder.jp/contests/s8pc-1/tasks/s8pc_1_b
Searching,全探索,jag2018summer_day2_b,B. Coins,,unknown,304,https://atcoder.jp/contests/jag2018summer-day2/tasks/jag2018summer_day2_b
Searching,全探索,bcu30_b,B. 数字パズル,,unknown,232,https://atcoder.jp/contests/bcu30/tasks/bcu30_b
Searching,全探索,wupc2012_6,F. 最後の問題,,unknown,155,https://atcoder.jp/contests/wupc2012/tasks/wupc2012_6
Searching,幅優先探索,abc274_c,C. Ameba,304,0-399,9702,https://atcoder.jp/contests/abc274/tasks/abc274_c
Searching,幅優先探索,abc264_d,"D. ""redocta"".swap(i,i+1)",414,400-799,9366,https://atcoder.jp/contests/abc264/tasks/abc264_d
Searching,幅優先探索,abc277_c,C. Ladder Takahashi,540,400-799,9701,https://atcoder.jp/contests/abc277/tasks/abc277_c
Searching,幅優先探索,arc079_a,C. Cat Snuke and a Voyage,609,400-799,10674,https://atcoder.jp/contests/abc068/tasks/arc079_a
Searching,幅優先探索,abc211_d,D. Number of Shortest paths,755,400-799,9324,https://atcoder.jp/contests/abc211/tasks/abc211_d
Searching,幅優先探索,abc168_d,D. .. (Double Dots),804,800-1199,11902,https://atcoder.jp/contests/abc168/tasks/abc168_d
Searching,幅優先探索,abc016_3,C. 友達の友達,830,800-1199,5323,https://atcoder.jp/contests/abc016/tasks/abc016_3
Searching,幅優先探索,abc235_d,D. Multiply and Rotate,862,800-1199,7605,https://atcoder.jp/contests/abc235/tasks/abc235_d
Searching,幅優先探索,abc206_d,D. KAIBUNsyo,879,800-1199,8434,https://atcoder.jp/contests/abc206/tasks/abc206_d
Searching,幅優先探索,abc311_d,D. Grid Ice Floor,885,800-1199,7189,https://atcoder.jp/contests/abc311/tasks/abc311_d
Searching,幅優先探索,abc151_d,D. Maze Master,959,800-1199,9963,https://atcoder.jp/contests/abc151/tasks/abc151_d
Searching,幅優先探索,abc161_d,D. Lunlun Number,991,800-1199,11328,https://atcoder.jp/contests/abc161/tasks/abc161_d
Searching,幅優先探索,abc088_d,D. Grid Repainting,999,800-1199,9756,https://atcoder.jp/contests/abc088/tasks/abc088_d
Searching,幅優先探索,abc007_3,A. 幅優先探索,1024,800-1199,14783,https://atcoder.jp/contests/atc002/tasks/abc007_3
Searching,幅優先探索,abc276_e,E. Round Trip,1058,800-1199,5561,https://atcoder.jp/contests/abc276/tasks/abc276_e
Searching,幅優先探索,abc317_e,E. Avoid Eye Contact,1085,800-1199,5576,https://atcoder.jp/contests/abc317/tasks/abc317_e
Searching,幅優先探索,arc031_2,B. 埋め立て,1106,800-1199,6748,https://atcoder.jp/contests/arc031/tasks/arc031_2
Searching,幅優先探索,abc348_d,D. Medicines on Grid,1108,800-1199,6311,https://atcoder.jp/contests/abc348/tasks/abc348_d
Searching,幅優先探索,agc033_a,A. Darker and Darker,1159,800-1199,6854,https://atcoder.jp/contests/agc033/tasks/agc033_a
Searching,幅優先探索,abc361_d,D. Go Stone Puzzle,1202,1200-1599,5903,https://atcoder.jp/contests/abc361/tasks/abc361_d
Searching,幅優先探索,abc254_e,E. Small d and k,1202,1200-1599,5724,https://atcoder.jp/contests/abc254/tasks/abc254_e
Searching,幅優先探索,aising2019_c,C. Alternating Path,1264,1200-1599,3509,https://atcoder.jp/contests/aising2019/tasks/aising2019_c
Searching,幅優先探索,m_solutions2019_d,D. Maximum Sum of Minimum,1267,1200-1599,3160,https://atcoder.jp/contests/m-solutions2019/tasks/m_solutions2019_d
Searching,幅優先探索,abc339_d,D. Synchronized Players,1276,1200-1599,5310,https://atcoder.jp/contests/abc339/tasks/abc339_d
Searching,幅優先探索,abc363_e,E. Sinking Land,1307,1200-1599,4976,https://atcoder.jp/contests/abc363/tasks/abc363_e
Searching,幅優先探索,abc224_d,D. 8 Puzzle on Graph,1376,1200-1599,4787,https://atcoder.jp/contests/abc224/tasks/abc224_d
Searching,幅優先探索,abc184_e,E. Third Avenue,1418,1200-1599,5179,https://atcoder.jp/contests/abc184/tasks/abc184_e
Searching,幅優先探索,abc213_e,E. Stronger Takahashi,1423,1200-1599,5247,https://atcoder.jp/contests/abc213/tasks/abc213_e
Searching,幅優先探索,abc302_f,F. Merge Set,1430,1200-1599,3914,https://atcoder.jp/contests/abc302/tasks/abc302_f
Searching,幅優先探索,arc090_b,D. People on a Line,1452,1200-1599,5780,https://atcoder.jp/contests/abc087/tasks/arc090_b
Searching,幅優先探索,abc148_f,F. Playing Tag on Tree,1457,1200-1599,4346,https://atcoder.jp/contests/abc148/tasks/abc148_f
Searching,幅優先探索,arc011_3,C. ダブレット,1488,1200-1599,1439,https://atcoder.jp/contests/arc011/tasks/arc011_3
Searching,幅優先探索,arc005_3,C. 器物損壊！高橋君,1503,1200-1599,3744,https://atcoder.jp/contests/arc005/tasks/arc005_3
Searching,幅優先探索,abc218_f,F. Blocked Roads,1753,1600-1999,3543,https://atcoder.jp/contests/abc218/tasks/abc218_f
Searching,幅優先探索,abc211_e,E. Red Polyomino,1823,1600-1999,2618,https://atcoder.jp/contests/abc211/tasks/abc211_e
Searching,幅優先探索,agc014_c,C. Closed Rooms,1863,1600-1999,2045,https://atcoder.jp/contests/agc014/tasks/agc014_c
Searching,幅優先探索,abc241_f,F. Skate,1888,1600-1999,2314,https://atcoder.jp/contests/abc241/tasks/abc241_f
Searching,幅優先探索,arc006_4,D. アルファベット探し,1973,1600-1999,774,https://atcoder.jp/contests/arc006/tasks/arc006_4
Searching,幅優先探索,arc015_3,C. 変わった単位,2185,2000-2399,574,https://atcoder.jp/contests/arc015/tasks/arc015_3
Searching,幅優先探索,arc084_b,D. Small Multiple,2457,2400-2799,6440,https://atcoder.jp/contests/abc077/tasks/arc084_b
Searching,幅優先探索,arc079_d,F. Namori Grundy,2636,2400-2799,863,https://atcoder.jp/contests/arc079/tasks/arc079_d
Searching,幅優先探索,joi2011yo_e,E. チーズ (Cheese),,unknown,4425,https://atcoder.jp/contests/joi2011yo/tasks/joi2011yo_e
Searching,幅優先探索,arc001_2,B. リモコン,,unknown,4408,https://atcoder.jp/contests/arc001/tasks/arc001_2
Searching,幅優先探索,typical90_bb,054. Takahashi Number（★6）,,unknown,1719,https://atcoder.jp/contests/typical90/tasks/typical90_bb
Searching,幅優先探索,past202005_g,G. Gold General Goes on the Grid,,unknown,1190,https://atcoder.jp/contests/past202005-open/tasks/past202005_g
Searching,幅優先探索,joi2010yo_c,C. パーティー,,unknown,1176,https://atcoder.jp/contests/joi2010yo/tasks/joi2010yo_c
Searching,幅優先探索,tessoku_book_br,A70. Lanterns,,unknown,1012,https://atcoder.jp/contests/tessoku-book/tasks/tessoku_book_br
Searching,幅優先探索,past202012_i,I. Evacuation Plan,,unknown,733,https://atcoder.jp/contests/past202012-open/tasks/past202012_i
Searching,幅優先探索,joi2020_yo2_d,D. テンキー (Tenkey),,unknown,697,https://atcoder.jp/contests/joi2020yo2/tasks/joi2020_yo2_d
Searching,幅優先探索,joi2015yo_e,E. 砂の城 (Sandcastle),,unknown,614,https://atcoder.jp/contests/joi2015yo/tasks/joi2015yo_e
Searching,幅優先探索,joi2021_yo2_b,B. パンケーキ (Pancake),,unknown,543,https://atcoder.jp/contests/joi2021yo2/tasks/joi2021_yo2_b
Searching,幅優先探索,qupc2018_c,C. Ito Campus,,unknown,431,https://atcoder.jp/contests/qupc2018/tasks/qupc2018_c
Searching,幅優先探索,wupc2012_3,C. 自宅からの脱出,,unknown,403,https://atcoder.jp/contests/wupc2012/tasks/wupc2012_3
Searching,幅優先探索,joisc2009_pyramid,pyramid. 貫きピラミッド (Pyramid),,unknown,322,https://atcoder.jp/contests/joisc2009/tasks/joisc2009_pyramid
Searching,深さ優先探索,abc228_b,B. Takahashi's Secret,-229,<0,11676,https://atcoder.jp/contests/abc228/tasks/abc228_b
Searching,深さ優先探索,abc265_c,C. Belt Conveyor,146,0-399,10803,https://atcoder.jp/contests/abc265/tasks/abc265_c
Searching,深さ優先探索,abc263_c,C. Monotonically Increasing,282,0-399,9950,https://atcoder.jp/contests/abc263/tasks/abc263_c
Searching,深さ優先探索,abc274_c,C. Ameba,304,0-399,9702,https://atcoder.jp/contests/abc274/tasks/abc274_c
Searching,深さ優先探索,abc150_c,C. Count Order,422,400-799,19557,https://atcoder.jp/contests/abc150/tasks/abc150_c
Searching,深さ優先探索,abc293_c,C. Make Takahashi Happy,431,400-799,10451,https://atcoder.jp/contests/abc293/tasks/abc293_c
Searching,深さ優先探索,abl_c,C. Connect Cities,435,400-799,6979,https://atcoder.jp/contests/abl/tasks/abl_c
Searching,深さ優先探索,abc226_c,C. Martial artist,539,400-799,9164,https://atcoder.jp/contests/abc226/tasks/abc226_c
Searching,深さ優先探索,abc277_c,C. Ladder Takahashi,540,400-799,9701,https://atcoder.jp/contests/abc277/tasks/abc277_c
Searching,深さ優先探索,abc029_c,C. Brute-force Attack,584,400-799,6833,https://atcoder.jp/contests/abc029/tasks/abc029_c
Searching,深さ優先探索,abc233_c,C. Product,604,400-799,9929,https://atcoder.jp/contests/abc233/tasks/abc233_c
Searching,深さ優先探索,abc317_c,C. Remembering the Days,604,400-799,9473,https://atcoder.jp/contests/abc317/tasks/abc317_c
Searching,深さ優先探索,abc270_c,C. Simple path,625,400-799,8900,https://atcoder.jp/contests/abc270/tasks/abc270_c
Searching,深さ優先探索,abc285_d,D. Change Usernames,663,400-799,7222,https://atcoder.jp/contests/abc285/tasks/abc285_d
Searching,深さ優先探索,abc327_d,D. Good Tuple Problem,709,400-799,8188,https://atcoder.jp/contests/abc327/tasks/abc327_d
Searching,深さ優先探索,abc213_d,D. Takahashi Tour,710,400-799,10494,https://atcoder.jp/contests/abc213/tasks/abc213_d
Searching,深さ優先探索,abc177_d,D. Friends,732,400-799,12236,https://atcoder.jp/contests/abc177/tasks/abc177_d
Searching,深さ優先探索,abc026_c,C. 高橋君の給料,820,800-1199,5174,https://atcoder.jp/contests/abc026/tasks/abc026_c
Searching,深さ優先探索,abc206_d,D. KAIBUNsyo,879,800-1199,8434,https://atcoder.jp/contests/abc206/tasks/abc206_d
Searching,深さ優先探索,abc015_3,C. 高橋くんのバグ探し,912,800-1199,4813,https://atcoder.jp/contests/abc015/tasks/abc015_3
Searching,深さ優先探索,abc138_d,D. Ki,920,800-1199,12076,https://atcoder.jp/contests/abc138/tasks/abc138_d
Searching,深さ優先探索,abc351_d,D. Grid and Magnet,974,800-1199,6902,https://atcoder.jp/contests/abc351/tasks/abc351_d
Searching,深さ優先探索,abc147_c,C. HonestOrUnkind2,977,800-1199,11043,https://atcoder.jp/contests/abc147/tasks/abc147_c
Searching,深さ優先探索,abc161_d,D. Lunlun Number,991,800-1199,11328,https://atcoder.jp/contests/abc161/tasks/abc161_d
Searching,深さ優先探索,abc284_e,E. Count Simple Paths,1043,800-1199,6862,https://atcoder.jp/contests/abc284/tasks/abc284_e
Searching,深さ優先探索,abc114_c,C. 755,1045,800-1199,10660,https://atcoder.jp/contests/abc114/tasks/abc114_c
Searching,深さ優先探索,abc276_e,E. Round Trip,1058,800-1199,5561,https://atcoder.jp/contests/abc276/tasks/abc276_e
Searching,深さ優先探索,abc075_c,C. Bridge,1067,800-1199,9385,https://atcoder.jp/contests/abc075/tasks/abc075_c
Searching,深さ優先探索,abc240_e,E. Ranges on Tree,1068,800-1199,4927,https://atcoder.jp/contests/abc240/tasks/abc240_e
Searching,深さ優先探索,abc239_e,E. Subtree K-th Max,1084,800-1199,5922,https://atcoder.jp/contests/abc239/tasks/abc239_e
Searching,深さ優先探索,abc115_d,D. Christmas,1088,800-1199,6920,https://atcoder.jp/contests/abc115/tasks/abc115_d
Searching,深さ優先探索,abc182_e,E. Akari,1098,800-1199,5892,https://atcoder.jp/contests/abc182/tasks/abc182_e
Searching,深さ優先探索,arc031_2,B. 埋め立て,1106,800-1199,6748,https://atcoder.jp/contests/arc031/tasks/arc031_2
Searching,深さ優先探索,arc037_b,B. バウムテスト,1109,800-1199,4252,https://atcoder.jp/contests/arc037/tasks/arc037_b
Searching,深さ優先探索,abc305_e,E. Art Gallery on Graph,1158,800-1199,5640,https://atcoder.jp/contests/abc305/tasks/abc305_e
Searching,深さ優先探索,abc198_e,E. Unique Color,1161,800-1199,5881,https://atcoder.jp/contests/abc198/tasks/abc198_e
Searching,深さ優先探索,abc236_d,D. Dance,1190,800-1199,6622,https://atcoder.jp/contests/abc236/tasks/abc236_d
Searching,深さ優先探索,abc254_e,E. Small d and k,1202,1200-1599,5724,https://atcoder.jp/contests/abc254/tasks/abc254_e
Searching,深さ優先探索,abc157_d,D. Friend Suggestions,1208,1200-1599,7208,https://atcoder.jp/contests/abc157/tasks/abc157_d
Searching,深さ優先探索,abc054_c,C. One-stroke Path,1244,1200-1599,10558,https://atcoder.jp/contests/abc054/tasks/abc054_c
Searching,深さ優先探索,m_solutions2019_d,D. Maximum Sum of Minimum,1267,1200-1599,3160,https://atcoder.jp/contests/m-solutions2019/tasks/m_solutions2019_d
Searching,深さ優先探索,abc196_d,D. Hanjo,1277,1200-1599,5574,https://atcoder.jp/contests/abc196/tasks/abc196_d
Searching,深さ優先探索,arc030_2,B. ツリーグラフ,1298,1200-1599,1848,https://atcoder.jp/contests/arc030/tasks/arc030_2
Searching,深さ優先探索,abc268_d,D. Unique Username,1309,1200-1599,4595,https://atcoder.jp/contests/abc268/tasks/abc268_d
Searching,深さ優先探索,abc073_d,D. joisino's travel,1345,1200-1599,5306,https://atcoder.jp/contests/abc073/tasks/abc073_d
Searching,深さ優先探索,abc119_c,C. Synthetic Kadomatsu,1346,1200-1599,6945,https://atcoder.jp/contests/abc119/tasks/abc119_c
Searching,深さ優先探索,abc345_d,D. Tiling,1419,1200-1599,4360,https://atcoder.jp/contests/abc345/tasks/abc345_d
Searching,深さ優先探索,abc305_f,F. Dungeon Explore,1420,1200-1599,3418,https://atcoder.jp/contests/abc305/tasks/abc305_f
Searching,深さ優先探索,abc148_f,F. Playing Tag on Tree,1457,1200-1599,4346,https://atcoder.jp/contests/abc148/tasks/abc148_f
Searching,深さ優先探索,arc005_3,C. 器物損壊！高橋君,1503,1200-1599,3744,https://atcoder.jp/contests/arc005/tasks/arc005_3
Searching,深さ優先探索,abc133_e,E. Virus Tree 2,1505,1200-1599,4998,https://atcoder.jp/contests/abc133/tasks/abc133_e
Searching,深さ優先探索,abc386_e,E. Maximize XOR,1518,1200-1599,3691,https://atcoder.jp/contests/abc386/tasks/abc386_e
Searching,深さ優先探索,abc139_e,E. League,1528,1200-1599,4541,https://atcoder.jp/contests/abc139/tasks/abc139_e
Searching,深さ優先探索,abc219_e,E. Moat,1690,1600-1999,2743,https://atcoder.jp/contests/abc219/tasks/abc219_e
Searching,深さ優先探索,abc199_d,D. RGB Coloring 2,1804,1600-1999,3141,https://atcoder.jp/contests/abc199/tasks/abc199_d
Searching,深さ優先探索,abc211_e,E. Red Polyomino,1823,1600-1999,2618,https://atcoder.jp/contests/abc211/tasks/abc211_e
Searching,深さ優先探索,arc123_c,"C. 1, 2, 3 - Decomposition",1827,1600-1999,1876,https://atcoder.jp/contests/arc123/tasks/arc123_c
Searching,深さ優先探索,agc014_c,C. Closed Rooms,1863,1600-1999,2045,https://atcoder.jp/contests/agc014/tasks/agc014_c
Searching,深さ優先探索,abc363_f,F. Palindromic Expression,1913,1600-1999,2177,https://atcoder.jp/contests/abc363/tasks/abc363_f
Searching,深さ優先探索,abc131_f,F. Must Be Rectangular!,1937,1600-1999,2712,https://atcoder.jp/contests/abc131/tasks/abc131_f
Searching,深さ優先探索,arc006_4,D. アルファベット探し,1973,1600-1999,774,https://atcoder.jp/contests/arc006/tasks/arc006_4
Searching,深さ優先探索,code_formula_2014_final_e,E. ab文字列,2092,2000-2399,267,https://atcoder.jp/contests/code-formula-2014-final/tasks/code_formula_2014_final_e
Searching,深さ優先探索,abc345_f,F. Many Lamps,2157,2000-2399,1475,https://atcoder.jp/contests/abc345/tasks/abc345_f
Searching,深さ優先探索,tenka1_2013_qualA_e,E. 天下一ジグソーパズル,2800,2800-3199,33,https://atcoder.jp/contests/tenka1-2013-quala/tasks/tenka1_2013_qualA_e
Searching,深さ優先探索,arc041_d,D. 辺彩色,2958,2800-3199,186,https://atcoder.jp/contests/arc041/tasks/arc041_d
Searching,深さ優先探索,arc092_d,F. Two Faced Edges,3351,3200-3599,1076,https://atcoder.jp/contests/arc092/tasks/arc092_d
Searching,深さ優先探索,dfs_a,A. 深さ優先探索,,unknown,10925,https://atcoder.jp/contests/atc001/tasks/dfs_a
Searching,深さ優先探索,typical90_bt,072. Loop Railway Plan（★4）,,unknown,3465,https://atcoder.jp/contests/typical90/tasks/typical90_bt
Searching,深さ優先探索,joi2009yo_d,D. 薄氷渡り,,unknown,2937,https://atcoder.jp/contests/joi2009yo/tasks/joi2009yo_d
Searching,深さ優先探索,arc001_3,C. パズルのお手伝い,,unknown,1687,https://atcoder.jp/contests/arc001/tasks/arc001_3
Searching,深さ優先探索,typical90_y,025. Digit Product Equation（★7）,,unknown,1556,https://atcoder.jp/contests/typical90/tasks/typical90_y
Searching,深さ優先探索,typical90_cj,088. Similar but Different Ways（★6）,,unknown,1028,https://atcoder.jp/contests/typical90/tasks/typical90_cj
Searching,深さ優先探索,past202010_g,G. 村整備,,unknown,1026,https://atcoder.jp/contests/past202010-open/tasks/past202010_g
Searching,深さ優先探索,cpsco2019_s1_c,C. Coins,,unknown,929,https://atcoder.jp/contests/cpsco2019-s1/tasks/cpsco2019_s1_c
Searching,深さ優先探索,past202012_g,G. Snake,,unknown,733,https://atcoder.jp/contests/past202012-open/tasks/past202012_g
Searching,深さ優先探索,past202012_h,H. Conveyor,,unknown,681,https://atcoder.jp/contests/past202012-open/tasks/past202012_h
Searching,深さ優先探索,typical90_bs,071. Fuzzy Priority（★7）,,unknown,625,https://atcoder.jp/contests/typical90/tasks/typical90_bs
Searching,深さ優先探索,chokudai_S002_k,K. 種類数 β,,unknown,564,https://atcoder.jp/contests/chokudai_S002/tasks/chokudai_S002_k
Searching,深さ優先探索,wupc2012_3,C. 自宅からの脱出,,unknown,403,https://atcoder.jp/contests/wupc2012/tasks/wupc2012_3
Searching,深さ優先探索,code_thanks_festival_14_quala_f,F. 順位表,,unknown,317,https://atcoder.jp/contests/code-thanks-festival-2014-a-open/tasks/code_thanks_festival_14_quala_f
Searching,深さ優先探索,code_thanks_festival_14_qualb_e,E. マスゲーム,,unknown,309,https://atcoder.jp/contests/code-thanks-festival-2014-b-open/tasks/code_thanks_festival_14_qualb_e
Searching,深さ優先探索,tkppc4_2_b,B. Stalker,,unknown,307,https://atcoder.jp/contests/tkppc4-2/tasks/tkppc4_2_b
Searching,深さ優先探索,bcu30_2018_b,B. Spring Water,,unknown,166,https://atcoder.jp/contests/bcu30-2018/tasks/bcu30_2018_b
String,Manacher,wupc2019_e,E. Artist,,unknown,201,https://atcoder.jp/contests/wupc2019/tasks/wupc2019_e
String,Suffix-Array,abc362_g,G. Count Substring Query,1625,1600-1999,2659,https://atcoder.jp/contests/abc362/tasks/abc362_g
String,Suffix-Array,abc213_f,F. Common Prefixes,2215,2000-2399,1311,https://atcoder.jp/contests/abc213/tasks/abc213_f
String,Suffix-Array,abc272_f,F. Two Strings,2238,2000-2399,1116,https://atcoder.jp/contests/abc272/tasks/abc272_f
String,Suffix-Array,arc050_d,D. Suffix Concat,2487,2400-2799,246,https://atcoder.jp/contests/arc050/tasks/arc050_d
String,Suffix-Array,discovery_2016_qual_c,C. アメージングな文字列は、きみが作る！,2527,2400-2799,159,https://atcoder.jp/contests/discovery2016-qual/tasks/discovery_2016_qual_c
String,Suffix-Array,abc268_h,Ex. Taboo,2560,2400-2799,674,https://atcoder.jp/contests/abc268/tasks/abc268_h
String,Suffix-Array,practice2_i,I. Number of Substrings,,unknown,1104,https://atcoder.jp/contests/practice2/tasks/practice2_i
String,Suffix-Array,s8pc_2_e,E. 部分文字列,,unknown,217,https://atcoder.jp/contests/s8pc-2/tasks/s8pc_2_e
String,Suffix-Array,ddcc2020_final_c,C. Smaller-Suffix-Free Sequences,,unknown,138,https://atcoder.jp/contests/ddcc2020-final/tasks/ddcc2020_final_c
String,Suffix-Array,icpc2014summer_day4_f,F. Longest Match,,unknown,68,https://atcoder.jp/contests/jag2014summer-day4/tasks/icpc2014summer_day4_f
String,Trie,abc353_e,E. Yet Another Sigma Problem,1217,1200-1599,5761,https://atcoder.jp/contests/abc353/tasks/abc353_e
String,Trie,abc403_e,E. Forbidden Prefix,1447,1200-1599,3234,https://atcoder.jp/contests/abc403/tasks/abc403_e
String,Trie,abc377_g,G. Edit to Match,1782,1600-1999,1940,https://atcoder.jp/contests/abc377/tasks/abc377_g
String,Trie,agc047_b,B. First Second,1871,1600-1999,1671,https://atcoder.jp/contests/agc047/tasks/agc047_b
String,Trie,abc268_g,G. Random Student ID,2311,2000-2399,985,https://atcoder.jp/contests/abc268/tasks/abc268_g
String,Trie,arc087_c,E. Prefix-free Game,2431,2400-2799,1079,https://atcoder.jp/contests/arc087/tasks/arc087_c
String,Trie,abc254_h,Ex. Multiply or Divide by 2,2499,2400-2799,1042,https://atcoder.jp/contests/abc254/tasks/abc254_h
String,Trie,codefestival_2016_qualB_e,E. Lexicographical disorder,2576,2400-2799,429,https://atcoder.jp/contests/code-festival-2016-qualb/tasks/codefestival_2016_qualB_e
String,Trie,joisc2010_dna,dna. DNAの合成 (DNA Synthesizer),,unknown,343,https://atcoder.jp/contests/joisc2010/tasks/joisc2010_dna
String,Trie,tenka1_2016_final_c,C. たんごたくさん,,unknown,294,https://atcoder.jp/contests/tenka1-2016-final/tasks/tenka1_2016_final_c
String,Trie,utpc2014_e,E. 宝くじ,,unknown,166,https://atcoder.jp/contests/utpc2014/tasks/utpc2014_e
String,Z-Algorithm,abc141_e,E. Who Says a Pun?,1459,1200-1599,5261,https://atcoder.jp/contests/abc141/tasks/abc141_e
String,Z-Algorithm,abc284_f,F. ABCBAC,1575,1200-1599,3871,https://atcoder.jp/contests/abc284/tasks/abc284_f
String,Z-Algorithm,abc343_g,G. Compress Strings,2114,2000-2399,1443,https://atcoder.jp/contests/abc343/tasks/abc343_g
String,Z-Algorithm,abc150_f,F. Xor Shift,2281,2000-2399,1724,https://atcoder.jp/contests/abc150/tasks/abc150_f
String,Z-Algorithm,abc135_f,F. Strings of Eternity,2388,2000-2399,1410,https://atcoder.jp/contests/abc135/tasks/abc135_f
String,Z-Algorithm,arc060_d,F. Best Representation,2804,2800-3199,1032,https://atcoder.jp/contests/arc060/tasks/arc060_d
String,Z-Algorithm,arc077_d,F. SS,3370,3200-3599,473,https://atcoder.jp/contests/arc077/tasks/arc077_d
String,Z-Algorithm,arc058_d,F. Iroha Loves Strings,3678,3600+,492,https://atcoder.jp/contests/arc058/tasks/arc058_d
String,その他,arc141_a,A. Periodic Number,734,400-799,3059,https://atcoder.jp/contests/arc141/tasks/arc141_a
String,その他,tenka1_2015_qualB_d,D. 天下一電卓英作文,2798,2400-2799,56,https://atcoder.jp/contests/tenka1-2015-qualb/tasks/tenka1_2015_qualB_d
String,その他,colopl2018_final_b,B. 異世界数式,,unknown,695,https://atcoder.jp/contests/colopl2018-final/tasks/colopl2018_final_b
String,その他,jag2017autumn_h,H. Separate String,,unknown,153,https://atcoder.jp/contests/jag2017autumn/tasks/jag2017autumn_h
String,その他,bitflyer2018_final_e,E. 数式とクエリ,,unknown,110,https://atcoder.jp/contests/bitflyer2018-final/tasks/bitflyer2018_final_e
String,ローリングハッシュ,abc284_f,F. ABCBAC,1575,1200-1599,3871,https://atcoder.jp/contests/abc284/tasks/abc284_f
String,ローリングハッシュ,abc331_f,F. Palindrome Query,1666,1600-1999,3139,https://atcoder.jp/contests/abc331/tasks/abc331_f
String,ローリングハッシュ,abc377_g,G. Edit to Match,1782,1600-1999,1940,https://atcoder.jp/contests/abc377/tasks/abc377_g
String,ローリングハッシュ,agc047_b,B. First Second,1871,1600-1999,1671,https://atcoder.jp/contests/agc047/tasks/agc047_b
String,ローリングハッシュ,abc150_f,F. Xor Shift,2281,2000-2399,1724,https://atcoder.jp/contests/abc150/tasks/abc150_f
String,ローリングハッシュ,abc135_f,F. Strings of Eternity,2388,2000-2399,1410,https://atcoder.jp/contests/abc135/tasks/abc135_f
String,ローリングハッシュ,arc055_c,C. ABCAC,2392,2000-2399,520,https://atcoder.jp/contests/arc055/tasks/arc055_c
String,ローリングハッシュ,arc099_d,F. Eating Symbols Hard,3039,2800-3199,665,https://atcoder.jp/contests/arc099/tasks/arc099_d
String,ローリングハッシュ,joi2008ho_b,B. 共通部分文字列,,unknown,804,https://atcoder.jp/contests/joi2008ho/tasks/joi2008ho_b
String,ローリングハッシュ,typical90_au,047. Monochromatic Diagonal（★7）,,unknown,786,https://atcoder.jp/contests/typical90/tasks/typical90_au
String,文字列処理,abc230_a,A. AtCoder Quiz 3,-1358,<0,15728,https://atcoder.jp/contests/abc230/tasks/abc230_a
String,文字列処理,abc222_a,A. Four Digits,-1316,<0,17414,https://atcoder.jp/contests/abc222/tasks/abc222_a
String,文字列処理,abc197_a,A. Rotate,-1263,<0,20174,https://atcoder.jp/contests/abc197/tasks/abc197_a
String,文字列処理,abc224_a,A. Tires,-1263,<0,16483,https://atcoder.jp/contests/abc224/tasks/abc224_a
String,文字列処理,abc236_a,A. chukodai,-1207,<0,17130,https://atcoder.jp/contests/abc236/tasks/abc236_a
String,文字列処理,abc388_a,A. ?UPC,-1184,<0,15159,https://atcoder.jp/contests/abc388/tasks/abc388_a
String,文字列処理,abc335_a,A. 202<s>3</s>,-1139,<0,17641,https://atcoder.jp/contests/abc335/tasks/abc335_a
String,文字列処理,abc166_a,A. A?C,-1125,<0,23475,https://atcoder.jp/contests/abc166/tasks/abc166_a
String,文字列処理,abc235_a,A. Rotate,-1104,<0,16288,https://atcoder.jp/contests/abc235/tasks/abc235_a
String,文字列処理,abc280_a,A. Pawn on a Grid,-1011,<0,14216,https://atcoder.jp/contests/abc280/tasks/abc280_a
String,文字列処理,abc315_a,A. tcdr,-997,<0,16044,https://atcoder.jp/contests/abc315/tasks/abc315_a
String,文字列処理,abc160_a,A. Coffee,-986,<0,23249,https://atcoder.jp/contests/abc160/tasks/abc160_a
String,文字列処理,abc151_a,A. Next Alphabet,-966,<0,17828,https://atcoder.jp/contests/abc151/tasks/abc151_a
String,文字列処理,abc226_a,A. Round decimals,-930,<0,15535,https://atcoder.jp/contests/abc226/tasks/abc226_a
String,文字列処理,abc154_b,B. I miss you...,-915,<0,17676,https://atcoder.jp/contests/abc154/tasks/abc154_b
String,文字列処理,abc202_b,B. 180°,-884,<0,16695,https://atcoder.jp/contests/abc202/tasks/abc202_b
String,文字列処理,abc172_b,B. Minor Change,-779,<0,22082,https://atcoder.jp/contests/abc172/tasks/abc172_b
String,文字列処理,abc168_b,B. ... (Triple Dots),-769,<0,21532,https://atcoder.jp/contests/abc168/tasks/abc168_b
String,文字列処理,abc167_a,A. Registration,-765,<0,22610,https://atcoder.jp/contests/abc167/tasks/abc167_a
String,文字列処理,abc257_a,A. A to Z String 2,-754,<0,13242,https://atcoder.jp/contests/abc257/tasks/abc257_a
String,文字列処理,abc192_b,B. uNrEaDaBlE sTrInG,-748,<0,17266,https://atcoder.jp/contests/abc192/tasks/abc192_b
String,文字列処理,abc233_b,B. A Reverse,-748,<0,14234,https://atcoder.jp/contests/abc233/tasks/abc233_b
String,文字列処理,caddi2018b_a,A. 12/22,-712,<0,5336,https://atcoder.jp/contests/caddi2018b/tasks/caddi2018b_a
String,文字列処理,abc152_b,B. Comparing Strings,-705,<0,17653,https://atcoder.jp/contests/abc152/tasks/abc152_b
String,文字列処理,abc268_b,B. Prefix?,-696,<0,12681,https://atcoder.jp/contests/abc268/tasks/abc268_b
String,文字列処理,abc357_b,B. Uppercase and Lowercase,-687,<0,15839,https://atcoder.jp/contests/abc357/tasks/abc357_b
String,文字列処理,abc148_b,B. Strings with the Same Length,-640,<0,16438,https://atcoder.jp/contests/abc148/tasks/abc148_b
String,文字列処理,abc230_b,B. Triple Metre,-550,<0,12468,https://atcoder.jp/contests/abc230/tasks/abc230_b
String,文字列処理,exawizards2019_b,B. Red or Blue,-539,<0,5848,https://atcoder.jp/contests/exawizards2019/tasks/exawizards2019_b
String,文字列処理,tenka1_2017_a,A. Accepted...?,-523,<0,4748,https://atcoder.jp/contests/tenka1-2017-beginner/tasks/tenka1_2017_a
String,文字列処理,tenka1_2019_b,B. *e**** ********e* *e****e* ****e**,-500,<0,6755,https://atcoder.jp/contests/tenka1-2019-beginner/tasks/tenka1_2019_b
String,文字列処理,abc147_b,B. Palindrome-philia,-481,<0,15878,https://atcoder.jp/contests/abc147/tasks/abc147_b
String,文字列処理,m_solutions2019_b,B. Sumo,-456,<0,5715,https://atcoder.jp/contests/m-solutions2019/tasks/m_solutions2019_b
String,文字列処理,abc145_b,B. Echo,-436,<0,15811,https://atcoder.jp/contests/abc145/tasks/abc145_b
String,文字列処理,abc176_b,B. Multiple of 9,-420,<0,18839,https://atcoder.jp/contests/abc176/tasks/abc176_b
String,文字列処理,indeednow_2015_quala_1,A. 掛け算の筆算,-414,<0,2005,https://atcoder.jp/contests/indeednow-quala/tasks/indeednow_2015_quala_1
String,文字列処理,abc322_b,B. Prefix and Suffix,-398,<0,18006,https://atcoder.jp/contests/abc322/tasks/abc322_b
String,文字列処理,abc221_b,B. typo,-371,<0,15137,https://atcoder.jp/contests/abc221/tasks/abc221_b
String,文字列処理,abc198_b,B. Palindrome with leading zeros,-369,<0,17082,https://atcoder.jp/contests/abc198/tasks/abc198_b
String,文字列処理,abc280_c,C. Extra Character,-333,<0,12442,https://atcoder.jp/contests/abc280/tasks/abc280_c
String,文字列処理,abc143_c,C. Slimes,-322,<0,15653,https://atcoder.jp/contests/abc143/tasks/abc143_c
String,文字列処理,abc069_b,B. i18n,-317,<0,14500,https://atcoder.jp/contests/abc069/tasks/abc069_b
String,文字列処理,codefestival_2015_qualA_a,A. CODE FESTIVAL 2015,-306,<0,2767,https://atcoder.jp/contests/code-festival-2015-quala/tasks/codefestival_2015_qualA_a
String,文字列処理,abc072_b,B. OddString,-297,<0,12796,https://atcoder.jp/contests/abc072/tasks/abc072_b
String,文字列処理,arc031_1,A. 名前,-284,<0,3260,https://atcoder.jp/contests/arc031/tasks/arc031_1
String,文字列処理,abc146_b,B. ROT N,-265,<0,15845,https://atcoder.jp/contests/abc146/tasks/abc146_b
String,文字列処理,abc041_a,A. 添字,-238,<0,14213,https://atcoder.jp/contests/abc041/tasks/abc041_a
String,文字列処理,abc232_b,B. Caesar Cipher,-234,<0,10648,https://atcoder.jp/contests/abc232/tasks/abc232_b
String,文字列処理,abc223_b,B. String Shifting,-213,<0,11973,https://atcoder.jp/contests/abc223/tasks/abc223_b
String,文字列処理,abc080_b,B. Harshad Number,-205,<0,16101,https://atcoder.jp/contests/abc080/tasks/abc080_b
String,文字列処理,abc159_b,B. String Palindrome,-190,<0,16765,https://atcoder.jp/contests/abc159/tasks/abc159_b
String,文字列処理,code_festival_2017_quala_a,A. Snuke's favorite YAKINIKU,-158,<0,4637,https://atcoder.jp/contests/code-festival-2017-quala/tasks/code_festival_2017_quala_a
String,文字列処理,nikkei2019_qual_b,B. Touitsu,-125,<0,4796,https://atcoder.jp/contests/nikkei2019-qual/tasks/nikkei2019_qual_b
String,文字列処理,abc122_b,B. ATCoder,-122,<0,21494,https://atcoder.jp/contests/abc122/tasks/abc122_b
String,文字列処理,soundhound2018_summer_qual_b,B. Acrostic,-115,<0,5098,https://atcoder.jp/contests/soundhound2018-summer-qual/tasks/soundhound2018_summer_qual_b
String,文字列処理,codefestival_2016_qualB_a,A. Signboard,-103,<0,4066,https://atcoder.jp/contests/code-festival-2016-qualb/tasks/codefestival_2016_qualB_a
String,文字列処理,abc029_b,B. カキ,-75,<0,6758,https://atcoder.jp/contests/abc029/tasks/abc029_b
String,文字列処理,tenka1_2014_qualB_a,A. HAGIXILE,-3,<0,1697,https://atcoder.jp/contests/tenka1-2014-qualb/tasks/tenka1_2014_qualB_a
String,文字列処理,arc040_a,A. 床塗り,53,0-399,2776,https://atcoder.jp/contests/arc040/tasks/arc040_a
String,文字列処理,arc035_a,A. 高橋くんと回文,101,0-399,2804,https://atcoder.jp/contests/arc035/tasks/arc035_a
String,文字列処理,abc299_c,C. Dango,104,0-399,10170,https://atcoder.jp/contests/abc299/tasks/abc299_c
String,文字列処理,abc103_b,B. String Rotation,110,0-399,13766,https://atcoder.jp/contests/abc103/tasks/abc103_b
String,文字列処理,abc071_b,B. Not Found,115,0-399,14800,https://atcoder.jp/contests/abc071/tasks/abc071_b
String,文字列処理,abc187_c,C. 1-SAT,137,0-399,12939,https://atcoder.jp/contests/abc187/tasks/abc187_c
String,文字列処理,abc058_b,B. ∵∴∵,155,0-399,12461,https://atcoder.jp/contests/abc058/tasks/abc058_b
String,文字列処理,abc059_b,B. Comparison,158,0-399,11482,https://atcoder.jp/contests/abc059/tasks/abc059_b
String,文字列処理,abc020_b,B. 足し算,160,0-399,6548,https://atcoder.jp/contests/abc020/tasks/abc020_b
String,文字列処理,abc011_2,B. 名前の確認,172,0-399,6820,https://atcoder.jp/contests/abc011/tasks/abc011_2
String,文字列処理,discovery_2016_qual_a,A. DISCO presents ディスカバリーチャンネルプログラミングコンテスト 2016,193,0-399,1906,https://atcoder.jp/contests/discovery2016-qual/tasks/discovery_2016_qual_a
String,文字列処理,indeednow_2015_quala_2,B. Indeedなう！,204,0-399,2090,https://atcoder.jp/contests/indeednow-quala/tasks/indeednow_2015_quala_2
String,文字列処理,arc019_1,A. お買い物クライシス,219,0-399,2861,https://atcoder.jp/contests/arc019/tasks/arc019_1
String,文字列処理,arc045_a,A. スペース高橋君,221,0-399,2965,https://atcoder.jp/contests/arc045/tasks/arc045_a
String,文字列処理,abc219_c,C. Neo-lexicographic Ordering,227,0-399,10522,https://atcoder.jp/contests/abc219/tasks/abc219_c
String,文字列処理,abc237_c,C. kasaka,239,0-399,11500,https://atcoder.jp/contests/abc237/tasks/abc237_c
String,文字列処理,abc044_b,B. Beautiful Strings,243,0-399,14719,https://atcoder.jp/contests/abc044/tasks/abc044_b
String,文字列処理,abc002_2,B. 罠,298,0-399,10041,https://atcoder.jp/contests/abc002/tasks/abc002_2
String,文字列処理,code_formula_2014_qualA_b,B. ボウリングゲーム,308,0-399,1873,https://atcoder.jp/contests/code-formula-2014-quala/tasks/code_formula_2014_qualA_b
String,文字列処理,tenka1_2014_qualA_a,A. 天下一序数,344,0-399,2128,https://atcoder.jp/contests/tenka1-2014-quala/tasks/tenka1_2014_qualA_a
String,文字列処理,abc066_b,B. ss,384,0-399,12341,https://atcoder.jp/contests/abc066/tasks/abc066_b
String,文字列処理,tenka1_2012_qualA_2,B. 分類たん,414,400-799,2502,https://atcoder.jp/contests/tenka1-2012-qualA/tasks/tenka1_2012_qualA_2
String,文字列処理,cf_2015_morning_easy_b,B. ヘイホー君と置き換え,429,400-799,1584,https://atcoder.jp/contests/code-festival-2015-morning-easy/tasks/cf_2015_morning_easy_b
String,文字列処理,abc199_c,C. IPFL,436,400-799,11999,https://atcoder.jp/contests/abc199/tasks/abc199_c
String,文字列処理,cf17_final_a,A. AKIBA,439,400-799,3689,https://atcoder.jp/contests/cf17-final/tasks/cf17_final_a
String,文字列処理,keyence2019_b,B. KEYENCE String,446,400-799,6788,https://atcoder.jp/contests/keyence2019/tasks/keyence2019_b
String,文字列処理,abc018_2,B. 文字列の反転,469,400-799,6239,https://atcoder.jp/contests/abc018/tasks/abc018_2
String,文字列処理,abc060_b,B. Choose Integers,503,400-799,13133,https://atcoder.jp/contests/abc060/tasks/abc060_b
String,文字列処理,abc043_b,B. Unhappy Hacking (ABC Edit),512,400-799,15532,https://atcoder.jp/contests/abc043/tasks/abc043_b
String,文字列処理,agc006_a,A. Prefix and Suffix,516,400-799,6808,https://atcoder.jp/contests/agc006/tasks/agc006_a
String,文字列処理,abc019_2,B. 高橋くんと文字列圧縮,534,400-799,7166,https://atcoder.jp/contests/abc019/tasks/abc019_2
String,文字列処理,arc016_2,B. 音楽ゲーム,540,400-799,2958,https://atcoder.jp/contests/arc016/tasks/arc016_2
String,文字列処理,abc017_2,B. choku語,547,400-799,6324,https://atcoder.jp/contests/abc017/tasks/abc017_2
String,文字列処理,abc137_c,C. Green Bin,597,400-799,15096,https://atcoder.jp/contests/abc137/tasks/abc137_c
String,文字列処理,arc014_2,B. あの日したしりとりの結果を僕達はまだ知らない。,606,400-799,3062,https://atcoder.jp/contests/arc014/tasks/arc014_2
String,文字列処理,abc042_b,B. Iroha Loves Strings (ABC Edition),616,400-799,21201,https://atcoder.jp/contests/abc042/tasks/abc042_b
String,文字列処理,abc045_b,B. Card Game for Three (ABC Edit),635,400-799,11648,https://atcoder.jp/contests/abc045/tasks/abc045_b
String,文字列処理,code_formula_2014_final_c,C. 次世代SNS,666,400-799,1628,https://atcoder.jp/contests/code-formula-2014-final/tasks/code_formula_2014_final_c
String,文字列処理,arc071_a,C. Dubious Document,680,400-799,9332,https://atcoder.jp/contests/abc058/tasks/arc071_a
String,文字列処理,abc232_c,C. Graph Isomorphism,685,400-799,7417,https://atcoder.jp/contests/abc232/tasks/abc232_c
String,文字列処理,zone2021_d,D. Message from Aliens,719,400-799,5908,https://atcoder.jp/contests/zone2021/tasks/zone2021_d
String,文字列処理,agc022_a,A. Diverse Word,738,400-799,4686,https://atcoder.jp/contests/agc022/tasks/agc022_a
String,文字列処理,arc003_2,B. さかさま辞書,746,400-799,3735,https://atcoder.jp/contests/arc003/tasks/arc003_2
String,文字列処理,abc033_c,C. 数式の書き換え,755,400-799,5283,https://atcoder.jp/contests/abc033/tasks/abc033_c
String,文字列処理,arc008_2,B. 謎のたこ焼きおじさん,772,400-799,2836,https://atcoder.jp/contests/arc008/tasks/arc008_2
String,文字列処理,digitalarts_1,A. C-Filter,808,800-1199,1887,https://atcoder.jp/contests/digitalarts2012/tasks/digitalarts_1
String,文字列処理,dwango2015_prelims_2,B. ニコニコ文字列,831,800-1199,2167,https://atcoder.jp/contests/dwango2015-prelims/tasks/dwango2015_prelims_2
String,文字列処理,abc076_c,C. Dubious Document 2,846,800-1199,10027,https://atcoder.jp/contests/abc076/tasks/abc076_c
String,文字列処理,arc065_a,C. Daydream,930,800-1199,41999,https://atcoder.jp/contests/abc049/tasks/arc065_a
String,文字列処理,abc110_c,C. String Transformation,949,800-1199,8375,https://atcoder.jp/contests/abc110/tasks/abc110_c
String,文字列処理,arc005_2,B. P-CASカードと高橋君,998,800-1199,2436,https://atcoder.jp/contests/arc005/tasks/arc005_2
String,文字列処理,agc005_a,A. STring,1054,800-1199,6278,https://atcoder.jp/contests/agc005/tasks/agc005_a
String,文字列処理,codefestival_2016_qualA_c,C. Next Letter,1077,800-1199,4372,https://atcoder.jp/contests/code-festival-2016-quala/tasks/codefestival_2016_qualA_c
String,文字列処理,tenka1_2012_10,B. ロイヤルストレートフラッシュ,1080,800-1199,1318,https://atcoder.jp/contests/tenka1-2012-qualC/tasks/tenka1_2012_10
String,文字列処理,arc097_a,C. K-th Substring,1108,800-1199,8182,https://atcoder.jp/contests/abc097/tasks/arc097_a
String,文字列処理,agc048_a,A. atcoder < S,1187,800-1199,2745,https://atcoder.jp/contests/agc048/tasks/agc048_a
String,文字列処理,arc019_2,B. こだわりの名前,1209,1200-1599,2144,https://atcoder.jp/contests/arc019/tasks/arc019_2
String,文字列処理,abc242_e,E. (∀x∀),1365,1200-1599,4514,https://atcoder.jp/contests/abc242/tasks/abc242_e
String,文字列処理,arc059_b,D. Unbalanced,1374,1200-1599,7900,https://atcoder.jp/contests/arc059/tasks/arc059_b
String,文字列処理,arc027_2,B. 大事な数なのでZ回書きまLた。,1432,1200-1599,1553,https://atcoder.jp/contests/arc027/tasks/arc027_2
String,文字列処理,tenka1_2012_6,B. camel_case,1526,1200-1599,688,https://atcoder.jp/contests/tenka1-2012-qualB/tasks/tenka1_2012_6
String,文字列処理,agc048_b,B. Bracket Score,1902,1600-1999,1545,https://atcoder.jp/contests/agc048/tasks/agc048_b
String,文字列処理,abc167_f,F. Bracket Sequencing,1961,1600-1999,2861,https://atcoder.jp/contests/abc167/tasks/abc167_f
String,文字列処理,arc095_c,E. Symmetric Grid,2441,2400-2799,903,https://atcoder.jp/contests/arc095/tasks/arc095_c
String,文字列処理,abc150_b,B. Count ABC,,unknown,18370,https://atcoder.jp/contests/abc150/tasks/abc150_b
String,文字列処理,abc149_a,A. Strings,,unknown,16167,https://atcoder.jp/contests/abc149/tasks/abc149_a
String,文字列処理,abc306_a,A. Echo,,unknown,14343,https://atcoder.jp/contests/abc306/tasks/abc306_a
String,文字列処理,past201912_a,A. Is It a Number?,,unknown,9867,https://atcoder.jp/contests/past201912-open/tasks/past201912_a
String,文字列処理,past201912_f,F. DoubleCamelCase Sort,,unknown,4330,https://atcoder.jp/contests/past201912-open/tasks/past201912_f
String,文字列処理,past202004_b,B. Plurality Voting,,unknown,2955,https://atcoder.jp/contests/past202004-open/tasks/past202004_b
String,文字列処理,past202012_a,A. OX Game,,unknown,2934,https://atcoder.jp/contests/past202012-open/tasks/past202012_a
String,文字列処理,past202004_a,A. Elevator,,unknown,2420,https://atcoder.jp/contests/past202004-open/tasks/past202004_a
String,文字列処理,yahoo_procon2018_qual_a,A. yahoo,,unknown,2210,https://atcoder.jp/contests/yahoo-procon2018-qual/tasks/yahoo_procon2018_qual_a
String,文字列処理,past202012_b,B. Overwrite,,unknown,2188,https://atcoder.jp/contests/past202012-open/tasks/past202012_b
String,文字列処理,joi2021_yo1a_b,B. JOI ソート (JOI Sort),,unknown,2078,https://atcoder.jp/contests/joi2021yo1a/tasks/joi2021_yo1a_b
String,文字列処理,dwacon2018_prelims_a,A. ニコニコ文字列判定,,unknown,2071,https://atcoder.jp/contests/dwacon2018-prelims/tasks/dwacon2018_prelims_a
String,文字列処理,iroha2019_day1_a,A. 一問目,,unknown,1997,https://atcoder.jp/contests/iroha2019-day1/tasks/iroha2019_day1_a
String,文字列処理,past202005_a,A. Case Sensitive,,unknown,1842,https://atcoder.jp/contests/past202005-open/tasks/past202005_a
String,文字列処理,chokudai_S001_c,C. カンマ区切り,,unknown,1790,https://atcoder.jp/contests/chokudai_S001/tasks/chokudai_S001_c
String,文字列処理,colopl2018_qual_a,A. すぬけそだて――登録――,,unknown,1739,https://atcoder.jp/contests/colopl2018-qual/tasks/colopl2018_qual_a
String,文字列処理,joi2007yo_c,C. シーザー暗号,,unknown,1731,https://atcoder.jp/contests/joi2007yo/tasks/joi2007yo_c
String,文字列処理,joi2008yo_b,B. JOIとIOI,,unknown,1722,https://atcoder.jp/contests/joi2008yo/tasks/joi2008yo_b
String,文字列処理,soundhound2018_a,A. SoundHound,,unknown,1684,https://atcoder.jp/contests/soundhound2018/tasks/soundhound2018_a
String,文字列処理,iroha2019_day1_b,B. ローリング・老人と海,,unknown,1581,https://atcoder.jp/contests/iroha2019-day1/tasks/iroha2019_day1_b
String,文字列処理,joi2020_yo1c_b,B. キャピタリゼーション (Capitalization),,unknown,1519,https://atcoder.jp/contests/joi2020yo1c/tasks/joi2020_yo1c_b
String,文字列処理,bitflyer2018_final_a,A. 値札,,unknown,1299,https://atcoder.jp/contests/bitflyer2018-final/tasks/bitflyer2018_final_a
String,文字列処理,joi2011yo_b,B. 指輪 (Ring),,unknown,1202,https://atcoder.jp/contests/joi2011yo/tasks/joi2011yo_b
String,文字列処理,nikkei2019ex_c,C. 11で割った余りの計算方法,,unknown,1190,https://atcoder.jp/contests/nikkei2019-ex/tasks/nikkei2019ex_c
String,文字列処理,past202005_d,D. Digital Display,,unknown,1139,https://atcoder.jp/contests/past202005-open/tasks/past202005_d
String,文字列処理,wupc2019_a,A. WAsedAC,,unknown,1086,https://atcoder.jp/contests/wupc2019/tasks/wupc2019_a
String,文字列処理,ttpc2019_b,B. okyoech,,unknown,1061,https://atcoder.jp/contests/ttpc2019/tasks/ttpc2019_b
String,文字列処理,pakencamp_2019_day3_b,B. 多数決,,unknown,915,https://atcoder.jp/contests/pakencamp-2019-day3/tasks/pakencamp_2019_day3_b
String,文字列処理,cpsco2019_s1_b,B. Beautiful Harmony,,unknown,847,https://atcoder.jp/contests/cpsco2019-s1/tasks/cpsco2019_s1_b
String,文字列処理,njpc2017_a,A. 入力フォーム,,unknown,802,https://atcoder.jp/contests/njpc2017/tasks/njpc2017_a
String,文字列処理,nyc2015_1,A. 2015,,unknown,772,https://atcoder.jp/contests/NYC2015/tasks/nyc2015_1
String,文字列処理,yahoo_procon2017_qual_c,C. 検索,,unknown,757,https://atcoder.jp/contests/yahoo-procon2017-qual/tasks/yahoo_procon2017_qual_c
String,文字列処理,tkppc2016_a,A. 入社（Join the Company）,,unknown,684,https://atcoder.jp/contests/tkppc2/tasks/tkppc2016_a
String,文字列処理,joi2006yo_b,B. JOI 2006 予選 問題2,,unknown,670,https://atcoder.jp/contests/joi2006yo/tasks/joi2006yo_b
String,文字列処理,utpc2012_01,A. 2012年12月02日,,unknown,642,https://atcoder.jp/contests/utpc2012/tasks/utpc2012_01
String,文字列処理,yuha_c88_a,A. エンド・オブ・ビギニング,,unknown,638,https://atcoder.jp/contests/yuha-c88/tasks/yuha_c88_a
String,文字列処理,relay_b,B. Mirror String,,unknown,621,https://atcoder.jp/contests/cf16-relay-open/tasks/relay_b
String,文字列処理,wupc2012_2,B. パスワード,,unknown,528,https://atcoder.jp/contests/wupc2012/tasks/wupc2012_2
String,文字列処理,utpc2014_a,A. 二重否定除去法則,,unknown,504,https://atcoder.jp/contests/utpc2014/tasks/utpc2014_a
String,文字列処理,cpsco2019_s2_c,C. Delicious Burgers,,unknown,479,https://atcoder.jp/contests/cpsco2019-s2/tasks/cpsco2019_s2_c
String,文字列処理,ttpc2015_c,C. おおおかやま,,unknown,298,https://atcoder.jp/contests/ttpc2015/tasks/ttpc2015_c
String,文字列処理,qupc2014_b,B. 元素の系統名,,unknown,296,https://atcoder.jp/contests/qupc2014/tasks/qupc2014_b
String,文字列処理,maximum_2013_e,E. Alicia's Rare card Challenge,,unknown,116,https://atcoder.jp/contests/maximum-cup-2013/tasks/maximum_2013_e
String,文字列処理,yuha_c88_e,E. 必殺！無限覇王斬！,,unknown,110,https://atcoder.jp/contests/yuha-c88/tasks/yuha_c88_e
String,構文解析,abc033_c,C. 数式の書き換え,755,400-799,5283,https://atcoder.jp/contests/abc033/tasks/abc033_c
String,構文解析,tenka1_2015_qualB_b,B. 天下一リテラル,1269,1200-1599,1243,https://atcoder.jp/contests/tenka1-2015-qualb/tasks/tenka1_2015_qualB_b
String,構文解析,tenka1_2013_qualA_d,D. 天下一展開,2507,2400-2799,88,https://atcoder.jp/contests/tenka1-2013-quala/tasks/tenka1_2013_qualA_d
String,構文解析,past202004_j,J. Parse,,unknown,1030,https://atcoder.jp/contests/past202004-open/tasks/past202004_j
String,構文解析,colopl2018_final_b,B. 異世界数式,,unknown,695,https://atcoder.jp/contests/colopl2018-final/tasks/colopl2018_final_b
String,構文解析,past202012_j,J. Long Long String,,unknown,528,https://atcoder.jp/contests/past202012-open/tasks/past202012_j
String,構文解析,joi2020_yo2_e,E. じゃんけん式 (Rock-Scissors-Paper Expression),,unknown,272,https://atcoder.jp/contests/joi2020yo2/tasks/joi2020_yo2_e
String,構文解析,jag2016secretspring_c,C. みさわさんの根付き木,,unknown,258,https://atcoder.jp/contests/jag2016-domestic/tasks/jag2016secretspring_c
String,構文解析,jag2017autumn_b,B. Tournament Chart,,unknown,211,https://atcoder.jp/contests/jag2017autumn/tasks/jag2017autumn_b
String,構文解析,bitflyer2018_final_e,E. 数式とクエリ,,unknown,110,https://atcoder.jp/contests/bitflyer2018-final/tasks/bitflyer2018_final_e
String,構文解析,hbpc_3,C. 1=0.999...,,unknown,106,https://atcoder.jp/contests/hbpc2012/tasks/hbpc_3
String,構文解析,jag2017summer_day1_e,E. ベクトル式,,unknown,97,https://atcoder.jp/contests/jag2017summer-day1/tasks/jag2017summer_day1_e
String,構文解析,kupc2015_f,F. 逆ポーランド記法,,unknown,89,https://atcoder.jp/contests/kupc2015/tasks/kupc2015_f
String,構文解析,icpc2013autumn_f,F. Shipura,,unknown,89,https://atcoder.jp/contests/jag2013autumn/tasks/icpc2013autumn_f
String,構文解析,icpc2015autumn_e,E. Shifting a Matrix,,unknown,80,https://atcoder.jp/contests/jag2015autumn/tasks/icpc2015autumn_e
String,構文解析,icpc2013summer_day3_g,G. Unordered Operators,,unknown,71,https://atcoder.jp/contests/jag2013summer-day3/tasks/icpc2013summer_day3_g
String,構文解析,icpc2014autumn_h,H. Points and Lines,,unknown,59,https://atcoder.jp/contests/jag2014autumn/tasks/icpc2014autumn_h
String,構文解析,kupc2016_f,F. Speed Solving,,unknown,52,https://atcoder.jp/contests/kupc2016/tasks/kupc2016_f
String,構文解析,icpc2014summer_day4_e,E. AI,,unknown,47,https://atcoder.jp/contests/jag2014summer-day4/tasks/icpc2014summer_day4_e
String,構文解析,icpc2015summer_day2_e,E. 坑道数式,,unknown,38,https://atcoder.jp/contests/jag2015summer-day2/tasks/icpc2015summer_day2_e
String,構文解析,autumn_fest_07,G. Bit Map,,unknown,31,https://atcoder.jp/contests/autumn_fest/tasks/autumn_fest_07
String,構文解析,maximum_cup_2018_g,G. Sparrow's trick,,unknown,28,https://atcoder.jp/contests/maximum-cup-2018/tasks/maximum_cup_2018_g
String,構文解析,ttpc2019_l,L. 多項式の零点の個数,,unknown,27,https://atcoder.jp/contests/ttpc2019/tasks/ttpc2019_l
String,構文解析,icpc2016autumn_j,J. Compressed Formula,,unknown,15,https://atcoder.jp/contests/jag2016autumn/tasks/icpc2016autumn_j
String,構文解析,ttpc2015_p,P. Dancing stars on regular expression!,,unknown,4,https://atcoder.jp/contests/ttpc2015/tasks/ttpc2015_p
Technique,imos法,abc141_c,C. Attack Survival,-35,<0,16154,https://atcoder.jp/contests/abc141/tasks/abc141_c
Technique,imos法,arc124_a,A. LR Constraints,149,0-399,3946,https://atcoder.jp/contests/arc124/tasks/arc124_a
Technique,imos法,abc127_c,C. Prison,194,0-399,16716,https://atcoder.jp/contests/abc127/tasks/abc127_c
Technique,imos法,abc024_b,B. 自動ドア,365,0-399,5839,https://atcoder.jp/contests/abc024/tasks/abc024_b
Technique,imos法,abc256_d,D. Union of Interval,546,400-799,8617,https://atcoder.jp/contests/abc256/tasks/abc256_d
Technique,imos法,abc183_d,D. Water Heater,662,400-799,10161,https://atcoder.jp/contests/abc183/tasks/abc183_d
Technique,imos法,abc294_e,E. 2xN Grid,792,400-799,6025,https://atcoder.jp/contests/abc294/tasks/abc294_e
Technique,imos法,abc138_d,D. Ki,920,800-1199,12076,https://atcoder.jp/contests/abc138/tasks/abc138_d
Technique,imos法,abc188_d,D. Snuke Prime,933,800-1199,8689,https://atcoder.jp/contests/abc188/tasks/abc188_d
Technique,imos法,abc278_e,E. Grid Filling,996,800-1199,5253,https://atcoder.jp/contests/abc278/tasks/abc278_e
Technique,imos法,abc035_c,C. オセロ,1096,800-1199,5330,https://atcoder.jp/contests/abc035/tasks/abc035_c
Technique,imos法,abc338_d,D. Island Tour,1234,1200-1599,4904,https://atcoder.jp/contests/abc338/tasks/abc338_d
Technique,imos法,tokiomarine2020_c,C. Lamps,1274,1200-1599,3936,https://atcoder.jp/contests/tokiomarine2020/tasks/tokiomarine2020_c
Technique,imos法,abc014_3,C. AtColor,1276,1200-1599,6158,https://atcoder.jp/contests/abc014/tasks/abc014_3
Technique,imos法,abc187_e,E. Through Path,1358,1200-1599,5275,https://atcoder.jp/contests/abc187/tasks/abc187_e
Technique,imos法,abc080_d,D. Recording,1383,1200-1599,4132,https://atcoder.jp/contests/abc080/tasks/abc080_d
Technique,imos法,arc045_b,B. ドキドキデート大作戦高橋君,1526,1200-1599,1797,https://atcoder.jp/contests/arc045/tasks/arc045_b
Technique,imos法,abc001_4,D. 感雨時刻の整理,1565,1200-1599,3756,https://atcoder.jp/contests/abc001/tasks/abc001_4
Technique,imos法,abc017_3,C. ハイスコア,1607,1600-1999,2982,https://atcoder.jp/contests/abc017/tasks/abc017_3
Technique,imos法,arc136_d,D. Without Carry,1908,1600-1999,1908,https://atcoder.jp/contests/arc136/tasks/arc136_d
Technique,imos法,arc077_c,E. guruguru,2117,2000-2399,1796,https://atcoder.jp/contests/arc077/tasks/arc077_c
Technique,imos法,abc342_f,F. Black Jack,2141,2000-2399,1421,https://atcoder.jp/contests/abc342/tasks/abc342_f
Technique,imos法,arc067_d,F. Yakiniku Restaurants,2729,2400-2799,1466,https://atcoder.jp/contests/arc067/tasks/arc067_d
Technique,imos法,abc155_f,F. Perils in Parallel,2738,2400-2799,1213,https://atcoder.jp/contests/abc155/tasks/abc155_f
Technique,imos法,dp_m,M. Candies,,unknown,17583,https://atcoder.jp/contests/dp/tasks/dp_m
Technique,imos法,math_and_algorithm_al,041. Convenience Store 2,,unknown,5682,https://atcoder.jp/contests/math-and-algorithm/tasks/math_and_algorithm_al
Technique,imos法,typical90_ab,028. Cluttered Paper（★4）,,unknown,5567,https://atcoder.jp/contests/typical90/tasks/typical90_ab
Technique,imos法,joi2015ho_a,A. 鉄道旅行 (Railroad Trip),,unknown,1842,https://atcoder.jp/contests/joi2015ho/tasks/joi2015ho_a
Technique,imos法,math_and_algorithm_aj,039. Snowy Days,,unknown,1603,https://atcoder.jp/contests/math-and-algorithm/tasks/math_and_algorithm_aj
Technique,imos法,joi2012ho4,D. 釘 (Nails),,unknown,1063,https://atcoder.jp/contests/joi2012ho/tasks/joi2012ho4
Technique,imos法,joi2016ho_b,B. スタンプラリー 2 (Collecting Stamps 2),,unknown,905,https://atcoder.jp/contests/joi2016ho/tasks/joi2016ho_b
Technique,imos法,past201912_n,N. Land Clearing,,unknown,718,https://atcoder.jp/contests/past201912-open/tasks/past201912_n
Technique,imos法,joisc2010_stairs,stairs. 階段 (Stairs),,unknown,680,https://atcoder.jp/contests/joisc2010/tasks/joisc2010_stairs
Technique,imos法,jag2016secretspring_b,B. 豪邸と宅配便,,unknown,423,https://atcoder.jp/contests/jag2016-domestic/tasks/jag2016secretspring_b
Technique,imos法,bitflyer2018_qual_d,D. ハンコ,,unknown,411,https://atcoder.jp/contests/bitflyer2018-qual/tasks/bitflyer2018_qual_d
Technique,imos法,jag2017summer_day3_a,A. Star in Parentheses,,unknown,320,https://atcoder.jp/contests/jag2017summer-day3/tasks/jag2017summer_day3_a
Technique,imos法,qupc2018_e,E. Treeone,,unknown,237,https://atcoder.jp/contests/qupc2018/tasks/qupc2018_e
Technique,imos法,tkppc4_2_f,F. Segtree☆Magica,,unknown,93,https://atcoder.jp/contests/tkppc4-2/tasks/tkppc4_2_f
Technique,imos法,kupc2012_6,F. Acceleration of Network,,unknown,86,https://atcoder.jp/contests/kupc2012/tasks/kupc2012_6
Technique,その他,abc202_c,C. Made Up,130,0-399,14346,https://atcoder.jp/contests/abc202/tasks/abc202_c
Technique,その他,arc130_b,B. Colorful Lines,576,400-799,3292,https://atcoder.jp/contests/arc130/tasks/arc130_b
Technique,その他,arc026_2,B. 完全数,1199,800-1199,3316,https://atcoder.jp/contests/arc026/tasks/arc026_2
Technique,その他,arc126_b,B. Cross-free Matching,1370,1200-1599,2601,https://atcoder.jp/contests/arc126/tasks/arc126_b
Technique,その他,abc272_e,E. Add and Mex,1434,1200-1599,4234,https://atcoder.jp/contests/abc272/tasks/abc272_e
Technique,その他,arc120_c,C. Swaps 2,1478,1200-1599,2503,https://atcoder.jp/contests/arc120/tasks/arc120_c
Technique,その他,abc183_f,F. Confluence,1586,1200-1599,4092,https://atcoder.jp/contests/abc183/tasks/abc183_f
Technique,その他,abc351_e,E. Jump Distance Sum,1627,1600-1999,3600,https://atcoder.jp/contests/abc351/tasks/abc351_e
Technique,その他,arc119_e,E. Pancakes,2502,2400-2799,762,https://atcoder.jp/contests/arc119/tasks/arc119_e
Technique,その他,code_formula_2014_final_h,H. 平和協定,2726,2400-2799,98,https://atcoder.jp/contests/code-formula-2014-final/tasks/code_formula_2014_final_h
Technique,その他,typical90_aj,036. Max Manhattan Distance（★5）,,unknown,3630,https://atcoder.jp/contests/typical90/tasks/typical90_aj
Technique,その他,typical90_bj,062. Paint All（★6）,,unknown,1467,https://atcoder.jp/contests/typical90/tasks/typical90_bj
Technique,その他,fft_c,C. 高速フーリエ変換,,unknown,1391,https://atcoder.jp/contests/atc001/tasks/fft_c
Technique,その他,practice2_h,H. Two SAT,,unknown,1107,https://atcoder.jp/contests/practice2/tasks/practice2_h
Technique,その他,typical90_cj,088. Similar but Different Ways（★6）,,unknown,1028,https://atcoder.jp/contests/typical90/tasks/typical90_cj
Technique,その他,typical90_bg,059. Many Graph Queries（★7）,,unknown,823,https://atcoder.jp/contests/typical90/tasks/typical90_bg
Technique,その他,qupc2014_c,C. 案内所,,unknown,326,https://atcoder.jp/contests/qupc2014/tasks/qupc2014_c
Technique,その他,past202104_m,M. Equal Queries,,unknown,257,https://atcoder.jp/contests/past202104-open/tasks/past202104_m
Technique,その他,dwango2017final_b,B. ニワンゴくんの約数,,unknown,108,https://atcoder.jp/contests/dwacon2017-honsen/tasks/dwango2017final_b
Technique,シミュレーション,m_solutions2020_b,B. Magic 2,-315,<0,9437,https://atcoder.jp/contests/m-solutions2020/tasks/m_solutions2020_b
Technique,シミュレーション,abc319_b,B. Measure,-299,<0,16977,https://atcoder.jp/contests/abc319/tasks/abc319_b
Technique,シミュレーション,abc332_b,B. Glass and Mug,-265,<0,13038,https://atcoder.jp/contests/abc332/tasks/abc332_b
Technique,シミュレーション,abc256_b,B. Batters,-227,<0,11445,https://atcoder.jp/contests/abc256/tasks/abc256_b
Technique,シミュレーション,abc328_b,B. 11/11,-213,<0,12899,https://atcoder.jp/contests/abc328/tasks/abc328_b
Technique,シミュレーション,abc165_b,B. 1%,-200,<0,20276,https://atcoder.jp/contests/abc165/tasks/abc165_b
Technique,シミュレーション,abc257_b,B. 1D Pawn,-194,<0,10697,https://atcoder.jp/contests/abc257/tasks/abc257_b
Technique,シミュレーション,abc207_b,B. Hydrate,-161,<0,13379,https://atcoder.jp/contests/abc207/tasks/abc207_b
Technique,シミュレーション,abc318_b,B. Overlapping sheets,-152,<0,15443,https://atcoder.jp/contests/abc318/tasks/abc318_b
Technique,シミュレーション,abc294_c,C. Merge Sequences,-59,<0,11217,https://atcoder.jp/contests/abc294/tasks/abc294_c
Technique,シミュレーション,abc216_c,C. Many Balls,-6,<0,13618,https://atcoder.jp/contests/abc216/tasks/abc216_c
Technique,シミュレーション,tenka1_2012_qualA_1,A. 算盤の書,8,0-399,2095,https://atcoder.jp/contests/tenka1-2012-qualA/tasks/tenka1_2012_qualA_1
Technique,シミュレーション,abc215_c,C. One More aab aba baa,76,0-399,13308,https://atcoder.jp/contests/abc215/tasks/abc215_c
Technique,シミュレーション,abc273_b,B. Broken Rounding,77,0-399,9828,https://atcoder.jp/contests/abc273/tasks/abc273_b
Technique,シミュレーション,code_festival_qualB_b,B. 歩く人,144,0-399,2200,https://atcoder.jp/contests/code-festival-2014-qualb/tasks/code_festival_qualB_b
Technique,シミュレーション,abc166_c,C. Peaks,233,0-399,17226,https://atcoder.jp/contests/abc166/tasks/abc166_c
Technique,シミュレーション,agc041_a,A. Table Tennis Training,245,0-399,7550,https://atcoder.jp/contests/agc041/tasks/agc041_a
Technique,シミュレーション,agc014_a,A. Cookie Exchanges,279,0-399,9096,https://atcoder.jp/contests/agc014/tasks/agc014_a
Technique,シミュレーション,abc151_c,C. Welcome to AtCoder,327,0-399,14523,https://atcoder.jp/contests/abc151/tasks/abc151_c
Technique,シミュレーション,abc210_c,C. Colorful Candies,357,0-399,11554,https://atcoder.jp/contests/abc210/tasks/abc210_c
Technique,シミュレーション,abc171_d,D. Replacing,498,400-799,14178,https://atcoder.jp/contests/abc171/tasks/abc171_d
Technique,シミュレーション,arc007_2,B. 迷子のCDケース,529,400-799,2767,https://atcoder.jp/contests/arc007/tasks/arc007_2
Technique,シミュレーション,abc019_2,B. 高橋くんと文字列圧縮,534,400-799,7166,https://atcoder.jp/contests/abc019/tasks/abc019_2
Technique,シミュレーション,abc167_d,D. Teleporter,754,400-799,13248,https://atcoder.jp/contests/abc167/tasks/abc167_d
Technique,シミュレーション,abc225_d,D. Play Train,778,400-799,7654,https://atcoder.jp/contests/abc225/tasks/abc225_d
Technique,シミュレーション,abc184_c,C. Super Ryuma,782,400-799,9064,https://atcoder.jp/contests/abc184/tasks/abc184_c
Technique,シミュレーション,agc007_a,A. Shik and Stone,792,400-799,5561,https://atcoder.jp/contests/agc007/tasks/agc007_a
Technique,シミュレーション,abc136_d,D. Gathering Children,794,400-799,10878,https://atcoder.jp/contests/abc136/tasks/abc136_d
Technique,シミュレーション,arc006_2,B. あみだくじ,814,800-1199,2630,https://atcoder.jp/contests/arc006/tasks/arc006_2
Technique,シミュレーション,abc379_c,C. Sowing Stones,951,800-1199,7252,https://atcoder.jp/contests/abc379/tasks/abc379_c
Technique,シミュレーション,agc002_b,B. Box and Ball,981,800-1199,6075,https://atcoder.jp/contests/agc002/tasks/agc002_b
Technique,シミュレーション,abc024_c,C. 民族大移動,1007,800-1199,3947,https://atcoder.jp/contests/abc024/tasks/abc024_c
Technique,シミュレーション,tenka1_2012_10,B. ロイヤルストレートフラッシュ,1080,800-1199,1318,https://atcoder.jp/contests/tenka1-2012-qualC/tasks/tenka1_2012_10
Technique,シミュレーション,arc109_c,C. Large RPS Tournament,1157,800-1199,3504,https://atcoder.jp/contests/arc109/tasks/arc109_c
Technique,シミュレーション,abc179_e,E. Sequence Sum,1175,800-1199,6547,https://atcoder.jp/contests/abc179/tasks/abc179_e
Technique,シミュレーション,abc270_e,E. Apple Baskets on Circle,1211,1200-1599,5301,https://atcoder.jp/contests/abc270/tasks/abc270_e
Technique,シミュレーション,tenka1_2013_qualB_b,B. 天下一後入れ先出しデータ構造,1286,1200-1599,1237,https://atcoder.jp/contests/tenka1-2013-qualb/tasks/tenka1_2013_qualB_b
Technique,シミュレーション,agc041_b,B. Voting Judges,1486,1200-1599,2658,https://atcoder.jp/contests/agc041/tasks/agc041_b
Technique,シミュレーション,abc170_e,E. Smart Infants,1502,1200-1599,5192,https://atcoder.jp/contests/abc170/tasks/abc170_e
Technique,シミュレーション,tenka1_2014_qualA_b,B. かぶりん！,1576,1200-1599,798,https://atcoder.jp/contests/tenka1-2014-quala/tasks/tenka1_2014_qualA_b
Technique,シミュレーション,abc440_e,E. Cookies,1603,1600-1999,2774,https://atcoder.jp/contests/abc440/tasks/abc440_e
Technique,シミュレーション,abc204_e,E. Rush Hour 2,1710,1600-1999,2917,https://atcoder.jp/contests/abc204/tasks/abc204_e
Technique,シミュレーション,abc203_e,E. White Pawn,1750,1600-1999,2632,https://atcoder.jp/contests/abc203/tasks/abc203_e
Technique,シミュレーション,codefestival_2015_qualB_d,"D. Squares, Pieces and Coloring",1965,1600-1999,528,https://atcoder.jp/contests/code-festival-2015-qualb/tasks/codefestival_2015_qualB_d
Technique,シミュレーション,arc039_c,C. 幼稚園児高橋君,2004,2000-2399,674,https://atcoder.jp/contests/arc039/tasks/arc039_c
Technique,シミュレーション,abc212_f,F. Greedy Takahashi,2332,2000-2399,1342,https://atcoder.jp/contests/abc212/tasks/abc212_f
Technique,シミュレーション,donuts_2015_4,D. ドーナツの箱詰め,2383,2000-2399,197,https://atcoder.jp/contests/donuts-2015/tasks/donuts_2015_4
Technique,シミュレーション,agc044_c,C. Strange Dance,2889,2800-3199,864,https://atcoder.jp/contests/agc044/tasks/agc044_c
Technique,シミュレーション,agc011_d,D. Half Reflector,2931,2800-3199,888,https://atcoder.jp/contests/agc011/tasks/agc011_d
Technique,シミュレーション,arc049_d,D. すわっぷしまーす,2988,2800-3199,63,https://atcoder.jp/contests/arc049/tasks/arc049_d
Technique,シミュレーション,past201912_b,B. Up and Down,,unknown,7685,https://atcoder.jp/contests/past201912-open/tasks/past201912_b
Technique,シミュレーション,pakencamp_2019_day3_c,C. カラオケ,,unknown,6877,https://atcoder.jp/contests/pakencamp-2019-day3/tasks/pakencamp_2019_day3_c
Technique,シミュレーション,typical90_bo,067. Base 8 to 9（★2）,,unknown,6710,https://atcoder.jp/contests/typical90/tasks/typical90_bo
Technique,シミュレーション,typical90_ar,044. Shift and Swapping（★3）,,unknown,6429,https://atcoder.jp/contests/typical90/tasks/typical90_ar
Technique,シミュレーション,past201912_d,D. Duplicated?,,unknown,5450,https://atcoder.jp/contests/past201912-open/tasks/past201912_d
Technique,シミュレーション,typical90_bl,064. Uplift（★3）,,unknown,5024,https://atcoder.jp/contests/typical90/tasks/typical90_bl
Technique,シミュレーション,past201912_e,E. Restore,,unknown,4410,https://atcoder.jp/contests/past201912-open/tasks/past201912_e
Technique,シミュレーション,past202004_c,C. Landslide,,unknown,2714,https://atcoder.jp/contests/past202004-open/tasks/past202004_c
Technique,シミュレーション,past202005_e,E. Sprinklers,,unknown,2471,https://atcoder.jp/contests/past202005-open/tasks/past202005_e
Technique,シミュレーション,past201912_h,H. Bulk Selling,,unknown,2341,https://atcoder.jp/contests/past201912-open/tasks/past201912_h
Technique,シミュレーション,typical90_bp,068. Paired Information（★5）,,unknown,2096,https://atcoder.jp/contests/typical90/tasks/typical90_bp
Technique,シミュレーション,bitflyer2018_qual_b,B. 洋菓子店,,unknown,2080,https://atcoder.jp/contests/bitflyer2018-qual/tasks/bitflyer2018_qual_b
Technique,シミュレーション,past202004_e,E. Permutation,,unknown,1669,https://atcoder.jp/contests/past202004-open/tasks/past202004_e
Technique,シミュレーション,joi2020_yo1a_c,C. マージ (Merge),,unknown,1628,https://atcoder.jp/contests/joi2020yo1a/tasks/joi2020_yo1a_c
Technique,シミュレーション,iroha2019_day1_c,C. Halcyon,,unknown,1528,https://atcoder.jp/contests/iroha2019-day1/tasks/iroha2019_day1_c
Technique,シミュレーション,joi2019_yo_b,B. すごろくと駒 (Sugoroku and Pieces),,unknown,1508,https://atcoder.jp/contests/joi2019yo/tasks/joi2019_yo_b
Technique,シミュレーション,past202005_b,B. Dynamic Scoring,,unknown,1490,https://atcoder.jp/contests/past202005-open/tasks/past202005_b
Technique,シミュレーション,past202004_g,G. String Query,,unknown,1467,https://atcoder.jp/contests/past202004-open/tasks/past202004_g
Technique,シミュレーション,kupc2019_a,A. November Festival,,unknown,1306,https://atcoder.jp/contests/kupc2019/tasks/kupc2019_a
Technique,シミュレーション,joi2008yo_c,C. カードゲーム,,unknown,1230,https://atcoder.jp/contests/joi2008yo/tasks/joi2008yo_c
Technique,シミュレーション,joi2007yo_d,D. カードの並び替え,,unknown,1215,https://atcoder.jp/contests/joi2007yo/tasks/joi2007yo_d
Technique,シミュレーション,dwacon2018_prelims_b,B. 2525文字列分解,,unknown,1177,https://atcoder.jp/contests/dwacon2018-prelims/tasks/dwacon2018_prelims_b
Technique,シミュレーション,joi2016yo_b,B. ゼッケンの交換 (Swapping Bibs),,unknown,1167,https://atcoder.jp/contests/joi2016yo/tasks/joi2016yo_b
Technique,シミュレーション,past202004_i,I. Elimination,,unknown,1164,https://atcoder.jp/contests/past202004-open/tasks/past202004_i
Technique,シミュレーション,joi2010yo_b,B. すごろく,,unknown,1153,https://atcoder.jp/contests/joi2010yo/tasks/joi2010yo_b
Technique,シミュレーション,kupc2020_a,A. Classroom Distance,,unknown,1144,https://atcoder.jp/contests/kupc2020/tasks/kupc2020_a
Technique,シミュレーション,s8pc_6_a,"A. E869120, who Leaps through Time",,unknown,1143,https://atcoder.jp/contests/s8pc-6/tasks/s8pc_6_a
Technique,シミュレーション,joi2012yo_b,B. サッカー (Soccer),,unknown,1068,https://atcoder.jp/contests/joi2012yo/tasks/joi2012yo_b
Technique,シミュレーション,joi2015yo_c,C. 気象予報士 (Weather Forecaster),,unknown,1057,https://atcoder.jp/contests/joi2015yo/tasks/joi2015yo_c
Technique,シミュレーション,joi2021_yo2_a,A. 往復すごろく (Round Sugoroku),,unknown,1044,https://atcoder.jp/contests/joi2021yo2/tasks/joi2021_yo2_a
Technique,シミュレーション,joi2014yo_c,C. 超都観光 (Super Metropolis),,unknown,1022,https://atcoder.jp/contests/joi2014yo/tasks/joi2014yo_c
Technique,シミュレーション,iroha2019_day1_e,E. 放課後,,unknown,984,https://atcoder.jp/contests/iroha2019-day1/tasks/iroha2019_day1_e
Technique,シミュレーション,pakencamp_2019_day3_b,B. 多数決,,unknown,915,https://atcoder.jp/contests/pakencamp-2019-day3/tasks/pakencamp_2019_day3_b
Technique,シミュレーション,past202005_i,I. Matrix Operations,,unknown,904,https://atcoder.jp/contests/past202005-open/tasks/past202005_i
Technique,シミュレーション,joi2006yo_a,A. JOI 2006 予選 問題1,,unknown,843,https://atcoder.jp/contests/joi2006yo/tasks/joi2006yo_a
Technique,シミュレーション,past201912_n,N. Land Clearing,,unknown,718,https://atcoder.jp/contests/past201912-open/tasks/past201912_n
Technique,シミュレーション,ddcc_2016_final_a,A. 正方形のチップ,,unknown,707,https://atcoder.jp/contests/ddcc2016-final/tasks/ddcc_2016_final_a
Technique,シミュレーション,s8pc_5_a,A. Sushi 2,,unknown,690,https://atcoder.jp/contests/s8pc-5/tasks/s8pc_5_a
Technique,シミュレーション,pakencamp_2019_day4_b,B. 情報の伝達,,unknown,622,https://atcoder.jp/contests/pakencamp-2019-day4/tasks/pakencamp_2019_day4_b
Technique,シミュレーション,past202104_f,F. Safety System,,unknown,620,https://atcoder.jp/contests/past202104-open/tasks/past202104_f
Technique,シミュレーション,joisc2010_contest,contest. コンテスト (Contest),,unknown,574,https://atcoder.jp/contests/joisc2010/tasks/joisc2010_contest
Technique,シミュレーション,utpc2014_a,A. 二重否定除去法則,,unknown,504,https://atcoder.jp/contests/utpc2014/tasks/utpc2014_a
Technique,シミュレーション,joi2006yo_c,C. JOI 2006 予選 問題3,,unknown,456,https://atcoder.jp/contests/joi2006yo/tasks/joi2006yo_c
Technique,シミュレーション,jag2016secretspring_b,B. 豪邸と宅配便,,unknown,423,https://atcoder.jp/contests/jag2016-domestic/tasks/jag2016secretspring_b
Technique,シミュレーション,tkppc4_1_f,F. 不便な橋,,unknown,418,https://atcoder.jp/contests/tkppc4-1/tasks/tkppc4_1_f
Technique,シミュレーション,relay_c,C. Kode Festival,,unknown,412,https://atcoder.jp/contests/cf16-relay-open/tasks/relay_c
Technique,シミュレーション,tkppc2015_c,C. お姉ちゃんって呼んで (Call me sister),,unknown,402,https://atcoder.jp/contests/tkppc/tasks/tkppc2015_c
Technique,シミュレーション,joi2009yo_e,E. シャッフル,,unknown,399,https://atcoder.jp/contests/joi2009yo/tasks/joi2009yo_e
Technique,シミュレーション,donuts_live2014_1,A. 勤怠管理,,unknown,378,https://atcoder.jp/contests/donuts-live2014/tasks/donuts_live2014_1
Technique,シミュレーション,relay2_b,B. Evergrowing Tree,,unknown,326,https://atcoder.jp/contests/cf17-relay-open/tasks/relay2_b
Technique,シミュレーション,past202005_n,N. Swap and Sort,,unknown,321,https://atcoder.jp/contests/past202005-open/tasks/past202005_n
Technique,シミュレーション,code_thanks_festival_2015_d,D. 暴露,,unknown,302,https://atcoder.jp/contests/code-thanks-festival-2015-open/tasks/code_thanks_festival_2015_d
Technique,シミュレーション,qupc2014_b,B. 元素の系統名,,unknown,296,https://atcoder.jp/contests/qupc2014/tasks/qupc2014_b
Technique,シミュレーション,joisc2010_aplusb,aplusb. 足し算 (a + b problem),,unknown,285,https://atcoder.jp/contests/joisc2010/tasks/joisc2010_aplusb
Technique,シミュレーション,past202104_m,M. Equal Queries,,unknown,257,https://atcoder.jp/contests/past202104-open/tasks/past202104_m
Technique,シミュレーション,k4pc_b,B. コミュニケーション能力(Communication Ability),,unknown,225,https://atcoder.jp/contests/k4pc/tasks/k4pc_b
Technique,シミュレーション,ddcc_2016_final_c,C. 01文字列,,unknown,187,https://atcoder.jp/contests/ddcc2016-final/tasks/ddcc_2016_final_c
Technique,シミュレーション,maximum_2013_e,E. Alicia's Rare card Challenge,,unknown,116,https://atcoder.jp/contests/maximum-cup-2013/tasks/maximum_2013_e
Technique,シミュレーション,maximum_2013_j,J. ALPHAのならび,,unknown,110,https://atcoder.jp/contests/maximum-cup-2013/tasks/maximum_2013_j
Technique,シミュレーション,kupc2012_6,F. Acceleration of Network,,unknown,86,https://atcoder.jp/contests/kupc2012/tasks/kupc2012_6
Technique,ソート,abc377_a,A. Rearranging ABC,-1012,<0,13526,https://atcoder.jp/contests/abc377/tasks/abc377_a
Technique,ソート,abc205_b,B. Permutation Check,-889,<0,18627,https://atcoder.jp/contests/abc205/tasks/abc205_b
Technique,ソート,abc171_b,B. Mix Juice,-765,<0,20633,https://atcoder.jp/contests/abc171/tasks/abc171_b
Technique,ソート,abc317_b,B. MissingNo.,-764,<0,14098,https://atcoder.jp/contests/abc317/tasks/abc317_b
Technique,ソート,abc213_b,B. Booby Prize,-692,<0,16907,https://atcoder.jp/contests/abc213/tasks/abc213_b
Technique,ソート,abc201_b,B. Do you know the second highest mountain?,-614,<0,17762,https://atcoder.jp/contests/abc201/tasks/abc201_b
Technique,ソート,abc242_b,B. Minimize Ordering,-478,<0,15073,https://atcoder.jp/contests/abc242/tasks/abc242_b
Technique,ソート,abc088_b,B. Card Game for Two,-182,<0,65206,https://atcoder.jp/contests/abc088/tasks/abc088_b
Technique,ソート,abc161_b,B. Popular Vote,-148,<0,18405,https://atcoder.jp/contests/abc161/tasks/abc161_b
Technique,ソート,abc132_c,C. Divide the Problems,-99,<0,18457,https://atcoder.jp/contests/abc132/tasks/abc132_c
Technique,ソート,abc134_c,C. Exception Handling,-31,<0,16018,https://atcoder.jp/contests/abc134/tasks/abc134_c
Technique,ソート,abc208_c,C. Fair Candy Distribution,-13,<0,12669,https://atcoder.jp/contests/abc208/tasks/abc208_c
Technique,ソート,abc203_c,C. Friends and Travel costs,54,0-399,12914,https://atcoder.jp/contests/abc203/tasks/abc203_c
Technique,ソート,tenka1_2013_qualB_a,A. 天下一人力比較,147,0-399,1793,https://atcoder.jp/contests/tenka1-2013-qualb/tasks/tenka1_2013_qualB_a
Technique,ソート,abc228_c,C. Final Day,149,0-399,10314,https://atcoder.jp/contests/abc228/tasks/abc228_c
Technique,ソート,abc018_1,A. 豆まき,157,0-399,7667,https://atcoder.jp/contests/abc018/tasks/abc018_1
Technique,ソート,abc219_c,C. Neo-lexicographic Ordering,227,0-399,10522,https://atcoder.jp/contests/abc219/tasks/abc219_c
Technique,ソート,abc279_c,C. RANDOM,246,0-399,9311,https://atcoder.jp/contests/abc279/tasks/abc279_c
Technique,ソート,abc209_c,C. Not Equal,264,0-399,12010,https://atcoder.jp/contests/abc209/tasks/abc209_c
Technique,ソート,abc246_c,C. Coupon,330,0-399,11393,https://atcoder.jp/contests/abc246/tasks/abc246_c
Technique,ソート,abc128_b,B. Guidebook,347,0-399,16827,https://atcoder.jp/contests/abc128/tasks/abc128_b
Technique,ソート,abc121_c,C. Energy Drink Collector,358,0-399,13265,https://atcoder.jp/contests/abc121/tasks/abc121_c
Technique,ソート,abc222_c,C. Swiss-System Tournament,366,0-399,9213,https://atcoder.jp/contests/abc222/tasks/abc222_c
Technique,ソート,agc012_a,A. AtCoder Group Contest,474,400-799,8800,https://atcoder.jp/contests/agc012/tasks/agc012_a
Technique,ソート,abc213_c,C. Reorder Cards,481,400-799,11732,https://atcoder.jp/contests/abc213/tasks/abc213_c
Technique,ソート,arc081_a,C. Make a Rectangle,589,400-799,10310,https://atcoder.jp/contests/abc071/tasks/arc081_a
Technique,ソート,arc013_2,B. 引越しできるかな？,788,400-799,2594,https://atcoder.jp/contests/arc013/tasks/arc013_2
Technique,ソート,abc061_c,C. Big Array,808,800-1199,9814,https://atcoder.jp/contests/abc061/tasks/abc061_c
Technique,ソート,arc103_a,C. /\/\/\/,826,800-1199,10461,https://atcoder.jp/contests/abc111/tasks/arc103_a
Technique,ソート,arc009_2,B. おとぎの国の高橋君,830,800-1199,2623,https://atcoder.jp/contests/arc009/tasks/arc009_2
Technique,ソート,abc221_d,D. Online games,832,800-1199,8317,https://atcoder.jp/contests/abc221/tasks/abc221_d
Technique,ソート,arc042_a,A. 掲示板,861,800-1199,3061,https://atcoder.jp/contests/arc042/tasks/arc042_a
Technique,ソート,arc035_b,B. アットコーダー王国のコンテスト事情,949,800-1199,2443,https://atcoder.jp/contests/arc035/tasks/arc035_b
Technique,ソート,abc386_d,D. Diagonal Separation,996,800-1199,5420,https://atcoder.jp/contests/abc386/tasks/abc386_d
Technique,ソート,nikkei2019_qual_c,C. Different Strokes,1136,800-1199,4558,https://atcoder.jp/contests/nikkei2019-qual/tasks/nikkei2019_qual_c
Technique,ソート,abc181_e,E. Transformable Teacher,1193,800-1199,5259,https://atcoder.jp/contests/abc181/tasks/abc181_e
Technique,ソート,abc080_d,D. Recording,1383,1200-1599,4132,https://atcoder.jp/contests/abc080/tasks/abc080_d
Technique,ソート,abc145_e,E. All-you-can-eat,1528,1200-1599,4476,https://atcoder.jp/contests/abc145/tasks/abc145_e
Technique,ソート,agc003_c,C. BBuBBBlesort!,1541,1200-1599,3861,https://atcoder.jp/contests/agc003/tasks/agc003_c
Technique,ソート,apc001_d,D. Forest,1719,1600-1999,1797,https://atcoder.jp/contests/apc001/tasks/apc001_d
Technique,ソート,arc042_c,C. おやつ,1746,1600-1999,1209,https://atcoder.jp/contests/arc042/tasks/arc042_c
Technique,ソート,abc128_e,E. Roadwork,1840,1600-1999,3556,https://atcoder.jp/contests/abc128/tasks/abc128_e
Technique,ソート,arc053_c,C. 魔法使い高橋君,1901,1600-1999,1186,https://atcoder.jp/contests/arc053/tasks/arc053_c
Technique,ソート,arc018_3,C. 席替え,1979,1600-1999,515,https://atcoder.jp/contests/arc018/tasks/arc018_3
Technique,ソート,typical90_n,014. We Used to Sing a Song Together（★3）,,unknown,9685,https://atcoder.jp/contests/typical90/tasks/typical90_n
Technique,ソート,past201912_c,C. The Third,,unknown,7811,https://atcoder.jp/contests/past201912-open/tasks/past201912_c
Technique,ソート,past201912_d,D. Duplicated?,,unknown,5450,https://atcoder.jp/contests/past201912-open/tasks/past201912_d
Technique,ソート,past201912_f,F. DoubleCamelCase Sort,,unknown,4330,https://atcoder.jp/contests/past201912-open/tasks/past201912_f
Technique,ソート,typical90_k,011. Gravy Jobs（★6）,,unknown,3125,https://atcoder.jp/contests/typical90/tasks/typical90_k
Technique,ソート,judge_update_202004_b,B. Picking Balls,,unknown,2557,https://atcoder.jp/contests/judge-update-202004/tasks/judge_update_202004_b
Technique,ソート,yahoo_procon2017_qual_a,A. Yahoo,,unknown,1938,https://atcoder.jp/contests/yahoo-procon2017-qual/tasks/yahoo_procon2017_qual_a
Technique,ソート,joi2020_yo1a_c,C. マージ (Merge),,unknown,1628,https://atcoder.jp/contests/joi2020yo1a/tasks/joi2020_yo1a_c
Technique,ソート,past202012_d,D. Leading Zeros,,unknown,1142,https://atcoder.jp/contests/past202012-open/tasks/past202012_d
Technique,ソート,code_thanks_festival_2018_c,C. Pair Distance,,unknown,1093,https://atcoder.jp/contests/code-thanks-festival-2018/tasks/code_thanks_festival_2018_c
Technique,ソート,joi2007ho_b,B. 最長の階段,,unknown,1028,https://atcoder.jp/contests/joi2007ho/tasks/joi2007ho_b
Technique,ソート,joi2020ho_a,A. 長いだけのネクタイ (Just Long Neckties),,unknown,887,https://atcoder.jp/contests/joi2020ho/tasks/joi2020ho_a
Technique,ソート,past201912_n,N. Land Clearing,,unknown,718,https://atcoder.jp/contests/past201912-open/tasks/past201912_n
Technique,ソート,bcu30_2019_a,A. Wolf Keyboard,,unknown,455,https://atcoder.jp/contests/bcu30-2019/tasks/bcu30_2019_a
Technique,ダブリング,abc167_d,D. Teleporter,754,400-799,13248,https://atcoder.jp/contests/abc167/tasks/abc167_d
Technique,ダブリング,abc136_d,D. Gathering Children,794,400-799,10878,https://atcoder.jp/contests/abc136/tasks/abc136_d
Technique,ダブリング,abc179_e,E. Sequence Sum,1175,800-1199,6547,https://atcoder.jp/contests/abc179/tasks/abc179_e
Technique,ダブリング,abc241_e,E. Putting Candies,1248,1200-1599,5159,https://atcoder.jp/contests/abc241/tasks/abc241_e
Technique,ダブリング,abc367_e,E. Permute K times,1370,1200-1599,5038,https://atcoder.jp/contests/abc367/tasks/abc367_e
Technique,ダブリング,abc293_e,E. Geometric Progression,1453,1200-1599,4821,https://atcoder.jp/contests/abc293/tasks/abc293_e
Technique,ダブリング,abc175_d,D. Moving Piece,1491,1200-1599,4997,https://atcoder.jp/contests/abc175/tasks/abc175_d
Technique,ダブリング,abc030_d,D. へんてこ辞書,1586,1200-1599,2017,https://atcoder.jp/contests/abc030/tasks/abc030_d
Technique,ダブリング,abc377_e,E. Permute K times 2,1685,1600-1999,2842,https://atcoder.jp/contests/abc377/tasks/abc377_e
Technique,ダブリング,abc013_4,D. 阿弥陀,1730,1600-1999,1901,https://atcoder.jp/contests/abc013/tasks/abc013_4
Technique,ダブリング,agc036_b,B. Do Not Duplicate,1771,1600-1999,1609,https://atcoder.jp/contests/agc036/tasks/agc036_b
Technique,ダブリング,arc020_3,C. A mod B Problem,2141,2000-2399,727,https://atcoder.jp/contests/arc020/tasks/arc020_3
Technique,ダブリング,arc060_c,E. Tak and Hotels,2154,2000-2399,2571,https://atcoder.jp/contests/arc060/tasks/arc060_c
Technique,ダブリング,abc212_f,F. Greedy Takahashi,2332,2000-2399,1342,https://atcoder.jp/contests/abc212/tasks/abc212_f
Technique,ダブリング,abc212_h,H. Nim Counting,2741,2400-2799,871,https://atcoder.jp/contests/abc212/tasks/abc212_h
Technique,ダブリング,acl1_d,D. Keep Distances,2764,2400-2799,374,https://atcoder.jp/contests/acl1/tasks/acl1_d
Technique,ダブリング,agc006_c,C. Rabbit Exercise,2996,2800-3199,1674,https://atcoder.jp/contests/agc006/tasks/agc006_c
Technique,ダブリング,arc048_d,D. たこ焼き屋とQ人の高橋君,3062,2800-3199,150,https://atcoder.jp/contests/arc048/tasks/arc048_d
Technique,ダブリング,typical90_bf,058. Original Calculator（★4）,,unknown,4364,https://atcoder.jp/contests/typical90/tasks/typical90_bf
Technique,ダブリング,typical90_e,005. Restricted Digits（★7）,,unknown,1841,https://atcoder.jp/contests/typical90/tasks/typical90_e
Technique,ダブリング,joi2020ho_b,B. JJOOII 2 (JJOOII 2),,unknown,848,https://atcoder.jp/contests/joi2020ho/tasks/joi2020ho_b
Technique,ダブリング,utpc2012_08,H. 区間スケジューリングクエリ,,unknown,67,https://atcoder.jp/contests/utpc2012/tasks/utpc2012_08
Technique,ダブリング,pakencamp_2019_day4_f,F. イーハチはやる,,unknown,58,https://atcoder.jp/contests/pakencamp-2019-day4/tasks/pakencamp_2019_day4_f
Technique,乱択アルゴリズム,abc339_f,F. Product Equality,1716,1600-1999,3211,https://atcoder.jp/contests/abc339/tasks/abc339_f
Technique,乱択アルゴリズム,arc003_4,D. シャッフル席替え,2194,2000-2399,553,https://atcoder.jp/contests/arc003/tasks/arc003_4
Technique,乱択アルゴリズム,arc021_4,D. だいたい最小全域木,3152,2800-3199,72,https://atcoder.jp/contests/arc021/tasks/arc021_4
Technique,乱択アルゴリズム,kupc2012pr_4,D. A mul B Problem,,unknown,211,https://atcoder.jp/contests/kupc2012pr/tasks/kupc2012pr_4
Technique,再帰関数,abc244_a,A. Last Letter,-1271,<0,15645,https://atcoder.jp/contests/abc244/tasks/abc244_a
Technique,再帰関数,abc247_c,C. 1 2 1 3 1 2 1,5,0-399,14017,https://atcoder.jp/contests/abc247/tasks/abc247_c
Technique,再帰関数,abc357_c,C. Sierpinski carpet,370,0-399,11131,https://atcoder.jp/contests/abc357/tasks/abc357_c
Technique,再帰関数,abc275_d,D. Yet Another Recursive Function,606,400-799,8904,https://atcoder.jp/contests/abc275/tasks/abc275_d
Technique,再帰関数,abc189_d,D. Logical Expression,769,400-799,8599,https://atcoder.jp/contests/abc189/tasks/abc189_d
Technique,再帰関数,abc161_d,D. Lunlun Number,991,800-1199,11328,https://atcoder.jp/contests/abc161/tasks/abc161_d
Technique,再帰関数,abc115_d,D. Christmas,1088,800-1199,6920,https://atcoder.jp/contests/abc115/tasks/abc115_d
Technique,再帰関数,abc242_d,D. ABC Transform,1286,1200-1599,5421,https://atcoder.jp/contests/abc242/tasks/abc242_d
Technique,再帰関数,abc154_e,E. Almost Everywhere Zero,1298,1200-1599,6193,https://atcoder.jp/contests/abc154/tasks/abc154_e
Technique,再帰関数,abc119_c,C. Synthetic Kadomatsu,1346,1200-1599,6945,https://atcoder.jp/contests/abc119/tasks/abc119_c
Technique,再帰関数,abc037_d,D. 経路,1377,1200-1599,2968,https://atcoder.jp/contests/abc037/tasks/abc037_d
Technique,再帰関数,arc038_b,B. マス目と駒,1378,1200-1599,1633,https://atcoder.jp/contests/arc038/tasks/arc038_b
Technique,再帰関数,abc345_d,D. Tiling,1419,1200-1599,4360,https://atcoder.jp/contests/abc345/tasks/abc345_d
Technique,再帰関数,abc188_f,F. +1-1x2,1865,1600-1999,3217,https://atcoder.jp/contests/abc188/tasks/abc188_f
Technique,再帰関数,code_formula_2014_final_e,E. ab文字列,2092,2000-2399,267,https://atcoder.jp/contests/code-formula-2014-final/tasks/code_formula_2014_final_e
Technique,再帰関数,arc037_d,D. Chaotic Polygons,2258,2000-2399,354,https://atcoder.jp/contests/arc037/tasks/arc037_d
Technique,再帰関数,arc005_4,D. 連射王高橋君,2487,2400-2799,169,https://atcoder.jp/contests/arc005/tasks/arc005_4
Technique,再帰関数,arc040_d,D. カクカク塗り,3166,2800-3199,83,https://atcoder.jp/contests/arc040/tasks/arc040_d
Technique,再帰関数,joisc2010_poster,poster. JOIポスター (JOI Poster),,unknown,664,https://atcoder.jp/contests/joisc2010/tasks/joisc2010_poster
Technique,分割統治,arc024_4,D. バス停,2496,2400-2799,195,https://atcoder.jp/contests/arc024/tasks/arc024_4
Technique,分割統治,arc063_d,F. Snuke's Coloring 2,3688,3600+,582,https://atcoder.jp/contests/arc063/tasks/arc063_d
Technique,半分全列挙,arc107_b,B. Quadruple,633,400-799,5493,https://atcoder.jp/contests/arc107/tasks/arc107_b
Technique,半分全列挙,abc246_d,D. 2-variable Function,1148,800-1199,7747,https://atcoder.jp/contests/abc246/tasks/abc246_d
Technique,半分全列挙,abc184_f,F. Programming Contest,1423,1200-1599,5862,https://atcoder.jp/contests/abc184/tasks/abc184_f
Technique,半分全列挙,arc017_3,C. 無駄なものが嫌いな人,1625,1600-1999,2040,https://atcoder.jp/contests/arc017/tasks/arc017_3
Technique,半分全列挙,abc271_f,F. XOR on Grid Path,1669,1600-1999,3424,https://atcoder.jp/contests/abc271/tasks/abc271_f
Technique,半分全列挙,abc018_4,D. バレンタインデー,1711,1600-1999,2086,https://atcoder.jp/contests/abc018/tasks/abc018_4
Technique,半分全列挙,agc026_c,C. String Coloring,1836,1600-1999,2413,https://atcoder.jp/contests/agc026/tasks/agc026_c
Technique,半分全列挙,indeednow_2015_quala_4,D. パズル,1838,1600-1999,522,https://atcoder.jp/contests/indeednow-quala/tasks/indeednow_2015_quala_4
Technique,半分全列挙,abc326_f,F. Robot Rotation,1870,1600-1999,2214,https://atcoder.jp/contests/abc326/tasks/abc326_f
Technique,半分全列挙,abc332_e,E. Lucky bag,1883,1600-1999,2596,https://atcoder.jp/contests/abc332/tasks/abc332_e
Technique,半分全列挙,abc336_f,F. Rotation Puzzle,2018,2000-2399,1450,https://atcoder.jp/contests/abc336/tasks/abc336_f
Technique,半分全列挙,tokiomarine2020_d,D. Knapsack Queries on a tree,2158,2000-2399,1310,https://atcoder.jp/contests/tokiomarine2020/tasks/tokiomarine2020_d
Technique,半分全列挙,joi2008ho_c,C. ダーツ,,unknown,3786,https://atcoder.jp/contests/joi2008ho/tasks/joi2008ho_c
Technique,半分全列挙,typical90_ay,051. Typical Shop（★5）,,unknown,2975,https://atcoder.jp/contests/typical90/tasks/typical90_ay
Technique,尺取り法,abc311_b,B. Vacation Together,-312,<0,14516,https://atcoder.jp/contests/abc311/tasks/abc311_b
Technique,尺取り法,abc294_c,C. Merge Sequences,-59,<0,11217,https://atcoder.jp/contests/abc294/tasks/abc294_c
Technique,尺取り法,abc369_c,C. Count Arithmetic Subarrays,315,0-399,11194,https://atcoder.jp/contests/abc369/tasks/abc369_c
Technique,尺取り法,abc210_c,C. Colorful Candies,357,0-399,11554,https://atcoder.jp/contests/abc210/tasks/abc210_c
Technique,尺取り法,abc154_d,D. Dice in Line,485,400-799,13497,https://atcoder.jp/contests/abc154/tasks/abc154_d
Technique,尺取り法,abc229_d,D. Longest X,745,400-799,8322,https://atcoder.jp/contests/abc229/tasks/abc229_d
Technique,尺取り法,abc130_d,D. Enough Array,865,800-1199,11736,https://atcoder.jp/contests/abc130/tasks/abc130_d
Technique,尺取り法,abc038_c,C. 単調増加,894,800-1199,6385,https://atcoder.jp/contests/abc038/tasks/abc038_c
Technique,尺取り法,abc172_c,C. Tsundoku,930,800-1199,12243,https://atcoder.jp/contests/abc172/tasks/abc172_c
Technique,尺取り法,abc124_d,D. Handstand,1138,800-1199,7022,https://atcoder.jp/contests/abc124/tasks/abc124_d
Technique,尺取り法,abc246_d,D. 2-variable Function,1148,800-1199,7747,https://atcoder.jp/contests/abc246/tasks/abc246_d
Technique,尺取り法,abc032_c,C. 列,1244,1200-1599,5963,https://atcoder.jp/contests/abc032/tasks/abc032_c
Technique,尺取り法,abc247_e,E. Max Min,1256,1200-1599,5418,https://atcoder.jp/contests/abc247/tasks/abc247_e
Technique,尺取り法,abc153_f,F. Silver Fox vs Monster,1393,1200-1599,5222,https://atcoder.jp/contests/abc153/tasks/abc153_f
Technique,尺取り法,arc022_2,B. 細長いお菓子,1395,1200-1599,2976,https://atcoder.jp/contests/arc022/tasks/arc022_2
Technique,尺取り法,arc098_b,D. Xor Sum 2,1404,1200-1599,7095,https://atcoder.jp/contests/abc098/tasks/arc098_b
Technique,尺取り法,arc100_b,D. Equal Cut,1801,1600-1999,4043,https://atcoder.jp/contests/abc102/tasks/arc100_b
Technique,尺取り法,arc024_3,C. だれじゃ,1844,1600-1999,974,https://atcoder.jp/contests/arc024/tasks/arc024_3
Technique,尺取り法,abc017_4,D. サプリメント,1956,1600-1999,1764,https://atcoder.jp/contests/abc017/tasks/abc017_4
Technique,尺取り法,typical90_ah,034. There are few types of elements（★4）,,unknown,5205,https://atcoder.jp/contests/typical90/tasks/typical90_ah
Technique,尺取り法,tessoku_book_cl,B13. Supermarket 2,,unknown,2952,https://atcoder.jp/contests/tessoku-book/tasks/tessoku_book_cl
Technique,尺取り法,joi2013ho1,1. 電飾 (Illumination),,unknown,1800,https://atcoder.jp/contests/joi2013ho/tasks/joi2013ho1
Technique,尺取り法,chokudai_S001_i,I. 和がNの区間,,unknown,1129,https://atcoder.jp/contests/chokudai_S001/tasks/chokudai_S001_i
Technique,尺取り法,joi2007ho_b,B. 最長の階段,,unknown,1028,https://atcoder.jp/contests/joi2007ho/tasks/joi2007ho_b
Technique,尺取り法,bitflyer2018_qual_c,C. 徒歩圏内,,unknown,817,https://atcoder.jp/contests/bitflyer2018-qual/tasks/bitflyer2018_qual_c
Technique,尺取り法,past202010_i,I. ピザ,,unknown,777,https://atcoder.jp/contests/past202010-open/tasks/past202010_i
Technique,尺取り法,joi2014ho3,C. バームクーヘン (Baumkuchen),,unknown,750,https://atcoder.jp/contests/joi2014ho/tasks/joi2014ho3
Technique,尺取り法,typical90_ck,089. Partitions and Inversions（★7）,,unknown,653,https://atcoder.jp/contests/typical90/tasks/typical90_ck
Technique,尺取り法,cpsco2019_s4_c,C. Make a Team,,unknown,573,https://atcoder.jp/contests/cpsco2019-s4/tasks/cpsco2019_s4_c
Technique,尺取り法,tkppc3_c,C. 新入生歓迎数列 - Easy,,unknown,491,https://atcoder.jp/contests/tkppc3/tasks/tkppc3_c
Technique,尺取り法,tkppc2016_c,C. 有給休暇（Paid Vacation）,,unknown,325,https://atcoder.jp/contests/tkppc2/tasks/tkppc2016_c
Technique,尺取り法,pakencamp_2019_day4_d,D. リミックスジュース,,unknown,205,https://atcoder.jp/contests/pakencamp-2019-day4/tasks/pakencamp_2019_day4_d
Technique,尺取り法,code_festival_relay_h,H. アクセス頻度,,unknown,142,https://atcoder.jp/contests/code-festival-2014-relay/tasks/code_festival_relay_h
Technique,尺取り法,code_thanks_festival_2015_h,H. 穴あきケーキ,,unknown,86,https://atcoder.jp/contests/code-thanks-festival-2015-open/tasks/code_thanks_festival_2015_h
Technique,平方分割,abc341_e,E. Alternating String,1223,1200-1599,5128,https://atcoder.jp/contests/abc341/tasks/abc341_e
Technique,平方分割,abc174_f,F. Range Set Query,1495,1200-1599,5265,https://atcoder.jp/contests/abc174/tasks/abc174_f
Technique,平方分割,abc335_f,F. Hop Sugoroku,1690,1600-1999,3108,https://atcoder.jp/contests/abc335/tasks/abc335_f
Technique,平方分割,abc293_g,G. Triple Index,1753,1600-1999,2903,https://atcoder.jp/contests/abc293/tasks/abc293_g
Technique,平方分割,abc242_g,G. Range Pairing Query,1828,1600-1999,2855,https://atcoder.jp/contests/abc242/tasks/abc242_g
Technique,平方分割,abc238_g,G. Cubic?,2254,2000-2399,1678,https://atcoder.jp/contests/abc238/tasks/abc238_g
Technique,平方分割,arc027_4,D. ぴょんぴょんトレーニング,2474,2400-2799,177,https://atcoder.jp/contests/arc027/tasks/arc027_4
Technique,平方分割,typical90_ce,083. Colorful Graph（★6）,,unknown,1097,https://atcoder.jp/contests/typical90/tasks/typical90_ce
Technique,平方分割,past202012_o,O. Notification,,unknown,335,https://atcoder.jp/contests/past202012-open/tasks/past202012_o
Technique,平方分割,past202212_n,N. Sequence and Function,,unknown,171,https://atcoder.jp/contests/past202212-open/tasks/past202212_n
Technique,平方分割,yahoo_procon2017_final_c,C. 倍数クエリ,,unknown,166,https://atcoder.jp/contests/yahoo-procon2017-final/tasks/yahoo_procon2017_final_c
Technique,平方分割,k2pc001_h5,E. 暗号化(Encipherment),,unknown,45,https://atcoder.jp/contests/k2pc-hard/tasks/k2pc001_h5
Technique,座標圧縮,abc213_c,C. Reorder Cards,481,400-799,11732,https://atcoder.jp/contests/abc213/tasks/abc213_c
Technique,座標圧縮,abc113_c,C. ID,878,800-1199,9969,https://atcoder.jp/contests/abc113/tasks/abc113_c
Technique,座標圧縮,abc188_d,D. Snuke Prime,933,800-1199,8689,https://atcoder.jp/contests/abc188/tasks/abc188_d
Technique,座標圧縮,abc036_c,C. 座圧,956,800-1199,5727,https://atcoder.jp/contests/abc036/tasks/abc036_c
Technique,座標圧縮,jsc2021_f,F. Max Matrix,1954,1600-1999,1154,https://atcoder.jp/contests/jsc2021/tasks/jsc2021_f
Technique,座標圧縮,abc168_f,F. . (Single Dot),2478,2400-2799,903,https://atcoder.jp/contests/abc168/tasks/abc168_f
Technique,座標圧縮,joisc2007_score,score. 得点 (Score),,unknown,963,https://atcoder.jp/contests/joisc2007/tasks/joisc2007_score
Technique,座標圧縮,joi2013yo_e,E. 魚の生息範囲 (Fish),,unknown,821,https://atcoder.jp/contests/joi2013yo/tasks/joi2013yo_e
Technique,座標圧縮,joi2008ho_e,E. ペンキの色,,unknown,663,https://atcoder.jp/contests/joi2008ho/tasks/joi2008ho_e
Technique,座標圧縮,iroha2019_day2_c,C. 陽気な妖姫,,unknown,649,https://atcoder.jp/contests/iroha2019-day2/tasks/iroha2019_day2_c
Technique,座標圧縮,past201912_o,O. Endurance,,unknown,603,https://atcoder.jp/contests/past201912-open/tasks/past201912_o
Technique,座標圧縮,bitflyer2018_qual_d,D. ハンコ,,unknown,411,https://atcoder.jp/contests/bitflyer2018-qual/tasks/bitflyer2018_qual_d
Technique,座標圧縮,tenka1_2016_qualA_d,D. グラフィカルグラフ,,unknown,91,https://atcoder.jp/contests/tenka1-2016-quala/tasks/tenka1_2016_qualA_d
Technique,累積和,abc280_b,B. Inverse Prefix Sum,-769,<0,13422,https://atcoder.jp/contests/abc280/tasks/abc280_b
Technique,累積和,abc130_b,B. Bounding,-300,<0,15917,https://atcoder.jp/contests/abc130/tasks/abc130_b
Technique,累積和,abc256_b,B. Batters,-227,<0,11445,https://atcoder.jp/contests/abc256/tasks/abc256_b
Technique,累積和,abc129_b,B. Balance,-182,<0,14443,https://atcoder.jp/contests/abc129/tasks/abc129_b
Technique,累積和,abc220_c,C. Long Sequence,-86,<0,16196,https://atcoder.jp/contests/abc220/tasks/abc220_c
Technique,累積和,abc141_c,C. Attack Survival,-35,<0,16154,https://atcoder.jp/contests/abc141/tasks/abc141_c
Technique,累積和,abc134_c,C. Exception Handling,-31,<0,16018,https://atcoder.jp/contests/abc134/tasks/abc134_c
Technique,累積和,abc152_c,C. Low Elements,59,0-399,15974,https://atcoder.jp/contests/abc152/tasks/abc152_c
Technique,累積和,arc120_a,A. Max Add,183,0-399,4452,https://atcoder.jp/contests/arc120/tasks/arc120_a
Technique,累積和,ddcc2020_qual_b,B. Iron Bar Cutting,350,0-399,6296,https://atcoder.jp/contests/ddcc2020-qual/tasks/ddcc2020_qual_b
Technique,累積和,abc177_c,C. Sum of product of pairs,386,0-399,16139,https://atcoder.jp/contests/abc177/tasks/abc177_c
Technique,累積和,abc194_c,C. Squared Error,386,0-399,12521,https://atcoder.jp/contests/abc194/tasks/abc194_c
Technique,累積和,abc186_d,D. Sum of difference,436,400-799,12457,https://atcoder.jp/contests/abc186/tasks/abc186_d
Technique,累積和,abc154_d,D. Dice in Line,485,400-799,13497,https://atcoder.jp/contests/abc154/tasks/abc154_d
Technique,累積和,abc174_d,D. Alter Altar,486,400-799,12738,https://atcoder.jp/contests/abc174/tasks/abc174_d
Technique,累積和,arc104_b,B. DNA Sequence,487,400-799,7688,https://atcoder.jp/contests/arc104/tasks/arc104_b
Technique,累積和,abc267_c,C. Index × A(Continuous ver.),524,400-799,9548,https://atcoder.jp/contests/abc267/tasks/abc267_c
Technique,累積和,arc098_a,C. Attention,635,400-799,12340,https://atcoder.jp/contests/abc098/tasks/arc098_a
Technique,累積和,abc305_d,D. Sleep Log,671,400-799,7494,https://atcoder.jp/contests/abc305/tasks/abc305_d
Technique,累積和,abc122_c,C. GeT AC,700,400-799,13242,https://atcoder.jp/contests/abc122/tasks/abc122_c
Technique,累積和,abc182_d,D. Wandering,701,400-799,9426,https://atcoder.jp/contests/abc182/tasks/abc182_d
Technique,累積和,arc078_a,C. Splitting Pile,710,400-799,9704,https://atcoder.jp/contests/abc067/tasks/arc078_a
Technique,累積和,abc233_d,D. Count Interval,726,400-799,8796,https://atcoder.jp/contests/abc233/tasks/abc233_d
Technique,累積和,abc337_d,D. Cheating Gomoku Narabe,760,400-799,7603,https://atcoder.jp/contests/abc337/tasks/abc337_d
Technique,累積和,abc353_c,C. Sigma Problem,795,400-799,10035,https://atcoder.jp/contests/abc353/tasks/abc353_c
Technique,累積和,abc321_d,D. Set Menu,806,800-1199,8737,https://atcoder.jp/contests/abc321/tasks/abc321_d
Technique,累積和,abc353_d,D. Another Sigma Problem,844,800-1199,8345,https://atcoder.jp/contests/abc353/tasks/abc353_d
Technique,累積和,abc222_d,D. Between Two Arrays,865,800-1199,8283,https://atcoder.jp/contests/abc222/tasks/abc222_d
Technique,累積和,abc252_d,D. Distinct Trio,884,800-1199,7936,https://atcoder.jp/contests/abc252/tasks/abc252_d
Technique,累積和,abc037_c,C. 総和,915,800-1199,6529,https://atcoder.jp/contests/abc037/tasks/abc037_c
Technique,累積和,abc172_c,C. Tsundoku,930,800-1199,12243,https://atcoder.jp/contests/abc172/tasks/abc172_c
Technique,累積和,abc295_d,D. Three Days Ago,939,800-1199,8289,https://atcoder.jp/contests/abc295/tasks/abc295_d
Technique,累積和,tenka1_2019_c,C. Stones,944,800-1199,6265,https://atcoder.jp/contests/tenka1-2019/tasks/tenka1_2019_c
Technique,累積和,abc163_d,D. Sum of Large Numbers,960,800-1199,10456,https://atcoder.jp/contests/abc163/tasks/abc163_d
Technique,累積和,abc233_e,E. Σ[k=0..10^100]floor(X／10^k),969,800-1199,6127,https://atcoder.jp/contests/abc233/tasks/abc233_e
Technique,累積和,abc084_d,D. 2017-like Number,980,800-1199,9800,https://atcoder.jp/contests/abc084/tasks/abc084_d
Technique,累積和,abc278_e,E. Grid Filling,996,800-1199,5253,https://atcoder.jp/contests/abc278/tasks/abc278_e
Technique,累積和,agc011_b,B. Colorful Creatures,998,800-1199,4946,https://atcoder.jp/contests/agc011/tasks/agc011_b
Technique,累積和,abc263_d,D. Left Right Operation,1016,800-1199,6531,https://atcoder.jp/contests/abc263/tasks/abc263_d
Technique,累積和,abc334_c,C. Socks 2,1030,800-1199,6508,https://atcoder.jp/contests/abc334/tasks/abc334_c
Technique,累積和,abc367_d,D. Pedometer,1037,800-1199,6966,https://atcoder.jp/contests/abc367/tasks/abc367_d
Technique,累積和,agc023_a,A. Zero-Sum Ranges,1038,800-1199,6878,https://atcoder.jp/contests/agc023/tasks/agc023_a
Technique,累積和,abc129_d,D. Lamp,1103,800-1199,8243,https://atcoder.jp/contests/abc129/tasks/abc129_d
Technique,累積和,arc036_b,B. 山のデータ,1112,800-1199,2124,https://atcoder.jp/contests/arc036/tasks/arc036_b
Technique,累積和,abc181_e,E. Transformable Teacher,1193,800-1199,5259,https://atcoder.jp/contests/abc181/tasks/abc181_e
Technique,累積和,abc125_c,C. GCD on Blackboard,1197,800-1199,15385,https://atcoder.jp/contests/abc125/tasks/abc125_c
Technique,累積和,indeednow_2015_quala_3,C. 説明会,1200,1200-1599,1796,https://atcoder.jp/contests/indeednow-quala/tasks/indeednow_2015_quala_3
Technique,累積和,abc089_d,D. Practical Skill Test,1220,1200-1599,5123,https://atcoder.jp/contests/abc089/tasks/abc089_d
Technique,累積和,abc164_d,D. Multiple of 2019,1232,1200-1599,10879,https://atcoder.jp/contests/abc164/tasks/abc164_d
Technique,累積和,abc179_d,D. Leaping Tak,1251,1200-1599,7413,https://atcoder.jp/contests/abc179/tasks/abc179_d
Technique,累積和,abc351_f,F. Double Sum,1253,1200-1599,4790,https://atcoder.jp/contests/abc351/tasks/abc351_f
Technique,累積和,abc014_3,C. AtColor,1276,1200-1599,6158,https://atcoder.jp/contests/abc014/tasks/abc014_3
Technique,累積和,abc183_e,E. Queen on Grid,1288,1200-1599,5442,https://atcoder.jp/contests/abc183/tasks/abc183_e
Technique,累積和,arc048_b,B. AtCoderでじゃんけんを,1290,1200-1599,1857,https://atcoder.jp/contests/arc048/tasks/arc048_b
Technique,累積和,abc106_d,D. AtCoder Express 2,1319,1200-1599,6145,https://atcoder.jp/contests/abc106/tasks/abc106_d
Technique,累積和,arc119_c,C. ARC Wrecker 2,1354,1200-1599,2822,https://atcoder.jp/contests/arc119/tasks/arc119_c
Technique,累積和,arc025_2,B. チョコレート,1369,1200-1599,1744,https://atcoder.jp/contests/arc025/tasks/arc025_2
Technique,累積和,abc153_f,F. Silver Fox vs Monster,1393,1200-1599,5222,https://atcoder.jp/contests/abc153/tasks/abc153_f
Technique,累積和,arc072_a,C. Sequence,1409,1200-1599,6915,https://atcoder.jp/contests/abc059/tasks/arc072_a
Technique,累積和,abc005_4,D. おいしいたこ焼きの焼き方,1447,1200-1599,3359,https://atcoder.jp/contests/abc005/tasks/abc005_4
Technique,累積和,abc105_d,D. Candy Distribution,1458,1200-1599,5291,https://atcoder.jp/contests/abc105/tasks/abc105_d
Technique,累積和,abc075_d,D. Axis-Parallel Rectangle,1470,1200-1599,4400,https://atcoder.jp/contests/abc075/tasks/abc075_d
Technique,累積和,abc210_d,D. National Railway,1507,1200-1599,4691,https://atcoder.jp/contests/abc210/tasks/abc210_d
Technique,累積和,arc096_b,D. Static Sushi,1526,1200-1599,3996,https://atcoder.jp/contests/abc095/tasks/arc096_b
Technique,累積和,arc045_b,B. ドキドキデート大作戦高橋君,1526,1200-1599,1797,https://atcoder.jp/contests/arc045/tasks/arc045_b
Technique,累積和,abc018_3,C. 菱型カウント,1553,1200-1599,2388,https://atcoder.jp/contests/abc018/tasks/abc018_3
Technique,累積和,cf_2015_morning_hard_a,C. 一次元オセロ,1587,1200-1599,905,https://atcoder.jp/contests/code-festival-2015-morning-middle/tasks/cf_2015_morning_hard_a
Technique,累積和,arc043_b,B. 難易度,1606,1600-1999,1501,https://atcoder.jp/contests/arc043/tasks/arc043_b
Technique,累積和,abc203_d,D. Pond,1622,1600-1999,5148,https://atcoder.jp/contests/abc203/tasks/abc203_d
Technique,累積和,arc071_b,D. ###,1641,1600-1999,4276,https://atcoder.jp/contests/abc058/tasks/arc071_b
Technique,累積和,arc088_b,D. Wide Flip,1646,1600-1999,4093,https://atcoder.jp/contests/abc083/tasks/arc088_b
Technique,累積和,abc136_e,E. Max GCD,1670,1600-1999,3949,https://atcoder.jp/contests/abc136/tasks/abc136_e
Technique,累積和,abc130_e,E. Common Subsequence,1676,1600-1999,4239,https://atcoder.jp/contests/abc130/tasks/abc130_e
Technique,累積和,arc138_c,C. Rotate and Play Game,1728,1600-1999,1816,https://atcoder.jp/contests/arc138/tasks/arc138_c
Technique,累積和,arc071_c,E. TrBBnsformBBtion,1739,1600-1999,2319,https://atcoder.jp/contests/arc071/tasks/arc071_c
Technique,累積和,abc161_e,E. Yutori,1760,1600-1999,4253,https://atcoder.jp/contests/abc161/tasks/abc161_e
Technique,累積和,abc249_f,F. Ignore Operations,1786,1600-1999,2521,https://atcoder.jp/contests/abc249/tasks/abc249_f
Technique,累積和,arc089_b,D. Checker,1797,1600-1999,2861,https://atcoder.jp/contests/abc086/tasks/arc089_b
Technique,累積和,agc008_b,B. Contiguous Repainting,1822,1600-1999,2882,https://atcoder.jp/contests/agc008/tasks/agc008_b
Technique,累積和,arc024_3,C. だれじゃ,1844,1600-1999,974,https://atcoder.jp/contests/arc024/tasks/arc024_3
Technique,累積和,abc004_4,D. マーブル,1861,1600-1999,1735,https://atcoder.jp/contests/abc004/tasks/abc004_4
Technique,累積和,agc004_b,B. Colorful Slimes,1871,1600-1999,3271,https://atcoder.jp/contests/agc004/tasks/agc004_b
Technique,累積和,arc014_4,D. grepマスター,1904,1600-1999,685,https://atcoder.jp/contests/arc014/tasks/arc014_4
Technique,累積和,abc127_e,E. Cell Distance,1938,1600-1999,3567,https://atcoder.jp/contests/abc127/tasks/abc127_e
Technique,累積和,abc017_4,D. サプリメント,1956,1600-1999,1764,https://atcoder.jp/contests/abc017/tasks/abc017_4
Technique,累積和,abc342_f,F. Black Jack,2141,2000-2399,1421,https://atcoder.jp/contests/abc342/tasks/abc342_f
Technique,累積和,dwango2016qual_d,D. 庭園,2233,2000-2399,263,https://atcoder.jp/contests/dwango2016-prelims/tasks/dwango2016qual_d
Technique,累積和,agc015_c,C. Nuske vs Phantom Thnook,2241,2000-2399,2383,https://atcoder.jp/contests/agc015/tasks/agc015_c
Technique,累積和,abc143_f,F. Distinct Numbers,2277,2000-2399,1668,https://atcoder.jp/contests/abc143/tasks/abc143_f
Technique,累積和,arc071_d,F. Infinite Sequence,2336,2000-2399,1475,https://atcoder.jp/contests/arc071/tasks/arc071_d
Technique,累積和,code_festival_morning_hard_c,C. 宝探し 2,2521,2400-2799,104,https://atcoder.jp/contests/code-festival-2014-morning-hard/tasks/code_festival_morning_hard_c
Technique,累積和,abc155_f,F. Perils in Parallel,2738,2400-2799,1213,https://atcoder.jp/contests/abc155/tasks/abc155_f
Technique,累積和,arc032_4,D. アットコーダーモンスターズ,2861,2800-3199,128,https://atcoder.jp/contests/arc032/tasks/arc032_4
Technique,累積和,arc100_d,F. Colorful Sequences,3486,3200-3599,613,https://atcoder.jp/contests/arc100/tasks/arc100_d
Technique,累積和,dp_m,M. Candies,,unknown,17583,https://atcoder.jp/contests/dp/tasks/dp_m
Technique,累積和,typical90_d,004. Cross Sum（★2）,,unknown,16539,https://atcoder.jp/contests/typical90/tasks/typical90_d
Technique,累積和,typical90_j,010. Score Sum Queries（★2）,,unknown,12585,https://atcoder.jp/contests/typical90/tasks/typical90_j
Technique,累積和,typical90_bx,076. Cake Cut（★3）,,unknown,5043,https://atcoder.jp/contests/typical90/tasks/typical90_bx
Technique,累積和,typical90_cc,081. Friendly Group（★5）,,unknown,2457,https://atcoder.jp/contests/typical90/tasks/typical90_cc
Technique,累積和,joi2010ho_a,A. 旅人,,unknown,2300,https://atcoder.jp/contests/joi2010ho/tasks/joi2010ho_a
Technique,累積和,joi2007ho_a,A. 最大の和,,unknown,2087,https://atcoder.jp/contests/joi2007ho/tasks/joi2007ho_a
Technique,累積和,joi2011ho1,A. 惑星探査 (Planetary Exploration),,unknown,1718,https://atcoder.jp/contests/joi2011ho/tasks/joi2011ho1
Technique,累積和,gigacode_2019_d,D. 家の建設,,unknown,1679,https://atcoder.jp/contests/gigacode-2019/tasks/gigacode_2019_d
Technique,累積和,s8pc_1_e,E. 散歩 (E869120 and Path Length),,unknown,1477,https://atcoder.jp/contests/s8pc-1/tasks/s8pc_1_e
Technique,累積和,judge_update_202004_d,D. Calculating GCD,,unknown,1204,https://atcoder.jp/contests/judge-update-202004/tasks/judge_update_202004_d
Technique,累積和,joi2017ho_a,A. フェーン現象 (Foehn Phenomena),,unknown,1194,https://atcoder.jp/contests/joi2017ho/tasks/joi2017ho_a
Technique,累積和,past202104_d,D. K Integers Summations,,unknown,1127,https://atcoder.jp/contests/past202104-open/tasks/past202104_d
Technique,累積和,code_thanks_festival_2018_c,C. Pair Distance,,unknown,1093,https://atcoder.jp/contests/code-thanks-festival-2018/tasks/code_thanks_festival_2018_c
Technique,累積和,joi2019ho_a,A. 勇者ビ太郎 (Bitaro the Brave),,unknown,1040,https://atcoder.jp/contests/joi2019ho/tasks/joi2019ho_a
Technique,累積和,mujin_pc_2018_c,C. 右折,,unknown,850,https://atcoder.jp/contests/mujin-pc-2018/tasks/mujin_pc_2018_c
Technique,累積和,joisc2014_h,H. JOIOJI,,unknown,795,https://atcoder.jp/contests/joisc2014/tasks/joisc2014_h
Technique,累積和,joisc2007_mall,mall. ショッピングモール (Mall),,unknown,775,https://atcoder.jp/contests/joisc2007/tasks/joisc2007_mall
Technique,累積和,bitflyer2018_final_b,B. 交通費,,unknown,669,https://atcoder.jp/contests/bitflyer2018-final/tasks/bitflyer2018_final_b
Technique,累積和,joi2018ho_b,B. 美術展 (Art Exhibition),,unknown,638,https://atcoder.jp/contests/joi2018ho/tasks/joi2018ho_b
Technique,累積和,past202104_h,H. Can Can Mart,,unknown,553,https://atcoder.jp/contests/past202104-open/tasks/past202104_h
Technique,累積和,joisc2015_b,B. 愉快なロゴデザイン,,unknown,520,https://atcoder.jp/contests/joisc2015/tasks/joisc2015_b
Technique,累積和,joi2022_yo2_c,C. 国土分割 (Land Division),,unknown,491,https://atcoder.jp/contests/joi2022yo2/tasks/joi2022_yo2_c
Technique,累積和,tkppc4_1_e,E. Osmium_1008と課題,,unknown,489,https://atcoder.jp/contests/tkppc4-1/tasks/tkppc4_1_e
Technique,累積和,cpsco2019_s3_e,E. Enumerate Xor Sum,,unknown,354,https://atcoder.jp/contests/cpsco2019-s3/tasks/cpsco2019_s3_e
Technique,累積和,code_thanks_festival_14_quala_e,E. 儀式,,unknown,308,https://atcoder.jp/contests/code-thanks-festival-2014-a-open/tasks/code_thanks_festival_14_quala_e
Technique,累積和,indeednow_2015_finalb_b,B. How are you?,,unknown,299,https://atcoder.jp/contests/indeednow-finalb-open/tasks/indeednow_2015_finalb_b
Technique,累積和,tkppc4_1_i,I. school competition 1,,unknown,280,https://atcoder.jp/contests/tkppc4-1/tasks/tkppc4_1_i
Technique,累積和,qupc2018_e,E. Treeone,,unknown,237,https://atcoder.jp/contests/qupc2018/tasks/qupc2018_e
Technique,累積和,donuts_live2014_3,C. ソーシャルゲーム,,unknown,212,https://atcoder.jp/contests/donuts-live2014/tasks/donuts_live2014_3
Technique,累積和,wupc2012_6,F. 最後の問題,,unknown,155,https://atcoder.jp/contests/wupc2012/tasks/wupc2012_6
Technique,累積和,tkppc4_1_n,N. multiple,,unknown,123,https://atcoder.jp/contests/tkppc4-1/tasks/tkppc4_1_n
