tag,problem_id,title,difficulty,diff_band,url
ダブリング,abc175_d,D - Moving Piece,1491,1200-1599,https://atcoder.jp/contests/abc175/tasks/abc175_d
基礎DP,abc175_e,E - Picking Goods,1554,1200-1599,https://atcoder.jp/contests/abc175/tasks/abc175_e
幅優先探索,abc176_d,D - Wizard in Maze,1248,1200-1599,https://atcoder.jp/contests/abc176/tasks/abc176_d
連想配列,abc176_e,E - Bomber,1204,1200-1599,https://atcoder.jp/contests/abc176/tasks/abc176_e
座標圧縮,abc176_e,E - Bomber,1204,1200-1599,https://atcoder.jp/contests/abc176/tasks/abc176_e
累積和,abc177_c,C - Sum of product of pairs,386,0-399,https://atcoder.jp/contests/abc177/tasks/abc177_c
Union-Find,abc177_d,D - Friends,732,400-799,https://atcoder.jp/contests/abc177/tasks/abc177_d
gcd,abc177_e,E - Coprime,1057,800-1199,https://atcoder.jp/contests/abc177/tasks/abc177_e
包除原理,abc178_c,C - Ubiquity,653,400-799,https://atcoder.jp/contests/abc178/tasks/abc178_c
基礎DP,abc178_d,D - Redistribution,875,800-1199,https://atcoder.jp/contests/abc178/tasks/abc178_d
二項係数,abc178_d,D - Redistribution,875,800-1199,https://atcoder.jp/contests/abc178/tasks/abc178_d
基礎DP,abc179_d,D - Leaping Tak,1251,1200-1599,https://atcoder.jp/contests/abc179/tasks/abc179_d
累積和,abc179_d,D - Leaping Tak,1251,1200-1599,https://atcoder.jp/contests/abc179/tasks/abc179_d
ダブリング,abc179_e,E - Sequence Sum,1175,800-1199,https://atcoder.jp/contests/abc179/tasks/abc179_e
imos法,abc179_f,F - Simplified Reversi,1713,1600-1999,https://atcoder.jp/contests/abc179/tasks/abc179_f
set,abc180_c,C - Cream puff,142,0-399,https://atcoder.jp/contests/abc180/tasks/abc180_c
bitDP,abc180_e,E - Traveling Salesman among Aerial Cities,1256,1200-1599,https://atcoder.jp/contests/abc180/tasks/abc180_e
imos法,abc181_b,B - Trapezoid Sum,52,0-399,https://atcoder.jp/contests/abc181/tasks/abc181_b
二分探索,abc181_e,E - Transformable Teacher,1193,800-1199,https://atcoder.jp/contests/abc181/tasks/abc181_e
累積和,abc181_e,E - Transformable Teacher,1193,800-1199,https://atcoder.jp/contests/abc181/tasks/abc181_e
bit全探索,abc182_c,C - To 3,292,0-399,https://atcoder.jp/contests/abc182/tasks/abc182_c
累積和,abc182_d,D - Wandering,701,400-799,https://atcoder.jp/contests/abc182/tasks/abc182_d
imos法,abc182_e,E - Akari,1098,800-1199,https://atcoder.jp/contests/abc182/tasks/abc182_e
imos法,abc183_d,D - Water Heater,662,400-799,https://atcoder.jp/contests/abc183/tasks/abc183_d
累積和,abc183_d,D - Water Heater,662,400-799,https://atcoder.jp/contests/abc183/tasks/abc183_d
基礎DP,abc183_e,E - Queen on Grid,1288,1200-1599,https://atcoder.jp/contests/abc183/tasks/abc183_e
累積和,abc183_e,E - Queen on Grid,1288,1200-1599,https://atcoder.jp/contests/abc183/tasks/abc183_e
Union-Find,abc183_f,F - Confluence,1586,1200-1599,https://atcoder.jp/contests/abc183/tasks/abc183_f
連想配列,abc183_f,F - Confluence,1586,1200-1599,https://atcoder.jp/contests/abc183/tasks/abc183_f
期待値DP,abc184_d,D - increment of coins,1276,1200-1599,https://atcoder.jp/contests/abc184/tasks/abc184_d
幅優先探索,abc184_e,E - Third Avenue,1418,1200-1599,https://atcoder.jp/contests/abc184/tasks/abc184_e
半分全列挙,abc184_f,F - Programming Contest,1423,1200-1599,https://atcoder.jp/contests/abc184/tasks/abc184_f
二分探索,abc184_f,F - Programming Contest,1423,1200-1599,https://atcoder.jp/contests/abc184/tasks/abc184_f
尺取り法,abc184_f,F - Programming Contest,1423,1200-1599,https://atcoder.jp/contests/abc184/tasks/abc184_f
シミュレーション,abc185_b,B - Smartphone Addiction,93,0-399,https://atcoder.jp/contests/abc185/tasks/abc185_b
二項係数,abc185_c,C - Duodecim Ferra,374,0-399,https://atcoder.jp/contests/abc185/tasks/abc185_c
基礎DP,abc185_e,E - Sequence Matching,1468,1200-1599,https://atcoder.jp/contests/abc185/tasks/abc185_e
Binary-Indexed-Tree,abc185_f,F - Range Xor Query,1053,800-1199,https://atcoder.jp/contests/abc185/tasks/abc185_f
Segment-Tree,abc185_f,F - Range Xor Query,1053,800-1199,https://atcoder.jp/contests/abc185/tasks/abc185_f
累積和,abc186_d,D - Sum of difference,436,400-799,https://atcoder.jp/contests/abc186/tasks/abc186_d
gcd,abc186_e,E - Throne,1461,1200-1599,https://atcoder.jp/contests/abc186/tasks/abc186_e
逆元,abc186_e,E - Throne,1461,1200-1599,https://atcoder.jp/contests/abc186/tasks/abc186_e
Binary-Indexed-Tree,abc186_f,F - Rook on Grid,1833,1600-1999,https://atcoder.jp/contests/abc186/tasks/abc186_f
Segment-Tree,abc186_f,F - Rook on Grid,1833,1600-1999,https://atcoder.jp/contests/abc186/tasks/abc186_f
累積和,abc186_f,F - Rook on Grid,1833,1600-1999,https://atcoder.jp/contests/abc186/tasks/abc186_f
連想配列,abc187_c,C - 1-SAT,207,0-399,https://atcoder.jp/contests/abc187/tasks/abc187_c
set,abc187_c,C - 1-SAT,207,0-399,https://atcoder.jp/contests/abc187/tasks/abc187_c
imos法,abc187_e,E - Through Path,1358,1200-1599,https://atcoder.jp/contests/abc187/tasks/abc187_e
bitDP,abc187_f,F - Close Group,1895,1600-1999,https://atcoder.jp/contests/abc187/tasks/abc187_f
シミュレーション,abc188_c,C - ABC Tournament,120,0-399,https://atcoder.jp/contests/abc188/tasks/abc188_c
imos法,abc188_d,D - Snuke Prime,933,800-1199,https://atcoder.jp/contests/abc188/tasks/abc188_d
座標圧縮,abc188_d,D - Snuke Prime,933,800-1199,https://atcoder.jp/contests/abc188/tasks/abc188_d
基礎DP,abc188_e,E - Peddler,1170,800-1199,https://atcoder.jp/contests/abc188/tasks/abc188_e
連想配列,abc188_f,F - +1-1x2,1865,1600-1999,https://atcoder.jp/contests/abc188/tasks/abc188_f
深さ優先探索,abc188_f,F - +1-1x2,1865,1600-1999,https://atcoder.jp/contests/abc188/tasks/abc188_f
基礎DP,abc189_d,D - Logical Expression,769,400-799,https://atcoder.jp/contests/abc189/tasks/abc189_d
行列累乗,abc189_e,E - Rotate and Flip,1526,1200-1599,https://atcoder.jp/contests/abc189/tasks/abc189_e
bit全探索,abc190_c,C - Bowls and Dishes,472,400-799,https://atcoder.jp/contests/abc190/tasks/abc190_c
bitDP,abc190_e,E - Magical Ornament,1645,1600-1999,https://atcoder.jp/contests/abc190/tasks/abc190_e
幅優先探索,abc190_e,E - Magical Ornament,1645,1600-1999,https://atcoder.jp/contests/abc190/tasks/abc190_e
Binary-Indexed-Tree,abc190_f,F - Shift and Inversions,1321,1200-1599,https://atcoder.jp/contests/abc190/tasks/abc190_f
二分探索,abc191_d,D - Circle Lattice Points,1953,1600-1999,https://atcoder.jp/contests/abc191/tasks/abc191_d
ダイクストラ法,abc191_e,E - Come Back Quickly,1323,1200-1599,https://atcoder.jp/contests/abc191/tasks/abc191_e
二分探索,abc192_d,D - Base n,1425,1200-1599,https://atcoder.jp/contests/abc192/tasks/abc192_d
ダイクストラ法,abc192_e,E - Train,1135,800-1199,https://atcoder.jp/contests/abc192/tasks/abc192_e
基礎DP,abc192_f,F - Potion,1783,1600-1999,https://atcoder.jp/contests/abc192/tasks/abc192_f
連想配列,abc193_c,C - Unexpressed,379,0-399,https://atcoder.jp/contests/abc193/tasks/abc193_c
set,abc193_c,C - Unexpressed,379,0-399,https://atcoder.jp/contests/abc193/tasks/abc193_c
中国剰余定理,abc193_e,E - Oversleeping,1948,1600-1999,https://atcoder.jp/contests/abc193/tasks/abc193_e
尺取り法,abc194_e,E - Mex Min,1088,800-1199,https://atcoder.jp/contests/abc194/tasks/abc194_e
基礎DP,abc195_e,E - Lucky 7 Battle,1609,1600-1999,https://atcoder.jp/contests/abc195/tasks/abc195_e
深さ優先探索,abc196_d,D - Hanjo,1277,1200-1599,https://atcoder.jp/contests/abc196/tasks/abc196_d
bitDP,abc196_d,D - Hanjo,1277,1200-1599,https://atcoder.jp/contests/abc196/tasks/abc196_d
bit全探索,abc197_c,C - ORXOR,809,800-1199,https://atcoder.jp/contests/abc197/tasks/abc197_c
基礎DP,abc197_e,E - Traveler,1379,1200-1599,https://atcoder.jp/contests/abc197/tasks/abc197_e
幅優先探索,abc197_f,F - Construct a Palindrome,1945,1600-1999,https://atcoder.jp/contests/abc197/tasks/abc197_f
bit全探索,abc198_d,D - Send More Money,1224,1200-1599,https://atcoder.jp/contests/abc198/tasks/abc198_d
深さ優先探索,abc198_e,E - Unique Color,1161,800-1199,https://atcoder.jp/contests/abc198/tasks/abc198_e
bit全探索,abc199_d,D - RGB Coloring 2,1804,1600-1999,https://atcoder.jp/contests/abc199/tasks/abc199_d
深さ優先探索,abc199_d,D - RGB Coloring 2,1804,1600-1999,https://atcoder.jp/contests/abc199/tasks/abc199_d
Union-Find,abc199_d,D - RGB Coloring 2,1804,1600-1999,https://atcoder.jp/contests/abc199/tasks/abc199_d
bitDP,abc199_e,E - Permutation,1814,1600-1999,https://atcoder.jp/contests/abc199/tasks/abc199_e
bit全探索,abc200_d,D - Happy Birthday! 2,1217,1200-1599,https://atcoder.jp/contests/abc200/tasks/abc200_d
基礎DP,abc200_d,D - Happy Birthday! 2,1217,1200-1599,https://atcoder.jp/contests/abc200/tasks/abc200_d
累積和,abc200_e,E - Patisserie ABC 2,1955,1600-1999,https://atcoder.jp/contests/abc200/tasks/abc200_e
基礎DP,abc201_d,D - Game in Momotetsu World,1317,1200-1599,https://atcoder.jp/contests/abc201/tasks/abc201_d
ミニマックス法,abc201_d,D - Game in Momotetsu World,1317,1200-1599,https://atcoder.jp/contests/abc201/tasks/abc201_d
深さ優先探索,abc201_e,E - Xor Distances,1694,1600-1999,https://atcoder.jp/contests/abc201/tasks/abc201_e
基礎DP,abc202_d,D - aab aba baa,966,800-1199,https://atcoder.jp/contests/abc202/tasks/abc202_d
二項係数,abc202_d,D - aab aba baa,966,800-1199,https://atcoder.jp/contests/abc202/tasks/abc202_d
深さ優先探索,abc202_e,E - Count Descendants,1638,1600-1999,https://atcoder.jp/contests/abc202/tasks/abc202_e
二分探索,abc202_e,E - Count Descendants,1638,1600-1999,https://atcoder.jp/contests/abc202/tasks/abc202_e
オイラーツアー,abc202_e,E - Count Descendants,1638,1600-1999,https://atcoder.jp/contests/abc202/tasks/abc202_e
二分探索,abc203_d,D - Pond,1622,1600-1999,https://atcoder.jp/contests/abc203/tasks/abc203_d
累積和,abc203_d,D - Pond,1622,1600-1999,https://atcoder.jp/contests/abc203/tasks/abc203_d
set,abc203_e,E - White Pawn,1750,1600-1999,https://atcoder.jp/contests/abc203/tasks/abc203_e
連想配列,abc203_e,E - White Pawn,1750,1600-1999,https://atcoder.jp/contests/abc203/tasks/abc203_e
幅優先探索,abc204_c,C - Tour,629,400-799,https://atcoder.jp/contests/abc204/tasks/abc204_c
深さ優先探索,abc204_c,C - Tour,629,400-799,https://atcoder.jp/contests/abc204/tasks/abc204_c
基礎DP,abc204_d,D - Cooking,832,800-1199,https://atcoder.jp/contests/abc204/tasks/abc204_d
ダイクストラ法,abc204_e,E - Rush Hour 2,1710,1600-1999,https://atcoder.jp/contests/abc204/tasks/abc204_e
二分探索,abc205_d,D - Kth Excluded,713,400-799,https://atcoder.jp/contests/abc205/tasks/abc205_d
連想配列,abc206_c,C - Swappable,171,0-399,https://atcoder.jp/contests/abc206/tasks/abc206_c
Union-Find,abc206_d,D - KAIBUNsyo,879,800-1199,https://atcoder.jp/contests/abc206/tasks/abc206_d
gcd,abc206_e,E - Divide Both,1745,1600-1999,https://atcoder.jp/contests/abc206/tasks/abc206_e
包除原理,abc206_e,E - Divide Both,1745,1600-1999,https://atcoder.jp/contests/abc206/tasks/abc206_e
基礎DP,abc207_e,E - Mod i,1820,1600-1999,https://atcoder.jp/contests/abc207/tasks/abc207_e
累積和,abc207_e,E - Mod i,1820,1600-1999,https://atcoder.jp/contests/abc207/tasks/abc207_e
座標圧縮,abc208_c,C - Fair Candy Distribution,142,0-399,https://atcoder.jp/contests/abc208/tasks/abc208_c
ワーシャルフロイド法,abc208_d,D - Shortest Path Queries 2,1190,800-1199,https://atcoder.jp/contests/abc208/tasks/abc208_d
最小共通祖先,abc209_d,D - Collision,686,400-799,https://atcoder.jp/contests/abc209/tasks/abc209_d
深さ優先探索,abc209_d,D - Collision,686,400-799,https://atcoder.jp/contests/abc209/tasks/abc209_d
連想配列,abc210_c,C - Colorful Candies,359,0-399,https://atcoder.jp/contests/abc210/tasks/abc210_c
尺取り法,abc210_c,C - Colorful Candies,359,0-399,https://atcoder.jp/contests/abc210/tasks/abc210_c
基礎DP,abc210_d,D - National Railway,1507,1200-1599,https://atcoder.jp/contests/abc210/tasks/abc210_d
gcd,abc210_e,E - Ring MST,1618,1600-1999,https://atcoder.jp/contests/abc210/tasks/abc210_e
最小全域木,abc210_e,E - Ring MST,1618,1600-1999,https://atcoder.jp/contests/abc210/tasks/abc210_e
基礎DP,abc211_c,C - chokudai,559,400-799,https://atcoder.jp/contests/abc211/tasks/abc211_c
幅優先探索,abc211_d,D - Number of Shortest paths,755,400-799,https://atcoder.jp/contests/abc211/tasks/abc211_d
深さ優先探索,abc211_e,E - Red Polyomino,1823,1600-1999,https://atcoder.jp/contests/abc211/tasks/abc211_e
二分探索,abc212_c,C - Min Difference,246,0-399,https://atcoder.jp/contests/abc212/tasks/abc212_c
尺取り法,abc212_c,C - Min Difference,246,0-399,https://atcoder.jp/contests/abc212/tasks/abc212_c
priority_queue,abc212_d,D - Querying Multiset,775,400-799,https://atcoder.jp/contests/abc212/tasks/abc212_d
累積和,abc212_d,D - Querying Multiset,775,400-799,https://atcoder.jp/contests/abc212/tasks/abc212_d
基礎DP,abc212_e,E - Safety Journey,1410,1200-1599,https://atcoder.jp/contests/abc212/tasks/abc212_e
座標圧縮,abc213_c,C - Reorder Cards,481,400-799,https://atcoder.jp/contests/abc213/tasks/abc213_c
深さ優先探索,abc213_d,D - Takahashi Tour,710,400-799,https://atcoder.jp/contests/abc213/tasks/abc213_d
オイラーツアー,abc213_d,D - Takahashi Tour,710,400-799,https://atcoder.jp/contests/abc213/tasks/abc213_d
幅優先探索,abc213_e,E - Stronger Takahashi,1423,1200-1599,https://atcoder.jp/contests/abc213/tasks/abc213_e
ダイクストラ法,abc214_c,C - Distribution,319,0-399,https://atcoder.jp/contests/abc214/tasks/abc214_c
基礎DP,abc214_c,C - Distribution,319,0-399,https://atcoder.jp/contests/abc214/tasks/abc214_c
Union-Find,abc214_d,D - Sum of Maximum Weights,1341,1200-1599,https://atcoder.jp/contests/abc214/tasks/abc214_d
priority_queue,abc214_e,E - Packing Under Range Regulations,1835,1600-1999,https://atcoder.jp/contests/abc214/tasks/abc214_e
sort,abc214_e,E - Packing Under Range Regulations,1835,1600-1999,https://atcoder.jp/contests/abc214/tasks/abc214_e
greedy,abc214_e,E - Packing Under Range Regulations,1835,1600-1999,https://atcoder.jp/contests/abc214/tasks/abc214_e
部分列DP,abc214_f,F - Substrings,1973,1600-1999,https://atcoder.jp/contests/abc214/tasks/abc214_f
累積和,abc214_f,F - Substrings,1973,1600-1999,https://atcoder.jp/contests/abc214/tasks/abc214_f
bitDP,abc215_e,E - Chain Contestant,1413,1200-1599,https://atcoder.jp/contests/abc215/tasks/abc215_e
二分探索,abc215_f,F - Dist Max 2,1853,1600-1999,https://atcoder.jp/contests/abc215/tasks/abc215_f
尺取り法,abc215_f,F - Dist Max 2,1853,1600-1999,https://atcoder.jp/contests/abc215/tasks/abc215_f
set,abc216_b,B - Same Name,38,0-399,https://atcoder.jp/contests/abc216/tasks/abc216_b
シミュレーション,abc216_d,D - Pair of Balls,1039,800-1199,https://atcoder.jp/contests/abc216/tasks/abc216_d
二分探索,abc216_e,E - Amusement Park,1084,800-1199,https://atcoder.jp/contests/abc216/tasks/abc216_e
基礎DP,abc216_f,F - Max Sum Counting,1541,1200-1599,https://atcoder.jp/contests/abc216/tasks/abc216_f
Binary-Indexed-Tree,abc216_g,G - 01Sequence,1963,1600-1999,https://atcoder.jp/contests/abc216/tasks/abc216_g
Segment-Tree,abc216_g,G - 01Sequence,1963,1600-1999,https://atcoder.jp/contests/abc216/tasks/abc216_g
ダイクストラ法,abc216_g,G - 01Sequence,1963,1600-1999,https://atcoder.jp/contests/abc216/tasks/abc216_g
set,abc217_d,D - Cutting Woods,802,800-1199,https://atcoder.jp/contests/abc217/tasks/abc217_d
Union-Find,abc217_d,D - Cutting Woods,802,800-1199,https://atcoder.jp/contests/abc217/tasks/abc217_d
priority_queue,abc217_e,E - Sorting Queries,986,800-1199,https://atcoder.jp/contests/abc217/tasks/abc217_e
区間DP,abc217_f,F - Make Pair,1954,1600-1999,https://atcoder.jp/contests/abc217/tasks/abc217_f
二項係数,abc217_f,F - Make Pair,1954,1600-1999,https://atcoder.jp/contests/abc217/tasks/abc217_f
連想配列,abc218_d,D - Rectangles,715,400-799,https://atcoder.jp/contests/abc218/tasks/abc218_d
二分探索,abc218_d,D - Rectangles,715,400-799,https://atcoder.jp/contests/abc218/tasks/abc218_d
座標圧縮,abc218_d,D - Rectangles,715,400-799,https://atcoder.jp/contests/abc218/tasks/abc218_d
最小全域木,abc218_e,E - Destruction,1004,800-1199,https://atcoder.jp/contests/abc218/tasks/abc218_e
Union-Find,abc218_e,E - Destruction,1004,800-1199,https://atcoder.jp/contests/abc218/tasks/abc218_e
幅優先探索,abc218_f,F - Blocked Roads,1753,1600-1999,https://atcoder.jp/contests/abc218/tasks/abc218_f
基礎DP,abc219_d,D - Strange Lunchbox,1085,800-1199,https://atcoder.jp/contests/abc219/tasks/abc219_d
bit全探索,abc219_e,E - Moat,1690,1600-1999,https://atcoder.jp/contests/abc219/tasks/abc219_e
幅優先探索,abc219_e,E - Moat,1690,1600-1999,https://atcoder.jp/contests/abc219/tasks/abc219_e
累積和,abc220_c,C - Long Sequence,119,0-399,https://atcoder.jp/contests/abc220/tasks/abc220_c
基礎DP,abc220_d,D - FG operation,664,400-799,https://atcoder.jp/contests/abc220/tasks/abc220_d
全方位木DP,abc220_f,F - Distance Sums 2,1304,1200-1599,https://atcoder.jp/contests/abc220/tasks/abc220_f
深さ優先探索,abc220_f,F - Distance Sums 2,1304,1200-1599,https://atcoder.jp/contests/abc220/tasks/abc220_f
bit全探索,abc221_c,C - Select Mul,379,0-399,https://atcoder.jp/contests/abc221/tasks/abc221_c
imos法,abc221_d,D - Online games,832,800-1199,https://atcoder.jp/contests/abc221/tasks/abc221_d
座標圧縮,abc221_d,D - Online games,832,800-1199,https://atcoder.jp/contests/abc221/tasks/abc221_d
Binary-Indexed-Tree,abc221_e,E - LEQ,1515,1200-1599,https://atcoder.jp/contests/abc221/tasks/abc221_e
逆元,abc221_e,E - LEQ,1515,1200-1599,https://atcoder.jp/contests/abc221/tasks/abc221_e
座標圧縮,abc221_e,E - LEQ,1515,1200-1599,https://atcoder.jp/contests/abc221/tasks/abc221_e
シミュレーション,abc222_c,C - Swiss-System Tournament,367,0-399,https://atcoder.jp/contests/abc222/tasks/abc222_c
基礎DP,abc222_d,D - Between Two Arrays,865,800-1199,https://atcoder.jp/contests/abc222/tasks/abc222_d
累積和,abc222_d,D - Between Two Arrays,865,800-1199,https://atcoder.jp/contests/abc222/tasks/abc222_d
深さ優先探索,abc222_e,E - Red and Blue Tree,1491,1200-1599,https://atcoder.jp/contests/abc222/tasks/abc222_e
基礎DP,abc222_e,E - Red and Blue Tree,1491,1200-1599,https://atcoder.jp/contests/abc222/tasks/abc222_e
全方位木DP,abc222_f,F - Expensive Expense,1934,1600-1999,https://atcoder.jp/contests/abc222/tasks/abc222_f
二分探索,abc223_c,C - Doukasen,354,0-399,https://atcoder.jp/contests/abc223/tasks/abc223_c
priority_queue,abc223_d,D - Restricted Permutation,1069,800-1199,https://atcoder.jp/contests/abc223/tasks/abc223_d
トポロジカルソート,abc223_d,D - Restricted Permutation,1069,800-1199,https://atcoder.jp/contests/abc223/tasks/abc223_d
Segment-Tree,abc223_f,F - Parenthesis Checking,1641,1600-1999,https://atcoder.jp/contests/abc223/tasks/abc223_f
幅優先探索,abc224_d,D - 8 Puzzle on Graph,1376,1200-1599,https://atcoder.jp/contests/abc224/tasks/abc224_d
連想配列,abc224_d,D - 8 Puzzle on Graph,1376,1200-1599,https://atcoder.jp/contests/abc224/tasks/abc224_d
基礎DP,abc224_e,E - Integers on Grid,1657,1600-1999,https://atcoder.jp/contests/abc224/tasks/abc224_e
座標圧縮,abc224_e,E - Integers on Grid,1657,1600-1999,https://atcoder.jp/contests/abc224/tasks/abc224_e
基礎DP,abc224_f,F - Problem where +s Separate Digits,1733,1600-1999,https://atcoder.jp/contests/abc224/tasks/abc224_f
偏角ソート,abc225_e,E - 7,1678,1600-1999,https://atcoder.jp/contests/abc225/tasks/abc225_e
set,abc226_b,B - Counting Arrays,192,0-399,https://atcoder.jp/contests/abc226/tasks/abc226_b
深さ優先探索,abc226_c,C - Martial artist,539,400-799,https://atcoder.jp/contests/abc226/tasks/abc226_c
幅優先探索,abc226_c,C - Martial artist,539,400-799,https://atcoder.jp/contests/abc226/tasks/abc226_c
gcd,abc226_d,D - Teleportation,706,400-799,https://atcoder.jp/contests/abc226/tasks/abc226_d
深さ優先探索,abc226_e,E - Just one,1327,1200-1599,https://atcoder.jp/contests/abc226/tasks/abc226_e
二分探索,abc227_d,D - Project Planning,1643,1600-1999,https://atcoder.jp/contests/abc227/tasks/abc227_d
シミュレーション,abc228_b,B - Takahashi's Secret,83,0-399,https://atcoder.jp/contests/abc228/tasks/abc228_b
Union-Find,abc228_d,D - Linear Probing,1035,800-1199,https://atcoder.jp/contests/abc228/tasks/abc228_d
連想配列,abc228_d,D - Linear Probing,1035,800-1199,https://atcoder.jp/contests/abc228/tasks/abc228_d
尺取り法,abc229_d,D - Longest X,745,400-799,https://atcoder.jp/contests/abc229/tasks/abc229_d
累積和,abc229_d,D - Longest X,745,400-799,https://atcoder.jp/contests/abc229/tasks/abc229_d
Union-Find,abc229_e,E - Graph Destruction,1015,800-1199,https://atcoder.jp/contests/abc229/tasks/abc229_e
基礎DP,abc229_f,F - Make Bipartite,1917,1600-1999,https://atcoder.jp/contests/abc229/tasks/abc229_f
分割統治,abc230_e,E - Fraction Floor Sum,969,800-1199,https://atcoder.jp/contests/abc230/tasks/abc230_e
連想配列,abc231_b,B - Election,39,0-399,https://atcoder.jp/contests/abc231/tasks/abc231_b
二分探索,abc231_c,C - Counting 2,194,0-399,https://atcoder.jp/contests/abc231/tasks/abc231_c
Union-Find,abc231_d,D - Neighbors,726,400-799,https://atcoder.jp/contests/abc231/tasks/abc231_d
基礎DP,abc231_e,E - Minimal payments,1740,1600-1999,https://atcoder.jp/contests/abc231/tasks/abc231_e
Segment-Tree,abc231_f,F - Jealous Two,1580,1200-1599,https://atcoder.jp/contests/abc231/tasks/abc231_f
Binary-Indexed-Tree,abc231_f,F - Jealous Two,1580,1200-1599,https://atcoder.jp/contests/abc231/tasks/abc231_f
座標圧縮,abc231_f,F - Jealous Two,1580,1200-1599,https://atcoder.jp/contests/abc231/tasks/abc231_f
シミュレーション,abc232_b,B - Caesar Cipher,82,0-399,https://atcoder.jp/contests/abc232/tasks/abc232_b
基礎DP,abc232_d,D - Weak Takahashi,539,400-799,https://atcoder.jp/contests/abc232/tasks/abc232_d
基礎DP,abc232_e,E - Rook Path,1380,1200-1599,https://atcoder.jp/contests/abc232/tasks/abc232_e
二項係数,abc232_e,E - Rook Path,1380,1200-1599,https://atcoder.jp/contests/abc232/tasks/abc232_e
bitDP,abc232_f,F - Simple Operations on Sequence,1857,1600-1999,https://atcoder.jp/contests/abc232/tasks/abc232_f
深さ優先探索,abc233_c,C - Product,604,400-799,https://atcoder.jp/contests/abc233/tasks/abc233_c
連想配列,abc233_d,D - Count Interval,726,400-799,https://atcoder.jp/contests/abc233/tasks/abc233_d
累積和,abc233_d,D - Count Interval,726,400-799,https://atcoder.jp/contests/abc233/tasks/abc233_d
priority_queue,abc234_d,D - Prefix K-th Max,503,400-799,https://atcoder.jp/contests/abc234/tasks/abc234_d
基礎DP,abc234_f,F - Reordering,1596,1200-1599,https://atcoder.jp/contests/abc234/tasks/abc234_f
二項係数,abc234_f,F - Reordering,1596,1200-1599,https://atcoder.jp/contests/abc234/tasks/abc234_f
連想配列,abc235_c,C - The Kth Time Query,249,0-399,https://atcoder.jp/contests/abc235/tasks/abc235_c
幅優先探索,abc235_d,D - Multiply and Rotate,862,800-1199,https://atcoder.jp/contests/abc235/tasks/abc235_d
Union-Find,abc235_e,E - MST + 1,1304,1200-1599,https://atcoder.jp/contests/abc235/tasks/abc235_e
set,abc236_c,C - Route Map,80,0-399,https://atcoder.jp/contests/abc236/tasks/abc236_c
深さ優先探索,abc236_d,D - Dance,1190,800-1199,https://atcoder.jp/contests/abc236/tasks/abc236_d
基礎DP,abc236_e,E - Average and Median,1893,1600-1999,https://atcoder.jp/contests/abc236/tasks/abc236_e
二分探索,abc236_e,E - Average and Median,1893,1600-1999,https://atcoder.jp/contests/abc236/tasks/abc236_e
ダイクストラ法,abc237_e,E - Skiing,1208,1200-1599,https://atcoder.jp/contests/abc237/tasks/abc237_e
基礎DP,abc237_f,F - |LIS| = 3,1857,1600-1999,https://atcoder.jp/contests/abc237/tasks/abc237_f
累積和,abc238_b,B - Pizza,183,0-399,https://atcoder.jp/contests/abc238/tasks/abc238_b
逆元,abc238_c,C - digitnum,637,400-799,https://atcoder.jp/contests/abc238/tasks/abc238_c
Union-Find,abc238_e,E - Range Sums,1577,1200-1599,https://atcoder.jp/contests/abc238/tasks/abc238_e
幅優先探索,abc238_e,E - Range Sums,1577,1200-1599,https://atcoder.jp/contests/abc238/tasks/abc238_e
深さ優先探索,abc238_e,E - Range Sums,1577,1200-1599,https://atcoder.jp/contests/abc238/tasks/abc238_e
累積和,abc238_e,E - Range Sums,1577,1200-1599,https://atcoder.jp/contests/abc238/tasks/abc238_e
Sparse-Table,abc239_d,D - Prime Sum Game,252,0-399,https://atcoder.jp/contests/abc239/tasks/abc239_d
Segment-Tree,abc239_d,D - Prime Sum Game,252,0-399,https://atcoder.jp/contests/abc239/tasks/abc239_d
木DP,abc239_e,E - Subtree K-th Max,1084,800-1199,https://atcoder.jp/contests/abc239/tasks/abc239_e
オイラーツアー,abc239_e,E - Subtree K-th Max,1084,800-1199,https://atcoder.jp/contests/abc239/tasks/abc239_e
WaveletMatrix,abc239_e,E - Subtree K-th Max,1084,800-1199,https://atcoder.jp/contests/abc239/tasks/abc239_e
Union-Find,abc239_f,F - Construct Highway,1959,1600-1999,https://atcoder.jp/contests/abc239/tasks/abc239_f
set,abc240_b,B - Count Distinct Integers,19,0-399,https://atcoder.jp/contests/abc240/tasks/abc240_b
基礎DP,abc240_c,C - Jumping Takahashi,464,400-799,https://atcoder.jp/contests/abc240/tasks/abc240_c
stack,abc240_d,D - Strange Balls,570,400-799,https://atcoder.jp/contests/abc240/tasks/abc240_d
深さ優先探索,abc240_e,E - Ranges on Tree,1068,800-1199,https://atcoder.jp/contests/abc240/tasks/abc240_e
連想配列,abc241_b,B - Pasta,42,0-399,https://atcoder.jp/contests/abc241/tasks/abc241_b
simulation,abc241_c,C - Connect 6,664,400-799,https://atcoder.jp/contests/abc241/tasks/abc241_c
multiset,abc241_d,D - Sequence Query,1177,800-1199,https://atcoder.jp/contests/abc241/tasks/abc241_d
set,abc241_d,D - Sequence Query,1177,800-1199,https://atcoder.jp/contests/abc241/tasks/abc241_d
Binary-Indexed-Tree,abc241_d,D - Sequence Query,1177,800-1199,https://atcoder.jp/contests/abc241/tasks/abc241_d
Segment-Tree,abc241_d,D - Sequence Query,1177,800-1199,https://atcoder.jp/contests/abc241/tasks/abc241_d
WaveletMatrix,abc241_d,D - Sequence Query,1177,800-1199,https://atcoder.jp/contests/abc241/tasks/abc241_d
二分探索,abc241_d,D - Sequence Query,1177,800-1199,https://atcoder.jp/contests/abc241/tasks/abc241_d
座標圧縮,abc241_d,D - Sequence Query,1177,800-1199,https://atcoder.jp/contests/abc241/tasks/abc241_d
ダブリング,abc241_e,E - Putting Candies,1248,1200-1599,https://atcoder.jp/contests/abc241/tasks/abc241_e
シミュレーション,abc241_e,E - Putting Candies,1248,1200-1599,https://atcoder.jp/contests/abc241/tasks/abc241_e
幅優先探索,abc241_f,F - Skate,1888,1600-1999,https://atcoder.jp/contests/abc241/tasks/abc241_f
連想配列,abc241_f,F - Skate,1888,1600-1999,https://atcoder.jp/contests/abc241/tasks/abc241_f
座標圧縮,abc241_f,F - Skate,1888,1600-1999,https://atcoder.jp/contests/abc241/tasks/abc241_f
基礎DP,abc242_c,C - 1111gal password,512,400-799,https://atcoder.jp/contests/abc242/tasks/abc242_c
行列累乗,abc242_c,C - 1111gal password,512,400-799,https://atcoder.jp/contests/abc242/tasks/abc242_c
分割統治,abc242_d,D - ABC Transform,1286,1200-1599,https://atcoder.jp/contests/abc242/tasks/abc242_d
平方分割,abc242_g,G - Range Pairing Query,1828,1600-1999,https://atcoder.jp/contests/abc242/tasks/abc242_g
連想配列,abc243_b,B - Hit and Blow,26,0-399,https://atcoder.jp/contests/abc243/tasks/abc243_b
連想配列,abc243_c,C - Collision 2,409,400-799,https://atcoder.jp/contests/abc243/tasks/abc243_c
stack,abc243_d,D - Moves on Binary Tree,758,400-799,https://atcoder.jp/contests/abc243/tasks/abc243_d
ワーシャルフロイド法,abc243_e,E - Edge Deletion,1637,1600-1999,https://atcoder.jp/contests/abc243/tasks/abc243_e
シミュレーション,abc244_b,B - Go Straight and Turn Right,30,0-399,https://atcoder.jp/contests/abc244/tasks/abc244_b
シミュレーション,abc244_c,C - Yamanote Line Game,165,0-399,https://atcoder.jp/contests/abc244/tasks/abc244_c
基礎DP,abc244_e,E - King Bombee,1125,800-1199,https://atcoder.jp/contests/abc244/tasks/abc244_e
bitDP,abc244_f,F - Shortest Good Path,1661,1600-1999,https://atcoder.jp/contests/abc244/tasks/abc244_f
幅優先探索,abc244_f,F - Shortest Good Path,1661,1600-1999,https://atcoder.jp/contests/abc244/tasks/abc244_f
基礎DP,abc245_c,C - Choose Elements,403,400-799,https://atcoder.jp/contests/abc245/tasks/abc245_c
multiset,abc245_e,E - Wrapping Chocolate,1571,1200-1599,https://atcoder.jp/contests/abc245/tasks/abc245_e
set,abc245_e,E - Wrapping Chocolate,1571,1200-1599,https://atcoder.jp/contests/abc245/tasks/abc245_e
強連結成分分解,abc245_f,F - Endless Walk,1451,1200-1599,https://atcoder.jp/contests/abc245/tasks/abc245_f
尺取り法,abc246_d,D - 2-variable Function,1148,800-1199,https://atcoder.jp/contests/abc246/tasks/abc246_d
幅優先探索,abc246_e,E - Bishop 2,1476,1200-1599,https://atcoder.jp/contests/abc246/tasks/abc246_e
包除原理,abc246_f,F - typewriter,1677,1600-1999,https://atcoder.jp/contests/abc246/tasks/abc246_f
bit全探索,abc246_f,F - typewriter,1677,1600-1999,https://atcoder.jp/contests/abc246/tasks/abc246_f
基礎DP,abc247_c,C - 1 2 1 3 1 2 1,149,0-399,https://atcoder.jp/contests/abc247/tasks/abc247_c
deque,abc247_d,D - Cylinder,468,400-799,https://atcoder.jp/contests/abc247/tasks/abc247_d
尺取り法,abc247_e,E - Max Min,1256,1200-1599,https://atcoder.jp/contests/abc247/tasks/abc247_e
包除原理,abc247_e,E - Max Min,1256,1200-1599,https://atcoder.jp/contests/abc247/tasks/abc247_e
Union-Find,abc247_f,F - Cards,1697,1600-1999,https://atcoder.jp/contests/abc247/tasks/abc247_f
基礎DP,abc247_f,F - Cards,1697,1600-1999,https://atcoder.jp/contests/abc247/tasks/abc247_f
シミュレーション,abc248_b,B - Slimes,41,0-399,https://atcoder.jp/contests/abc248/tasks/abc248_b
基礎DP,abc248_c,C - Dice Sum,787,400-799,https://atcoder.jp/contests/abc248/tasks/abc248_c
包除原理,abc248_c,C - Dice Sum,787,400-799,https://atcoder.jp/contests/abc248/tasks/abc248_c
二項係数,abc248_c,C - Dice Sum,787,400-799,https://atcoder.jp/contests/abc248/tasks/abc248_c
二分探索,abc248_d,D - Range Count Query,793,400-799,https://atcoder.jp/contests/abc248/tasks/abc248_d
連想配列,abc248_e,E - K-colinear Line,1292,1200-1599,https://atcoder.jp/contests/abc248/tasks/abc248_e
基礎DP,abc248_f,F - Keep Connect,1828,1600-1999,https://atcoder.jp/contests/abc248/tasks/abc248_f
bit全探索,abc249_c,C - Just K,528,400-799,https://atcoder.jp/contests/abc249/tasks/abc249_c
基礎DP,abc249_e,E - RLE,1970,1600-1999,https://atcoder.jp/contests/abc249/tasks/abc249_e
累積和,abc249_e,E - RLE,1970,1600-1999,https://atcoder.jp/contests/abc249/tasks/abc249_e
imos法,abc249_e,E - RLE,1970,1600-1999,https://atcoder.jp/contests/abc249/tasks/abc249_e
multiset,abc249_f,F - Ignore Operations,1786,1600-1999,https://atcoder.jp/contests/abc249/tasks/abc249_f
priority_queue,abc249_f,F - Ignore Operations,1786,1600-1999,https://atcoder.jp/contests/abc249/tasks/abc249_f
連想配列,abc250_c,C - Adjacent Swaps,517,400-799,https://atcoder.jp/contests/abc250/tasks/abc250_c
二分探索,abc250_d,D - 250-like Number,797,400-799,https://atcoder.jp/contests/abc250/tasks/abc250_d
累積和,abc250_d,D - 250-like Number,797,400-799,https://atcoder.jp/contests/abc250/tasks/abc250_d
連想配列,abc250_e,E - Prefix Equality,1421,1200-1599,https://atcoder.jp/contests/abc250/tasks/abc250_e
累積和,abc250_e,E - Prefix Equality,1421,1200-1599,https://atcoder.jp/contests/abc250/tasks/abc250_e
座標圧縮,abc250_e,E - Prefix Equality,1421,1200-1599,https://atcoder.jp/contests/abc250/tasks/abc250_e
set,abc251_c,C - Poem Online Judge,246,0-399,https://atcoder.jp/contests/abc251/tasks/abc251_c
連想配列,abc251_c,C - Poem Online Judge,246,0-399,https://atcoder.jp/contests/abc251/tasks/abc251_c
基礎DP,abc251_e,E - Takahashi and Animals,1227,1200-1599,https://atcoder.jp/contests/abc251/tasks/abc251_e
深さ優先探索,abc251_f,F - Two Spanning Trees,1703,1600-1999,https://atcoder.jp/contests/abc251/tasks/abc251_f
幅優先探索,abc251_f,F - Two Spanning Trees,1703,1600-1999,https://atcoder.jp/contests/abc251/tasks/abc251_f
シミュレーション,abc252_c,C - Slot Strategy,441,400-799,https://atcoder.jp/contests/abc252/tasks/abc252_c
基礎DP,abc252_d,D - Distinct Trio,884,800-1199,https://atcoder.jp/contests/abc252/tasks/abc252_d
ダイクストラ法,abc252_e,E - Road Reduction,1294,1200-1599,https://atcoder.jp/contests/abc252/tasks/abc252_e
priority_queue,abc252_f,F - Bread,1609,1600-1999,https://atcoder.jp/contests/abc252/tasks/abc252_f
multiset,abc253_c,C - Max - Min Query,518,400-799,https://atcoder.jp/contests/abc253/tasks/abc253_c
priority_queue,abc253_c,C - Max - Min Query,518,400-799,https://atcoder.jp/contests/abc253/tasks/abc253_c
連想配列,abc253_c,C - Max - Min Query,518,400-799,https://atcoder.jp/contests/abc253/tasks/abc253_c
包除原理,abc253_d,D - FizzBuzz Sum Hard,520,400-799,https://atcoder.jp/contests/abc253/tasks/abc253_d
gcd,abc253_d,D - FizzBuzz Sum Hard,520,400-799,https://atcoder.jp/contests/abc253/tasks/abc253_d
基礎DP,abc253_e,E - Distance Sequence,1073,800-1199,https://atcoder.jp/contests/abc253/tasks/abc253_e
累積和,abc253_e,E - Distance Sequence,1073,800-1199,https://atcoder.jp/contests/abc253/tasks/abc253_e
Binary-Indexed-Tree,abc253_f,F - Operations on a Matrix,1756,1600-1999,https://atcoder.jp/contests/abc253/tasks/abc253_f
幅優先探索,abc254_e,E - Small d and k,1202,1200-1599,https://atcoder.jp/contests/abc254/tasks/abc254_e
深さ優先探索,abc254_e,E - Small d and k,1202,1200-1599,https://atcoder.jp/contests/abc254/tasks/abc254_e
Segment-Tree,abc254_f,F - Rectangle GCD,1764,1600-1999,https://atcoder.jp/contests/abc254/tasks/abc254_f
Sparse-Table,abc254_f,F - Rectangle GCD,1764,1600-1999,https://atcoder.jp/contests/abc254/tasks/abc254_f
gcd,abc254_f,F - Rectangle GCD,1764,1600-1999,https://atcoder.jp/contests/abc254/tasks/abc254_f
二分探索,abc255_c,C - ±1 Operation 1,574,400-799,https://atcoder.jp/contests/abc255/tasks/abc255_c
二分探索,abc255_d,D - ±1 Operation 2,788,400-799,https://atcoder.jp/contests/abc255/tasks/abc255_d
累積和,abc255_d,D - ±1 Operation 2,788,400-799,https://atcoder.jp/contests/abc255/tasks/abc255_d
連想配列,abc255_e,E - Lucky Numbers,1519,1200-1599,https://atcoder.jp/contests/abc255/tasks/abc255_e
分割統治,abc255_f,F - Pre-order and In-order,1797,1600-1999,https://atcoder.jp/contests/abc255/tasks/abc255_f
シミュレーション,abc256_b,B - Batters,83,0-399,https://atcoder.jp/contests/abc256/tasks/abc256_b
深さ優先探索,abc256_c,C - Filling 3x3 array,541,400-799,https://atcoder.jp/contests/abc256/tasks/abc256_c
imos法,abc256_d,D - Union of Interval,546,400-799,https://atcoder.jp/contests/abc256/tasks/abc256_d
Union-Find,abc256_e,E - Takahashi's Anguish,1224,1200-1599,https://atcoder.jp/contests/abc256/tasks/abc256_e
シミュレーション,abc257_b,B - 1D Pawn,91,0-399,https://atcoder.jp/contests/abc257/tasks/abc257_b
二分探索,abc257_c,C - Robot Takahashi,678,400-799,https://atcoder.jp/contests/abc257/tasks/abc257_c
二分探索,abc257_d,D - Jumping Takahashi 2,1203,1200-1599,https://atcoder.jp/contests/abc257/tasks/abc257_d
幅優先探索,abc257_d,D - Jumping Takahashi 2,1203,1200-1599,https://atcoder.jp/contests/abc257/tasks/abc257_d
ワーシャルフロイド法,abc257_d,D - Jumping Takahashi 2,1203,1200-1599,https://atcoder.jp/contests/abc257/tasks/abc257_d
強連結成分分解,abc257_d,D - Jumping Takahashi 2,1203,1200-1599,https://atcoder.jp/contests/abc257/tasks/abc257_d
幅優先探索,abc257_f,F - Teleporter Setting,1775,1600-1999,https://atcoder.jp/contests/abc257/tasks/abc257_f
シミュレーション,abc258_b,B - Number Box,511,400-799,https://atcoder.jp/contests/abc258/tasks/abc258_b
累積和,abc258_d,D - Trophy,687,400-799,https://atcoder.jp/contests/abc258/tasks/abc258_d
ダブリング,abc258_e,E - Packing Potatoes,1545,1200-1599,https://atcoder.jp/contests/abc258/tasks/abc258_e
尺取り法,abc258_e,E - Packing Potatoes,1545,1200-1599,https://atcoder.jp/contests/abc258/tasks/abc258_e
累積和,abc258_e,E - Packing Potatoes,1545,1200-1599,https://atcoder.jp/contests/abc258/tasks/abc258_e
bit全探索,abc258_g,G - Triangle,1944,1600-1999,https://atcoder.jp/contests/abc258/tasks/abc258_g
Union-Find,abc259_d,D - Circumferences,947,800-1199,https://atcoder.jp/contests/abc259/tasks/abc259_d
幅優先探索,abc259_d,D - Circumferences,947,800-1199,https://atcoder.jp/contests/abc259/tasks/abc259_d
深さ優先探索,abc259_d,D - Circumferences,947,800-1199,https://atcoder.jp/contests/abc259/tasks/abc259_d
連想配列,abc259_e,E - LCM on Whiteboard,1370,1200-1599,https://atcoder.jp/contests/abc259/tasks/abc259_e
木DP,abc259_f,F - Select Edges,1961,1600-1999,https://atcoder.jp/contests/abc259/tasks/abc259_f
基礎DP,abc260_c,C - Changing Jewels,413,400-799,https://atcoder.jp/contests/abc260/tasks/abc260_c
行列累乗,abc260_c,C - Changing Jewels,413,400-799,https://atcoder.jp/contests/abc260/tasks/abc260_c
set,abc260_d,D - Draw Your Cards,1074,800-1199,https://atcoder.jp/contests/abc260/tasks/abc260_d
連想配列,abc260_d,D - Draw Your Cards,1074,800-1199,https://atcoder.jp/contests/abc260/tasks/abc260_d
シミュレーション,abc260_d,D - Draw Your Cards,1074,800-1199,https://atcoder.jp/contests/abc260/tasks/abc260_d
尺取り法,abc260_e,E - At Least One,1692,1600-1999,https://atcoder.jp/contests/abc260/tasks/abc260_e
累積和,abc260_e,E - At Least One,1692,1600-1999,https://atcoder.jp/contests/abc260/tasks/abc260_e
連想配列,abc261_c,C - NewFolder(1),179,0-399,https://atcoder.jp/contests/abc261/tasks/abc261_c
基礎DP,abc261_d,D - Flipping and Bonus,801,800-1199,https://atcoder.jp/contests/abc261/tasks/abc261_d
Binary-Indexed-Tree,abc261_f,F - Sorting Color Balls,1587,1200-1599,https://atcoder.jp/contests/abc261/tasks/abc261_f
座標圧縮,abc261_f,F - Sorting Color Balls,1587,1200-1599,https://atcoder.jp/contests/abc261/tasks/abc261_f
基礎DP,abc262_d,D - I Hate Non-integer Number,1213,1200-1599,https://atcoder.jp/contests/abc262/tasks/abc262_d
二項係数,abc262_e,E - Red and Blue Graph,1719,1600-1999,https://atcoder.jp/contests/abc262/tasks/abc262_e
深さ優先探索,abc263_c,C - Monotonically Increasing,298,0-399,https://atcoder.jp/contests/abc263/tasks/abc263_c
基礎DP,abc263_d,D - Left Right Operation,1016,800-1199,https://atcoder.jp/contests/abc263/tasks/abc263_d
期待値DP,abc263_e,E - Sugoroku 3,1659,1600-1999,https://atcoder.jp/contests/abc263/tasks/abc263_e
累積和,abc263_e,E - Sugoroku 3,1659,1600-1999,https://atcoder.jp/contests/abc263/tasks/abc263_e
bit全探索,abc264_c,C - Matrix Reducing,758,400-799,https://atcoder.jp/contests/abc264/tasks/abc264_c
Binary-Indexed-Tree,abc264_d,"D - ""redocta"".swap(i,i+1)",414,400-799,https://atcoder.jp/contests/abc264/tasks/abc264_d
Union-Find,abc264_e,E - Blackout 2,1229,1200-1599,https://atcoder.jp/contests/abc264/tasks/abc264_e
基礎DP,abc264_f,F - Monochromatic Path,1878,1600-1999,https://atcoder.jp/contests/abc264/tasks/abc264_f
シミュレーション,abc265_b,B - Explore,152,0-399,https://atcoder.jp/contests/abc265/tasks/abc265_b
シミュレーション,abc265_c,C - Belt Conveyor,212,0-399,https://atcoder.jp/contests/abc265/tasks/abc265_c
二分探索,abc265_d,D - Iroha and Haiku (New ABC Edition),727,400-799,https://atcoder.jp/contests/abc265/tasks/abc265_d
累積和,abc265_d,D - Iroha and Haiku (New ABC Edition),727,400-799,https://atcoder.jp/contests/abc265/tasks/abc265_d
尺取り法,abc265_d,D - Iroha and Haiku (New ABC Edition),727,400-799,https://atcoder.jp/contests/abc265/tasks/abc265_d
基礎DP,abc265_e,E - Warp,1531,1200-1599,https://atcoder.jp/contests/abc265/tasks/abc265_e
連想配列,abc265_e,E - Warp,1531,1200-1599,https://atcoder.jp/contests/abc265/tasks/abc265_e
凸包,abc266_c,C - Convex Quadrilateral,516,400-799,https://atcoder.jp/contests/abc266/tasks/abc266_c
基礎DP,abc266_d,D - Snuke Panic (1D),840,800-1199,https://atcoder.jp/contests/abc266/tasks/abc266_d
期待値DP,abc266_e,E - Throwing the Die,1227,1200-1599,https://atcoder.jp/contests/abc266/tasks/abc266_e
基礎DP,abc266_e,E - Throwing the Die,1227,1200-1599,https://atcoder.jp/contests/abc266/tasks/abc266_e
深さ優先探索,abc266_f,F - Well-defined Path Queries on a Namori,1525,1200-1599,https://atcoder.jp/contests/abc266/tasks/abc266_f
累積和,abc267_c,C - Index × A(Continuous ver.),524,400-799,https://atcoder.jp/contests/abc267/tasks/abc267_c
基礎DP,abc267_d,D - Index × A(Not Continuous ver.),864,800-1199,https://atcoder.jp/contests/abc267/tasks/abc267_d
priority_queue,abc267_e,E - Erasing Vertices 2,1313,1200-1599,https://atcoder.jp/contests/abc267/tasks/abc267_e
二分探索,abc267_e,E - Erasing Vertices 2,1313,1200-1599,https://atcoder.jp/contests/abc267/tasks/abc267_e
最小共通祖先,abc267_f,F - Exactly K Steps,1939,1600-1999,https://atcoder.jp/contests/abc267/tasks/abc267_f
ダブリング,abc267_f,F - Exactly K Steps,1939,1600-1999,https://atcoder.jp/contests/abc267/tasks/abc267_f
深さ優先探索,abc267_f,F - Exactly K Steps,1939,1600-1999,https://atcoder.jp/contests/abc267/tasks/abc267_f
set,abc268_a,A - Five Integers,16,0-399,https://atcoder.jp/contests/abc268/tasks/abc268_a
set,abc268_d,D - Unique Username,1309,1200-1599,https://atcoder.jp/contests/abc268/tasks/abc268_d
深さ優先探索,abc268_d,D - Unique Username,1309,1200-1599,https://atcoder.jp/contests/abc268/tasks/abc268_d
imos法,abc268_e,E - Chinese Restaurant (Three-Star Version),1927,1600-1999,https://atcoder.jp/contests/abc268/tasks/abc268_e
bit全探索,abc269_c,C - Submask,384,0-399,https://atcoder.jp/contests/abc269/tasks/abc269_c
Union-Find,abc269_d,D - Do use hexagon grid,612,400-799,https://atcoder.jp/contests/abc269/tasks/abc269_d
深さ優先探索,abc269_d,D - Do use hexagon grid,612,400-799,https://atcoder.jp/contests/abc269/tasks/abc269_d
幅優先探索,abc269_d,D - Do use hexagon grid,612,400-799,https://atcoder.jp/contests/abc269/tasks/abc269_d
二分探索,abc269_e,E - Last Rook,1030,800-1199,https://atcoder.jp/contests/abc269/tasks/abc269_e
深さ優先探索,abc270_c,C - Simple path,625,400-799,https://atcoder.jp/contests/abc270/tasks/abc270_c
基礎DP,abc270_d,D - Stones,1300,1200-1599,https://atcoder.jp/contests/abc270/tasks/abc270_d
二分探索,abc270_e,E - Apple Baskets on Circle,1211,1200-1599,https://atcoder.jp/contests/abc270/tasks/abc270_e
シミュレーション,abc270_e,E - Apple Baskets on Circle,1211,1200-1599,https://atcoder.jp/contests/abc270/tasks/abc270_e
Union-Find,abc270_f,F - Transportation,1834,1600-1999,https://atcoder.jp/contests/abc270/tasks/abc270_f
最小全域木,abc270_f,F - Transportation,1834,1600-1999,https://atcoder.jp/contests/abc270/tasks/abc270_f
二分探索,abc271_c,C - Manga,842,800-1199,https://atcoder.jp/contests/abc271/tasks/abc271_c
set,abc271_c,C - Manga,842,800-1199,https://atcoder.jp/contests/abc271/tasks/abc271_c
基礎DP,abc271_d,D - Flip and Adjust,886,800-1199,https://atcoder.jp/contests/abc271/tasks/abc271_d
基礎DP,abc271_e,E - Subsequence Path,1402,1200-1599,https://atcoder.jp/contests/abc271/tasks/abc271_e
半分全列挙,abc271_f,F - XOR on Grid Path,1669,1600-1999,https://atcoder.jp/contests/abc271/tasks/abc271_f
連想配列,abc271_f,F - XOR on Grid Path,1669,1600-1999,https://atcoder.jp/contests/abc271/tasks/abc271_f
深さ優先探索,abc271_f,F - XOR on Grid Path,1669,1600-1999,https://atcoder.jp/contests/abc271/tasks/abc271_f
幅優先探索,abc272_d,D - Root M Leaper,804,800-1199,https://atcoder.jp/contests/abc272/tasks/abc272_d
連想配列,abc272_e,E - Add and Mex,1434,1200-1599,https://atcoder.jp/contests/abc272/tasks/abc272_e
連想配列,abc273_c,C - (K+1)-th Largest Number,370,0-399,https://atcoder.jp/contests/abc273/tasks/abc273_c
連想配列,abc273_d,D - LRUD Instructions,1119,800-1199,https://atcoder.jp/contests/abc273/tasks/abc273_d
二分探索,abc273_d,D - LRUD Instructions,1119,800-1199,https://atcoder.jp/contests/abc273/tasks/abc273_d
stack,abc273_e,E - Notebook,1624,1600-1999,https://atcoder.jp/contests/abc273/tasks/abc273_e
連想配列,abc273_e,E - Notebook,1624,1600-1999,https://atcoder.jp/contests/abc273/tasks/abc273_e
基礎DP,abc274_d,D - Robot Arms 2,916,800-1199,https://atcoder.jp/contests/abc274/tasks/abc274_d
bitDP,abc274_e,E - Booster,1520,1200-1599,https://atcoder.jp/contests/abc274/tasks/abc274_e
bit全探索,abc275_c,C - Counting Squares,760,400-799,https://atcoder.jp/contests/abc275/tasks/abc275_c
連想配列,abc275_d,D - Yet Another Recursive Function,606,400-799,https://atcoder.jp/contests/abc275/tasks/abc275_d
基礎DP,abc275_e,E - Sugoroku 4,1264,1200-1599,https://atcoder.jp/contests/abc275/tasks/abc275_e
確率DP,abc275_e,E - Sugoroku 4,1264,1200-1599,https://atcoder.jp/contests/abc275/tasks/abc275_e
逆元,abc275_e,E - Sugoroku 4,1264,1200-1599,https://atcoder.jp/contests/abc275/tasks/abc275_e
基礎DP,abc275_f,F - Erase Subarrays,1608,1600-1999,https://atcoder.jp/contests/abc275/tasks/abc275_f
gcd,abc276_d,D - Divide by 2 or 3,645,400-799,https://atcoder.jp/contests/abc276/tasks/abc276_d
幅優先探索,abc276_e,E - Round Trip,1058,800-1199,https://atcoder.jp/contests/abc276/tasks/abc276_e
深さ優先探索,abc276_e,E - Round Trip,1058,800-1199,https://atcoder.jp/contests/abc276/tasks/abc276_e
Union-Find,abc276_e,E - Round Trip,1058,800-1199,https://atcoder.jp/contests/abc276/tasks/abc276_e
Binary-Indexed-Tree,abc276_f,F - Double Chance,1562,1200-1599,https://atcoder.jp/contests/abc276/tasks/abc276_f
Union-Find,abc277_c,C - Ladder Takahashi,540,400-799,https://atcoder.jp/contests/abc277/tasks/abc277_c
連想配列,abc277_c,C - Ladder Takahashi,540,400-799,https://atcoder.jp/contests/abc277/tasks/abc277_c
幅優先探索,abc277_c,C - Ladder Takahashi,540,400-799,https://atcoder.jp/contests/abc277/tasks/abc277_c
深さ優先探索,abc277_c,C - Ladder Takahashi,540,400-799,https://atcoder.jp/contests/abc277/tasks/abc277_c
連想配列,abc277_d,D - Takahashi's Solitaire,873,800-1199,https://atcoder.jp/contests/abc277/tasks/abc277_d
累積和,abc277_d,D - Takahashi's Solitaire,873,800-1199,https://atcoder.jp/contests/abc277/tasks/abc277_d
幅優先探索,abc277_e,E - Crystal Switches,1183,800-1199,https://atcoder.jp/contests/abc277/tasks/abc277_e
ダイクストラ法,abc277_e,E - Crystal Switches,1183,800-1199,https://atcoder.jp/contests/abc277/tasks/abc277_e
連想配列,abc278_c,C - FF,327,0-399,https://atcoder.jp/contests/abc278/tasks/abc278_c
連想配列,abc278_d,D - All Assign Point Add,559,400-799,https://atcoder.jp/contests/abc278/tasks/abc278_d
累積和,abc278_e,E - Grid Filling,996,800-1199,https://atcoder.jp/contests/abc278/tasks/abc278_e
bitDP,abc278_f,F - Shiritori,1452,1200-1599,https://atcoder.jp/contests/abc278/tasks/abc278_f
三分探索,abc279_d,D - Freefall,766,400-799,https://atcoder.jp/contests/abc279/tasks/abc279_d
二分探索,abc279_d,D - Freefall,766,400-799,https://atcoder.jp/contests/abc279/tasks/abc279_d
シミュレーション,abc279_e,E - Cheating Amidakuji,1390,1200-1599,https://atcoder.jp/contests/abc279/tasks/abc279_e
Union-Find,abc279_f,F - BOX,1777,1600-1999,https://atcoder.jp/contests/abc279/tasks/abc279_f
二分探索,abc280_d,D - Factorial and Multiple,880,800-1199,https://atcoder.jp/contests/abc280/tasks/abc280_d
基礎DP,abc280_e,E - Critical Hit,1251,1200-1599,https://atcoder.jp/contests/abc280/tasks/abc280_e
行列累乗,abc280_e,E - Critical Hit,1251,1200-1599,https://atcoder.jp/contests/abc280/tasks/abc280_e
逆元,abc280_e,E - Critical Hit,1251,1200-1599,https://atcoder.jp/contests/abc280/tasks/abc280_e
Union-Find,abc280_f,F - Pay or Receive,1819,1600-1999,https://atcoder.jp/contests/abc280/tasks/abc280_f
深さ優先探索,abc280_f,F - Pay or Receive,1819,1600-1999,https://atcoder.jp/contests/abc280/tasks/abc280_f
累積和,abc281_c,C - Circular Playlist,131,0-399,https://atcoder.jp/contests/abc281/tasks/abc281_c
基礎DP,abc281_d,D - Max Multiple,1031,800-1199,https://atcoder.jp/contests/abc281/tasks/abc281_d
multiset,abc281_e,E - Least Elements,1334,1200-1599,https://atcoder.jp/contests/abc281/tasks/abc281_e
priority_queue,abc281_e,E - Least Elements,1334,1200-1599,https://atcoder.jp/contests/abc281/tasks/abc281_e
set,abc281_e,E - Least Elements,1334,1200-1599,https://atcoder.jp/contests/abc281/tasks/abc281_e
分割統治,abc281_f,F - Xor Minimization,1714,1600-1999,https://atcoder.jp/contests/abc281/tasks/abc281_f
深さ優先探索,abc282_d,D - Make Bipartite 2,1154,800-1199,https://atcoder.jp/contests/abc282/tasks/abc282_d
最小全域木,abc282_e,E - Choose Two and Eat One,1604,1600-1999,https://atcoder.jp/contests/abc282/tasks/abc282_e
Sparse-Table,abc282_f,F - Union of Two Sets,1734,1600-1999,https://atcoder.jp/contests/abc282/tasks/abc282_f
stack,abc283_d,D - Scope,453,400-799,https://atcoder.jp/contests/abc283/tasks/abc283_d
基礎DP,abc283_e,E - Don't Isolate Elements,1802,1600-1999,https://atcoder.jp/contests/abc283/tasks/abc283_e
Segment-Tree,abc283_f,F - Permutation Distance,1771,1600-1999,https://atcoder.jp/contests/abc283/tasks/abc283_f
Union-Find,abc284_c,C - Count Connected Components,193,0-399,https://atcoder.jp/contests/abc284/tasks/abc284_c
幅優先探索,abc284_c,C - Count Connected Components,193,0-399,https://atcoder.jp/contests/abc284/tasks/abc284_c
深さ優先探索,abc284_c,C - Count Connected Components,193,0-399,https://atcoder.jp/contests/abc284/tasks/abc284_c
深さ優先探索,abc284_e,E - Count Simple Paths,1043,800-1199,https://atcoder.jp/contests/abc284/tasks/abc284_e
Z-Algorithm,abc284_f,F - ABCBAC,1575,1200-1599,https://atcoder.jp/contests/abc284/tasks/abc284_f
深さ優先探索,abc285_d,D - Change Usernames,663,400-799,https://atcoder.jp/contests/abc285/tasks/abc285_d
幅優先探索,abc285_d,D - Change Usernames,663,400-799,https://atcoder.jp/contests/abc285/tasks/abc285_d
Union-Find,abc285_d,D - Change Usernames,663,400-799,https://atcoder.jp/contests/abc285/tasks/abc285_d
トポロジカルソート,abc285_d,D - Change Usernames,663,400-799,https://atcoder.jp/contests/abc285/tasks/abc285_d
基礎DP,abc285_e,E - Work or Rest,1466,1200-1599,https://atcoder.jp/contests/abc285/tasks/abc285_e
Segment-Tree,abc285_f,F - Substring of Sorted String,1876,1600-1999,https://atcoder.jp/contests/abc285/tasks/abc285_f
set,abc285_f,F - Substring of Sorted String,1876,1600-1999,https://atcoder.jp/contests/abc285/tasks/abc285_f
基礎DP,abc286_d,D - Money in Hand,607,400-799,https://atcoder.jp/contests/abc286/tasks/abc286_d
ワーシャルフロイド法,abc286_e,E - Souvenir,1128,800-1199,https://atcoder.jp/contests/abc286/tasks/abc286_e
中国剰余定理,abc286_f,F - Guess The Number 2,1841,1600-1999,https://atcoder.jp/contests/abc286/tasks/abc286_f
Union-Find,abc287_c,C - Path Graph?,466,400-799,https://atcoder.jp/contests/abc287/tasks/abc287_c
幅優先探索,abc287_c,C - Path Graph?,466,400-799,https://atcoder.jp/contests/abc287/tasks/abc287_c
深さ優先探索,abc287_c,C - Path Graph?,466,400-799,https://atcoder.jp/contests/abc287/tasks/abc287_c
累積和,abc287_d,D - Match or Not,796,400-799,https://atcoder.jp/contests/abc287/tasks/abc287_d
Union-Find,abc288_c,C - Don’t be cycle,436,400-799,https://atcoder.jp/contests/abc288/tasks/abc288_c
幅優先探索,abc288_c,C - Don’t be cycle,436,400-799,https://atcoder.jp/contests/abc288/tasks/abc288_c
深さ優先探索,abc288_c,C - Don’t be cycle,436,400-799,https://atcoder.jp/contests/abc288/tasks/abc288_c
累積和,abc288_d,D - Range Add Query,1757,1600-1999,https://atcoder.jp/contests/abc288/tasks/abc288_d
Union-Find,abc289_b,B - V,225,0-399,https://atcoder.jp/contests/abc289/tasks/abc289_b
深さ優先探索,abc289_b,B - V,225,0-399,https://atcoder.jp/contests/abc289/tasks/abc289_b
bit全探索,abc289_c,C - Coverage,396,0-399,https://atcoder.jp/contests/abc289/tasks/abc289_c
基礎DP,abc289_d,D - Step Up Robot,551,400-799,https://atcoder.jp/contests/abc289/tasks/abc289_d
幅優先探索,abc289_e,E - Swap Places,1318,1200-1599,https://atcoder.jp/contests/abc289/tasks/abc289_e
連想配列,abc290_c,C - Max MEX,225,0-399,https://atcoder.jp/contests/abc290/tasks/abc290_c
gcd,abc290_d,D - Marking,1036,800-1199,https://atcoder.jp/contests/abc290/tasks/abc290_d
尺取り法,abc290_e,E - Make it Palindrome,1485,1200-1599,https://atcoder.jp/contests/abc290/tasks/abc290_e
set,abc291_c,C - LRUD Instructions 2,188,0-399,https://atcoder.jp/contests/abc291/tasks/abc291_c
基礎DP,abc291_d,D - Flip Cards,720,400-799,https://atcoder.jp/contests/abc291/tasks/abc291_d
トポロジカルソート,abc291_e,E - Find Permutation,1069,800-1199,https://atcoder.jp/contests/abc291/tasks/abc291_e
基礎DP,abc291_f,F - Teleporter and Closed off,1449,1200-1599,https://atcoder.jp/contests/abc291/tasks/abc291_f
Union-Find,abc292_d,D - Unicyclic Components,579,400-799,https://atcoder.jp/contests/abc292/tasks/abc292_d
幅優先探索,abc292_e,E - Transitivity,1272,1200-1599,https://atcoder.jp/contests/abc292/tasks/abc292_e
深さ優先探索,abc292_e,E - Transitivity,1272,1200-1599,https://atcoder.jp/contests/abc292/tasks/abc292_e
二分探索,abc292_f,F - Regular Triangle Inside a Rectangle,1522,1200-1599,https://atcoder.jp/contests/abc292/tasks/abc292_f
シミュレーション,abc293_b,B - Call the ID Number,65,0-399,https://atcoder.jp/contests/abc293/tasks/abc293_b
深さ優先探索,abc293_c,C - Make Takahashi Happy,431,400-799,https://atcoder.jp/contests/abc293/tasks/abc293_c
Union-Find,abc293_d,D - Tying Rope,830,800-1199,https://atcoder.jp/contests/abc293/tasks/abc293_d
行列累乗,abc293_e,E - Geometric Progression,1453,1200-1599,https://atcoder.jp/contests/abc293/tasks/abc293_e
分割統治,abc293_e,E - Geometric Progression,1453,1200-1599,https://atcoder.jp/contests/abc293/tasks/abc293_e
平方分割,abc293_g,G - Triple Index,1753,1600-1999,https://atcoder.jp/contests/abc293/tasks/abc293_g
二分探索,abc294_c,C - Merge Sequences,127,0-399,https://atcoder.jp/contests/abc294/tasks/abc294_c
連想配列,abc294_c,C - Merge Sequences,127,0-399,https://atcoder.jp/contests/abc294/tasks/abc294_c
set,abc294_d,D - Bank,385,0-399,https://atcoder.jp/contests/abc294/tasks/abc294_d
尺取り法,abc294_e,E - 2xN Grid,792,400-799,https://atcoder.jp/contests/abc294/tasks/abc294_e
二分探索,abc294_f,F - Sugar Water 2,1891,1600-1999,https://atcoder.jp/contests/abc294/tasks/abc294_f
Binary-Indexed-Tree,abc294_g,G - Distance Queries on a Tree,1702,1600-1999,https://atcoder.jp/contests/abc294/tasks/abc294_g
Segment-Tree,abc294_g,G - Distance Queries on a Tree,1702,1600-1999,https://atcoder.jp/contests/abc294/tasks/abc294_g
HL分解,abc294_g,G - Distance Queries on a Tree,1702,1600-1999,https://atcoder.jp/contests/abc294/tasks/abc294_g
オイラーツアー,abc294_g,G - Distance Queries on a Tree,1702,1600-1999,https://atcoder.jp/contests/abc294/tasks/abc294_g
最小共通祖先,abc294_g,G - Distance Queries on a Tree,1702,1600-1999,https://atcoder.jp/contests/abc294/tasks/abc294_g
シミュレーション,abc295_b,B - Bombs,156,0-399,https://atcoder.jp/contests/abc295/tasks/abc295_b
連想配列,abc295_c,C - Socks,122,0-399,https://atcoder.jp/contests/abc295/tasks/abc295_c
累積和,abc295_d,D -  Three Days Ago,939,800-1199,https://atcoder.jp/contests/abc295/tasks/abc295_d
set,abc296_c,C - Gap Existence,162,0-399,https://atcoder.jp/contests/abc296/tasks/abc296_c
二分探索,abc296_c,C - Gap Existence,162,0-399,https://atcoder.jp/contests/abc296/tasks/abc296_c
尺取り法,abc296_c,C - Gap Existence,162,0-399,https://atcoder.jp/contests/abc296/tasks/abc296_c
強連結成分分解,abc296_e,E - Transition Game,1285,1200-1599,https://atcoder.jp/contests/abc296/tasks/abc296_e
Binary-Indexed-Tree,abc296_f,F - Simultaneous Swap,1811,1600-1999,https://atcoder.jp/contests/abc296/tasks/abc296_f
gcd,abc297_d,D - Count Subtractions,273,0-399,https://atcoder.jp/contests/abc297/tasks/abc297_d
priority_queue,abc297_e,E - Kth Takoyaki Set,1176,800-1199,https://atcoder.jp/contests/abc297/tasks/abc297_e
set,abc297_e,E - Kth Takoyaki Set,1176,800-1199,https://atcoder.jp/contests/abc297/tasks/abc297_e
包除原理,abc297_f,F - Minimum Bounding Box 2,1990,1600-1999,https://atcoder.jp/contests/abc297/tasks/abc297_f
二項係数,abc297_f,F - Minimum Bounding Box 2,1990,1600-1999,https://atcoder.jp/contests/abc297/tasks/abc297_f
Grundy数,abc297_g,G - Constrained Nim 2,1834,1600-1999,https://atcoder.jp/contests/abc297/tasks/abc297_g
Nim,abc297_g,G - Constrained Nim 2,1834,1600-1999,https://atcoder.jp/contests/abc297/tasks/abc297_g
multiset,abc298_c,C - Cards Query Problem,448,400-799,https://atcoder.jp/contests/abc298/tasks/abc298_c
set,abc298_c,C - Cards Query Problem,448,400-799,https://atcoder.jp/contests/abc298/tasks/abc298_c
期待値DP,abc298_e,E - Unfair Sugoroku,1300,1200-1599,https://atcoder.jp/contests/abc298/tasks/abc298_e
逆元,abc298_e,E - Unfair Sugoroku,1300,1200-1599,https://atcoder.jp/contests/abc298/tasks/abc298_e
Segment-Tree,abc298_f,F - Rook Score,1535,1200-1599,https://atcoder.jp/contests/abc298/tasks/abc298_f
priority_queue,abc298_f,F - Rook Score,1535,1200-1599,https://atcoder.jp/contests/abc298/tasks/abc298_f
連想配列,abc298_f,F - Rook Score,1535,1200-1599,https://atcoder.jp/contests/abc298/tasks/abc298_f
座標圧縮,abc298_f,F - Rook Score,1535,1200-1599,https://atcoder.jp/contests/abc298/tasks/abc298_f
二分探索,abc299_d,D - Find by Query,684,400-799,https://atcoder.jp/contests/abc299/tasks/abc299_d
幅優先探索,abc299_e,E - Nearest Black Vertex,1216,1200-1599,https://atcoder.jp/contests/abc299/tasks/abc299_e
シミュレーション,abc300_b,B - Same Map in the RPG World,353,0-399,https://atcoder.jp/contests/abc300/tasks/abc300_b
二分探索,abc300_d,D - AABCC,908,800-1199,https://atcoder.jp/contests/abc300/tasks/abc300_d
累積和,abc300_d,D - AABCC,908,800-1199,https://atcoder.jp/contests/abc300/tasks/abc300_d
基礎DP,abc300_e,E - Dice Product 3,1354,1200-1599,https://atcoder.jp/contests/abc300/tasks/abc300_e
連想配列,abc300_e,E - Dice Product 3,1354,1200-1599,https://atcoder.jp/contests/abc300/tasks/abc300_e
逆元,abc300_e,E - Dice Product 3,1354,1200-1599,https://atcoder.jp/contests/abc300/tasks/abc300_e
二分探索,abc300_f,F - More Holidays,1846,1600-1999,https://atcoder.jp/contests/abc300/tasks/abc300_f
累積和,abc300_f,F - More Holidays,1846,1600-1999,https://atcoder.jp/contests/abc300/tasks/abc300_f
bitDP,abc301_e,E - Pac-Takahashi,1673,1600-1999,https://atcoder.jp/contests/abc301/tasks/abc301_e
幅優先探索,abc301_e,E - Pac-Takahashi,1673,1600-1999,https://atcoder.jp/contests/abc301/tasks/abc301_e
bitDP,abc302_c,C - Almost Equal,469,400-799,https://atcoder.jp/contests/abc302/tasks/abc302_c
二分探索,abc302_d,D - Impartial Gift,682,400-799,https://atcoder.jp/contests/abc302/tasks/abc302_d
set,abc302_e,E - Isolation,988,800-1199,https://atcoder.jp/contests/abc302/tasks/abc302_e
シミュレーション,abc302_e,E - Isolation,988,800-1199,https://atcoder.jp/contests/abc302/tasks/abc302_e
幅優先探索,abc302_f,F - Merge Set,1430,1200-1599,https://atcoder.jp/contests/abc302/tasks/abc302_f
bit全探索,abc302_g,G - Sort from 1 to 4,1891,1600-1999,https://atcoder.jp/contests/abc302/tasks/abc302_g
set,abc303_c,C - Dash,417,400-799,https://atcoder.jp/contests/abc303/tasks/abc303_c
シミュレーション,abc303_c,C - Dash,417,400-799,https://atcoder.jp/contests/abc303/tasks/abc303_c
基礎DP,abc303_d,D - Shift vs. CapsLock,778,400-799,https://atcoder.jp/contests/abc303/tasks/abc303_d
幅優先探索,abc303_e,E - A Gift From the Stars,1113,800-1199,https://atcoder.jp/contests/abc303/tasks/abc303_e
深さ優先探索,abc303_e,E - A Gift From the Stars,1113,800-1199,https://atcoder.jp/contests/abc303/tasks/abc303_e
Union-Find,abc304_c,C - Virus,366,0-399,https://atcoder.jp/contests/abc304/tasks/abc304_c
幅優先探索,abc304_c,C - Virus,366,0-399,https://atcoder.jp/contests/abc304/tasks/abc304_c
深さ優先探索,abc304_c,C - Virus,366,0-399,https://atcoder.jp/contests/abc304/tasks/abc304_c
二分探索,abc304_d,D - A Piece of Cake,1015,800-1199,https://atcoder.jp/contests/abc304/tasks/abc304_d
連想配列,abc304_d,D - A Piece of Cake,1015,800-1199,https://atcoder.jp/contests/abc304/tasks/abc304_d
座標圧縮,abc304_d,D - A Piece of Cake,1015,800-1199,https://atcoder.jp/contests/abc304/tasks/abc304_d
Union-Find,abc304_e,E - Good Graph,971,800-1199,https://atcoder.jp/contests/abc304/tasks/abc304_e
set,abc304_e,E - Good Graph,971,800-1199,https://atcoder.jp/contests/abc304/tasks/abc304_e
包除原理,abc304_f,F - Shift Table,1619,1600-1999,https://atcoder.jp/contests/abc304/tasks/abc304_f
二分探索,abc305_d,D - Sleep Log,671,400-799,https://atcoder.jp/contests/abc305/tasks/abc305_d
累積和,abc305_d,D - Sleep Log,671,400-799,https://atcoder.jp/contests/abc305/tasks/abc305_d
priority_queue,abc305_e,E - Art Gallery on Graph,1158,800-1199,https://atcoder.jp/contests/abc305/tasks/abc305_e
ダイクストラ法,abc305_e,E - Art Gallery on Graph,1158,800-1199,https://atcoder.jp/contests/abc305/tasks/abc305_e
深さ優先探索,abc305_f,F - Dungeon Explore,1420,1200-1599,https://atcoder.jp/contests/abc305/tasks/abc305_f
行列累乗,abc305_g,G - Banned Substrings,1989,1600-1999,https://atcoder.jp/contests/abc305/tasks/abc305_g
基礎DP,abc305_g,G - Banned Substrings,1989,1600-1999,https://atcoder.jp/contests/abc305/tasks/abc305_g
基礎DP,abc306_d,D - Poisonous Full-Course,596,400-799,https://atcoder.jp/contests/abc306/tasks/abc306_d
multiset,abc306_e,E - Best Performances,1268,1200-1599,https://atcoder.jp/contests/abc306/tasks/abc306_e
Binary-Indexed-Tree,abc306_f,F - Merge Sets,1557,1200-1599,https://atcoder.jp/contests/abc306/tasks/abc306_f
座標圧縮,abc306_f,F - Merge Sets,1557,1200-1599,https://atcoder.jp/contests/abc306/tasks/abc306_f
bit全探索,abc307_c,C - Ideal Sheet,1307,1200-1599,https://atcoder.jp/contests/abc307/tasks/abc307_c
シミュレーション,abc307_c,C - Ideal Sheet,1307,1200-1599,https://atcoder.jp/contests/abc307/tasks/abc307_c
stack,abc307_d,D - Mismatched Parentheses,666,400-799,https://atcoder.jp/contests/abc307/tasks/abc307_d
基礎DP,abc307_e,E - Distinct Adjacent,1240,1200-1599,https://atcoder.jp/contests/abc307/tasks/abc307_e
包除原理,abc307_e,E - Distinct Adjacent,1240,1200-1599,https://atcoder.jp/contests/abc307/tasks/abc307_e
連想配列,abc308_b,B - Default Price,52,0-399,https://atcoder.jp/contests/abc308/tasks/abc308_b
幅優先探索,abc308_d,D - Snuke Maze,619,400-799,https://atcoder.jp/contests/abc308/tasks/abc308_d
深さ優先探索,abc308_d,D - Snuke Maze,619,400-799,https://atcoder.jp/contests/abc308/tasks/abc308_d
累積和,abc308_e,E - MEX,1042,800-1199,https://atcoder.jp/contests/abc308/tasks/abc308_e
multiset,abc308_f,F - Vouchers,1284,1200-1599,https://atcoder.jp/contests/abc308/tasks/abc308_f
priority_queue,abc308_f,F - Vouchers,1284,1200-1599,https://atcoder.jp/contests/abc308/tasks/abc308_f
二分探索,abc309_c,C - Medicine,348,0-399,https://atcoder.jp/contests/abc309/tasks/abc309_c
幅優先探索,abc309_d,D - Add One Edge,621,400-799,https://atcoder.jp/contests/abc309/tasks/abc309_d
基礎DP,abc309_e,E - Family and Insurance,957,800-1199,https://atcoder.jp/contests/abc309/tasks/abc309_e
Segment-Tree,abc309_f,F - Box in Box,1619,1600-1999,https://atcoder.jp/contests/abc309/tasks/abc309_f
座標圧縮,abc309_f,F - Box in Box,1619,1600-1999,https://atcoder.jp/contests/abc309/tasks/abc309_f
set,abc310_c,C - Reversible,272,0-399,https://atcoder.jp/contests/abc310/tasks/abc310_c
深さ優先探索,abc310_d,D - Peaceful Teams,1368,1200-1599,https://atcoder.jp/contests/abc310/tasks/abc310_d
bitDP,abc310_f,F - Make 10 Again,1938,1600-1999,https://atcoder.jp/contests/abc310/tasks/abc310_f
確率DP,abc310_f,F - Make 10 Again,1938,1600-1999,https://atcoder.jp/contests/abc310/tasks/abc310_f
深さ優先探索,abc311_c,C - Find it!,448,400-799,https://atcoder.jp/contests/abc311/tasks/abc311_c
幅優先探索,abc311_d,D - Grid Ice Floor,885,800-1199,https://atcoder.jp/contests/abc311/tasks/abc311_d
深さ優先探索,abc311_d,D - Grid Ice Floor,885,800-1199,https://atcoder.jp/contests/abc311/tasks/abc311_d
基礎DP,abc311_e,E - Defect-free Squares,1293,1200-1599,https://atcoder.jp/contests/abc311/tasks/abc311_e
累積和,abc311_e,E - Defect-free Squares,1293,1200-1599,https://atcoder.jp/contests/abc311/tasks/abc311_e
基礎DP,abc311_f,F - Yet Another Grid Task,1984,1600-1999,https://atcoder.jp/contests/abc311/tasks/abc311_f
累積和,abc311_f,F - Yet Another Grid Task,1984,1600-1999,https://atcoder.jp/contests/abc311/tasks/abc311_f
シミュレーション,abc312_b,B - TaK Code,216,0-399,https://atcoder.jp/contests/abc312/tasks/abc312_b
二分探索,abc312_c,C - Invisible Hand,727,400-799,https://atcoder.jp/contests/abc312/tasks/abc312_c
基礎DP,abc312_d,D - Count Bracket Sequences,964,800-1199,https://atcoder.jp/contests/abc312/tasks/abc312_d
priority_queue,abc312_f,F - Cans and Openers,1534,1200-1599,https://atcoder.jp/contests/abc312/tasks/abc312_f
累積和,abc312_f,F - Cans and Openers,1534,1200-1599,https://atcoder.jp/contests/abc312/tasks/abc312_f
木DP,abc312_g,G - Avoid Straight Line,1819,1600-1999,https://atcoder.jp/contests/abc312/tasks/abc312_g
トポロジカルソート,abc313_b,B - Who is Saikyo?,213,0-399,https://atcoder.jp/contests/abc313/tasks/abc313_b
シミュレーション,abc313_e,E - Duplicate,1672,1600-1999,https://atcoder.jp/contests/abc313/tasks/abc313_e
期待値DP,abc314_e,E - Roulettes,1722,1600-1999,https://atcoder.jp/contests/abc314/tasks/abc314_e
Union-Find,abc314_f,F - A Certain Game,1736,1600-1999,https://atcoder.jp/contests/abc314/tasks/abc314_f
深さ優先探索,abc314_f,F - A Certain Game,1736,1600-1999,https://atcoder.jp/contests/abc314/tasks/abc314_f
累積和,abc314_f,F - A Certain Game,1736,1600-1999,https://atcoder.jp/contests/abc314/tasks/abc314_f
連想配列,abc315_c,C - Flavors,321,0-399,https://atcoder.jp/contests/abc315/tasks/abc315_c
シミュレーション,abc315_d,D - Magical Cookies,1531,1200-1599,https://atcoder.jp/contests/abc315/tasks/abc315_d
深さ優先探索,abc315_e,E - Prerequisites,921,800-1199,https://atcoder.jp/contests/abc315/tasks/abc315_e
基礎DP,abc315_f,F - Shortcuts,1674,1600-1999,https://atcoder.jp/contests/abc315/tasks/abc315_f
二分探索,abc317_a,A - Potions,14,0-399,https://atcoder.jp/contests/abc317/tasks/abc317_a
深さ優先探索,abc317_c,C - Remembering the Days,604,400-799,https://atcoder.jp/contests/abc317/tasks/abc317_c
基礎DP,abc317_d,D - President,929,800-1199,https://atcoder.jp/contests/abc317/tasks/abc317_d
幅優先探索,abc317_e,E - Avoid Eye Contact,1085,800-1199,https://atcoder.jp/contests/abc317/tasks/abc317_e
imos法,abc318_b,B - Overlapping sheets,101,0-399,https://atcoder.jp/contests/abc318/tasks/abc318_b
シミュレーション,abc318_b,B - Overlapping sheets,101,0-399,https://atcoder.jp/contests/abc318/tasks/abc318_b
累積和,abc318_c,C - Blue Spring,400,400-799,https://atcoder.jp/contests/abc318/tasks/abc318_c
bitDP,abc318_d,D - General Weighted Max Matching,1017,800-1199,https://atcoder.jp/contests/abc318/tasks/abc318_d
連想配列,abc319_a,A - Legendary Players,10,0-399,https://atcoder.jp/contests/abc319/tasks/abc319_a
二分探索,abc319_d,D - Minimum Width,631,400-799,https://atcoder.jp/contests/abc319/tasks/abc319_d
シミュレーション,abc320_c,C - Slot Strategy 2 (Easy),851,800-1199,https://atcoder.jp/contests/abc320/tasks/abc320_c
深さ優先探索,abc320_d,D - Relative Position,873,800-1199,https://atcoder.jp/contests/abc320/tasks/abc320_d
priority_queue,abc320_e,E - Somen Nagashi,1096,800-1199,https://atcoder.jp/contests/abc320/tasks/abc320_e
set,abc320_e,E - Somen Nagashi,1096,800-1199,https://atcoder.jp/contests/abc320/tasks/abc320_e
Segment-Tree,abc320_e,E - Somen Nagashi,1096,800-1199,https://atcoder.jp/contests/abc320/tasks/abc320_e
シミュレーション,abc321_b,B - Cutoff,220,0-399,https://atcoder.jp/contests/abc321/tasks/abc321_b
bit全探索,abc321_c,C - 321-like Searcher,591,400-799,https://atcoder.jp/contests/abc321/tasks/abc321_c
二分探索,abc321_d,D - Set Menu,806,800-1199,https://atcoder.jp/contests/abc321/tasks/abc321_d
累積和,abc321_d,D - Set Menu,806,800-1199,https://atcoder.jp/contests/abc321/tasks/abc321_d
最小共通祖先,abc321_e,E - Complete Binary Tree,1627,1600-1999,https://atcoder.jp/contests/abc321/tasks/abc321_e
基礎DP,abc321_f,F - #(subset sum = K) with Add and Erase,1645,1600-1999,https://atcoder.jp/contests/abc321/tasks/abc321_f
戻すDP,abc321_f,F - #(subset sum = K) with Add and Erase,1645,1600-1999,https://atcoder.jp/contests/abc321/tasks/abc321_f
二分探索,abc322_c,C - Festival,128,0-399,https://atcoder.jp/contests/abc322/tasks/abc322_c
bit全探索,abc322_d,D - Polyomino,1310,1200-1599,https://atcoder.jp/contests/abc322/tasks/abc322_d
シミュレーション,abc322_d,D - Polyomino,1310,1200-1599,https://atcoder.jp/contests/abc322/tasks/abc322_d
基礎DP,abc322_e,E - Product Development,1193,800-1199,https://atcoder.jp/contests/abc322/tasks/abc322_e
Lazy-Segment-Tree,abc322_f,F - Vacation Query,1806,1600-1999,https://atcoder.jp/contests/abc322/tasks/abc322_f
priority_queue,abc323_d,D - Merge Slimes,852,800-1199,https://atcoder.jp/contests/abc323/tasks/abc323_d
連想配列,abc323_d,D - Merge Slimes,852,800-1199,https://atcoder.jp/contests/abc323/tasks/abc323_d
基礎DP,abc323_e,E - Playlist,1279,1200-1599,https://atcoder.jp/contests/abc323/tasks/abc323_e
逆元,abc323_e,E - Playlist,1279,1200-1599,https://atcoder.jp/contests/abc323/tasks/abc323_e
累積和,abc324_e,E - Joint Two Strings,1153,800-1199,https://atcoder.jp/contests/abc324/tasks/abc324_e
二分探索,abc324_f,F - Beautiful Path,1815,1600-1999,https://atcoder.jp/contests/abc324/tasks/abc324_f
基礎DP,abc324_f,F - Beautiful Path,1815,1600-1999,https://atcoder.jp/contests/abc324/tasks/abc324_f
bit全探索,abc325_b,B - World Meeting,171,0-399,https://atcoder.jp/contests/abc325/tasks/abc325_b
深さ優先探索,abc325_c,C - Sensors,400,400-799,https://atcoder.jp/contests/abc325/tasks/abc325_c
幅優先探索,abc325_c,C - Sensors,400,400-799,https://atcoder.jp/contests/abc325/tasks/abc325_c
priority_queue,abc325_d,D - Printing Machine,1367,1200-1599,https://atcoder.jp/contests/abc325/tasks/abc325_d
二分探索,abc325_d,D - Printing Machine,1367,1200-1599,https://atcoder.jp/contests/abc325/tasks/abc325_d
座標圧縮,abc325_d,D - Printing Machine,1367,1200-1599,https://atcoder.jp/contests/abc325/tasks/abc325_d
ダイクストラ法,abc325_e,"E - Our clients, please wait a moment",1093,800-1199,https://atcoder.jp/contests/abc325/tasks/abc325_e
基礎DP,abc325_f,F - Sensor Optimization Dilemma,1769,1600-1999,https://atcoder.jp/contests/abc325/tasks/abc325_f
二分探索,abc326_c,C - Peak,292,0-399,https://atcoder.jp/contests/abc326/tasks/abc326_c
尺取り法,abc326_c,C - Peak,292,0-399,https://atcoder.jp/contests/abc326/tasks/abc326_c
深さ優先探索,abc326_d,D - ABC Puzzle,1371,1200-1599,https://atcoder.jp/contests/abc326/tasks/abc326_d
期待値DP,abc326_e,"E - Revenge of ""The Salary of AtCoder Inc.""",1363,1200-1599,https://atcoder.jp/contests/abc326/tasks/abc326_e
累積和,abc326_e,"E - Revenge of ""The Salary of AtCoder Inc.""",1363,1200-1599,https://atcoder.jp/contests/abc326/tasks/abc326_e
逆元,abc326_e,"E - Revenge of ""The Salary of AtCoder Inc.""",1363,1200-1599,https://atcoder.jp/contests/abc326/tasks/abc326_e
半分全列挙,abc326_f,F - Robot Rotation,1870,1600-1999,https://atcoder.jp/contests/abc326/tasks/abc326_f
連想配列,abc326_f,F - Robot Rotation,1870,1600-1999,https://atcoder.jp/contests/abc326/tasks/abc326_f
深さ優先探索,abc327_d,D - Good Tuple Problem,709,400-799,https://atcoder.jp/contests/abc327/tasks/abc327_d
幅優先探索,abc327_d,D - Good Tuple Problem,709,400-799,https://atcoder.jp/contests/abc327/tasks/abc327_d
基礎DP,abc327_e,E - Maximize Rating,1227,1200-1599,https://atcoder.jp/contests/abc327/tasks/abc327_e
Lazy-Segment-Tree,abc327_f,F - Apples,1624,1600-1999,https://atcoder.jp/contests/abc327/tasks/abc327_f
Segment-Tree,abc327_f,F - Apples,1624,1600-1999,https://atcoder.jp/contests/abc327/tasks/abc327_f
imos法,abc327_f,F - Apples,1624,1600-1999,https://atcoder.jp/contests/abc327/tasks/abc327_f
累積和,abc328_c,C - Consecutive,236,0-399,https://atcoder.jp/contests/abc328/tasks/abc328_c
stack,abc328_d,D - Take ABC,555,400-799,https://atcoder.jp/contests/abc328/tasks/abc328_d
Union-Find,abc328_e,E - Modulo MST,1160,800-1199,https://atcoder.jp/contests/abc328/tasks/abc328_e
bit全探索,abc328_e,E - Modulo MST,1160,800-1199,https://atcoder.jp/contests/abc328/tasks/abc328_e
Union-Find,abc328_f,F - Good Set Query,1477,1200-1599,https://atcoder.jp/contests/abc328/tasks/abc328_f
尺取り法,abc329_c,C - Count xxx,205,0-399,https://atcoder.jp/contests/abc329/tasks/abc329_c
基礎DP,abc329_e,E - Stamp,1539,1200-1599,https://atcoder.jp/contests/abc329/tasks/abc329_e
幅優先探索,abc329_e,E - Stamp,1539,1200-1599,https://atcoder.jp/contests/abc329/tasks/abc329_e
set,abc329_f,F - Colored Ball,1207,1200-1599,https://atcoder.jp/contests/abc329/tasks/abc329_f
連想配列,abc329_f,F - Colored Ball,1207,1200-1599,https://atcoder.jp/contests/abc329/tasks/abc329_f
二分探索,abc330_c,C - Minimize Abs 2,519,400-799,https://atcoder.jp/contests/abc330/tasks/abc330_c
累積和,abc330_d,D - Counting Ls,569,400-799,https://atcoder.jp/contests/abc330/tasks/abc330_d
set,abc330_e,E - Mex and Update,1004,800-1199,https://atcoder.jp/contests/abc330/tasks/abc330_e
二分探索,abc330_f,F - Minimize Bounding  Square,1718,1600-1999,https://atcoder.jp/contests/abc330/tasks/abc330_f
累積和,abc331_c,C - Sum of Numbers Greater Than Me,288,0-399,https://atcoder.jp/contests/abc331/tasks/abc331_c
累積和,abc331_d,D - Tile Pattern,1361,1200-1599,https://atcoder.jp/contests/abc331/tasks/abc331_d
priority_queue,abc331_e,E - Set Meal,1018,800-1199,https://atcoder.jp/contests/abc331/tasks/abc331_e
連想配列,abc331_e,E - Set Meal,1018,800-1199,https://atcoder.jp/contests/abc331/tasks/abc331_e
Segment-Tree,abc331_f,F - Palindrome Query,1666,1600-1999,https://atcoder.jp/contests/abc331/tasks/abc331_f
ローリングハッシュ,abc331_f,F - Palindrome Query,1666,1600-1999,https://atcoder.jp/contests/abc331/tasks/abc331_f
シミュレーション,abc332_b,B - Glass and Mug,76,0-399,https://atcoder.jp/contests/abc332/tasks/abc332_b
シミュレーション,abc332_c,C - T-shirts,161,0-399,https://atcoder.jp/contests/abc332/tasks/abc332_c
幅優先探索,abc332_d,D - Swapping Puzzle,1175,800-1199,https://atcoder.jp/contests/abc332/tasks/abc332_d
bitDP,abc332_e,E - Lucky bag,1883,1600-1999,https://atcoder.jp/contests/abc332/tasks/abc332_e
Lazy-Segment-Tree,abc332_f,F - Random Update Query,1786,1600-1999,https://atcoder.jp/contests/abc332/tasks/abc332_f
深さ優先探索,abc333_d,D - Erase Leaves,704,400-799,https://atcoder.jp/contests/abc333/tasks/abc333_d
幅優先探索,abc333_d,D - Erase Leaves,704,400-799,https://atcoder.jp/contests/abc333/tasks/abc333_d
Union-Find,abc333_d,D - Erase Leaves,704,400-799,https://atcoder.jp/contests/abc333/tasks/abc333_d
imos法,abc333_e,E - Takahashi Quest,948,800-1199,https://atcoder.jp/contests/abc333/tasks/abc333_e
基礎DP,abc333_f,F - Bomb Game 2,1770,1600-1999,https://atcoder.jp/contests/abc333/tasks/abc333_f
二項係数,abc333_f,F - Bomb Game 2,1770,1600-1999,https://atcoder.jp/contests/abc333/tasks/abc333_f
逆元,abc333_f,F - Bomb Game 2,1770,1600-1999,https://atcoder.jp/contests/abc333/tasks/abc333_f
累積和,abc334_c,C - Socks 2,1030,800-1199,https://atcoder.jp/contests/abc334/tasks/abc334_c
二分探索,abc334_d,D - Reindeer and Sleigh,602,400-799,https://atcoder.jp/contests/abc334/tasks/abc334_d
累積和,abc334_d,D - Reindeer and Sleigh,602,400-799,https://atcoder.jp/contests/abc334/tasks/abc334_d
Union-Find,abc334_e,E - Christmas Color Grid 1,1195,800-1199,https://atcoder.jp/contests/abc334/tasks/abc334_e
幅優先探索,abc334_e,E - Christmas Color Grid 1,1195,800-1199,https://atcoder.jp/contests/abc334/tasks/abc334_e
深さ優先探索,abc334_e,E - Christmas Color Grid 1,1195,800-1199,https://atcoder.jp/contests/abc334/tasks/abc334_e
逆元,abc334_e,E - Christmas Color Grid 1,1195,800-1199,https://atcoder.jp/contests/abc334/tasks/abc334_e
基礎DP,abc334_f,F - Christmas Present 2,1813,1600-1999,https://atcoder.jp/contests/abc334/tasks/abc334_f
Segment-Tree,abc334_f,F - Christmas Present 2,1813,1600-1999,https://atcoder.jp/contests/abc334/tasks/abc334_f
Union-Find,abc335_e,E - Non-Decreasing Colorful Path,1540,1200-1599,https://atcoder.jp/contests/abc335/tasks/abc335_e
priority_queue,abc335_e,E - Non-Decreasing Colorful Path,1540,1200-1599,https://atcoder.jp/contests/abc335/tasks/abc335_e
ダイクストラ法,abc335_e,E - Non-Decreasing Colorful Path,1540,1200-1599,https://atcoder.jp/contests/abc335/tasks/abc335_e
基礎DP,abc335_f,F - Hop Sugoroku,1690,1600-1999,https://atcoder.jp/contests/abc335/tasks/abc335_f
平方分割,abc335_f,F - Hop Sugoroku,1690,1600-1999,https://atcoder.jp/contests/abc335/tasks/abc335_f
桁DP,abc336_e,E - Digit Sum Divisible,1538,1200-1599,https://atcoder.jp/contests/abc336/tasks/abc336_e
累積和,abc337_d,D - Cheating Gomoku Narabe,760,400-799,https://atcoder.jp/contests/abc337/tasks/abc337_d
シミュレーション,abc338_c,C - Leftover Recipes,513,400-799,https://atcoder.jp/contests/abc338/tasks/abc338_c
imos法,abc338_d,D - Island Tour,1234,1200-1599,https://atcoder.jp/contests/abc338/tasks/abc338_d
stack,abc338_e,E - Chords,1220,1200-1599,https://atcoder.jp/contests/abc338/tasks/abc338_e
ワーシャルフロイド法,abc338_f,F - Negative Traveling Salesman,1835,1600-1999,https://atcoder.jp/contests/abc338/tasks/abc338_f
bitDP,abc338_f,F - Negative Traveling Salesman,1835,1600-1999,https://atcoder.jp/contests/abc338/tasks/abc338_f
累積和,abc339_c,C - Perfect Bus,174,0-399,https://atcoder.jp/contests/abc339/tasks/abc339_c
幅優先探索,abc339_d,D - Synchronized Players,1276,1200-1599,https://atcoder.jp/contests/abc339/tasks/abc339_d
Segment-Tree,abc339_e,E - Smooth Subsequence,1109,800-1199,https://atcoder.jp/contests/abc339/tasks/abc339_e
基礎DP,abc339_e,E - Smooth Subsequence,1109,800-1199,https://atcoder.jp/contests/abc339/tasks/abc339_e
乱択アルゴリズム,abc339_f,F - Product Equality,1716,1600-1999,https://atcoder.jp/contests/abc339/tasks/abc339_f
連想配列,abc339_f,F - Product Equality,1716,1600-1999,https://atcoder.jp/contests/abc339/tasks/abc339_f
Segment-Tree,abc339_g,G - Smaller Sum,1792,1600-1999,https://atcoder.jp/contests/abc339/tasks/abc339_g
WaveletMatrix,abc339_g,G - Smaller Sum,1792,1600-1999,https://atcoder.jp/contests/abc339/tasks/abc339_g
二分探索,abc339_g,G - Smaller Sum,1792,1600-1999,https://atcoder.jp/contests/abc339/tasks/abc339_g
座標圧縮,abc339_g,G - Smaller Sum,1792,1600-1999,https://atcoder.jp/contests/abc339/tasks/abc339_g
連想配列,abc340_c,C - Divide and Divide,528,400-799,https://atcoder.jp/contests/abc340/tasks/abc340_c
基礎DP,abc340_c,C - Divide and Divide,528,400-799,https://atcoder.jp/contests/abc340/tasks/abc340_c
ダイクストラ法,abc340_d,D - Super Takahashi Bros.,784,400-799,https://atcoder.jp/contests/abc340/tasks/abc340_d
Lazy-Segment-Tree,abc340_e,E - Mancala 2,1157,800-1199,https://atcoder.jp/contests/abc340/tasks/abc340_e
Binary-Indexed-Tree,abc340_e,E - Mancala 2,1157,800-1199,https://atcoder.jp/contests/abc340/tasks/abc340_e
gcd,abc340_f,F - S = 1,1516,1200-1599,https://atcoder.jp/contests/abc340/tasks/abc340_f
シミュレーション,abc341_c,C - Takahashi Gets Lost,406,400-799,https://atcoder.jp/contests/abc341/tasks/abc341_c
二分探索,abc341_d,D - Only one of two,829,800-1199,https://atcoder.jp/contests/abc341/tasks/abc341_d
gcd,abc341_d,D - Only one of two,829,800-1199,https://atcoder.jp/contests/abc341/tasks/abc341_d
Segment-Tree,abc341_e,E - Alternating String,1223,1200-1599,https://atcoder.jp/contests/abc341/tasks/abc341_e
set,abc341_e,E - Alternating String,1223,1200-1599,https://atcoder.jp/contests/abc341/tasks/abc341_e
基礎DP,abc341_f,F - Breakdown,1604,1600-1999,https://atcoder.jp/contests/abc341/tasks/abc341_f
連想配列,abc342_d,D - Square Pair,944,800-1199,https://atcoder.jp/contests/abc342/tasks/abc342_d
priority_queue,abc342_e,E - Last Train,1476,1200-1599,https://atcoder.jp/contests/abc342/tasks/abc342_e
ダイクストラ法,abc342_e,E - Last Train,1476,1200-1599,https://atcoder.jp/contests/abc342/tasks/abc342_e
連想配列,abc343_d,D - Diversity of Scores,422,400-799,https://atcoder.jp/contests/abc343/tasks/abc343_d
包除原理,abc343_e,E - 7x7x7,1802,1600-1999,https://atcoder.jp/contests/abc343/tasks/abc343_e
シミュレーション,abc343_e,E - 7x7x7,1802,1600-1999,https://atcoder.jp/contests/abc343/tasks/abc343_e
Segment-Tree,abc343_f,F - Second Largest Query,1370,1200-1599,https://atcoder.jp/contests/abc343/tasks/abc343_f
set,abc344_c,C - A+B+C,204,0-399,https://atcoder.jp/contests/abc344/tasks/abc344_c
基礎DP,abc344_d,D - String Bags,854,800-1199,https://atcoder.jp/contests/abc344/tasks/abc344_d
連想配列,abc344_e,E - Insert or Erase,973,800-1199,https://atcoder.jp/contests/abc344/tasks/abc344_e
基礎DP,abc344_f,F - Earn to Advance,1922,1600-1999,https://atcoder.jp/contests/abc344/tasks/abc344_f
深さ優先探索,abc345_d,D - Tiling,1419,1200-1599,https://atcoder.jp/contests/abc345/tasks/abc345_d
bit全探索,abc345_d,D - Tiling,1419,1200-1599,https://atcoder.jp/contests/abc345/tasks/abc345_d
set,abc346_c,C - Σ,179,0-399,https://atcoder.jp/contests/abc346/tasks/abc346_c
基礎DP,abc346_d,D - Gomamayo Sequence,845,800-1199,https://atcoder.jp/contests/abc346/tasks/abc346_d
累積和,abc346_d,D - Gomamayo Sequence,845,800-1199,https://atcoder.jp/contests/abc346/tasks/abc346_d
連想配列,abc346_e,E - Paint,1053,800-1199,https://atcoder.jp/contests/abc346/tasks/abc346_e
二分探索,abc346_f,F - SSttrriinngg in StringString,1840,1600-1999,https://atcoder.jp/contests/abc346/tasks/abc346_f
set,abc347_b,B - Substring,81,0-399,https://atcoder.jp/contests/abc347/tasks/abc347_b
累積和,abc347_e,E - Set Add Query,1166,800-1199,https://atcoder.jp/contests/abc347/tasks/abc347_e
連想配列,abc348_c,C - Colorful Beans,156,0-399,https://atcoder.jp/contests/abc348/tasks/abc348_c
幅優先探索,abc348_d,D - Medicines on Grid,1108,800-1199,https://atcoder.jp/contests/abc348/tasks/abc348_d
全方位木DP,abc348_e,E - Minimize Sum of Distances,1347,1200-1599,https://atcoder.jp/contests/abc348/tasks/abc348_e
Segment-Tree,abc349_d,D - Divide Interval,832,800-1199,https://atcoder.jp/contests/abc349/tasks/abc349_d
深さ優先探索,abc349_e,E - Weighted Tic-Tac-Toe,1464,1200-1599,https://atcoder.jp/contests/abc349/tasks/abc349_e
ミニマックス法,abc349_e,E - Weighted Tic-Tac-Toe,1464,1200-1599,https://atcoder.jp/contests/abc349/tasks/abc349_e
Union-Find,abc350_d,D - New Friends,773,400-799,https://atcoder.jp/contests/abc350/tasks/abc350_d
幅優先探索,abc350_d,D - New Friends,773,400-799,https://atcoder.jp/contests/abc350/tasks/abc350_d
深さ優先探索,abc350_d,D - New Friends,773,400-799,https://atcoder.jp/contests/abc350/tasks/abc350_d
期待値DP,abc350_e,E - Toward 0,1385,1200-1599,https://atcoder.jp/contests/abc350/tasks/abc350_e
連想配列,abc350_e,E - Toward 0,1385,1200-1599,https://atcoder.jp/contests/abc350/tasks/abc350_e
深さ優先探索,abc350_f,F - Transpose,1601,1600-1999,https://atcoder.jp/contests/abc350/tasks/abc350_f
stack,abc351_c,C - Merge the balls,228,0-399,https://atcoder.jp/contests/abc351/tasks/abc351_c
Union-Find,abc351_d,D - Grid and Magnet,974,800-1199,https://atcoder.jp/contests/abc351/tasks/abc351_d
深さ優先探索,abc351_d,D - Grid and Magnet,974,800-1199,https://atcoder.jp/contests/abc351/tasks/abc351_d
幅優先探索,abc351_d,D - Grid and Magnet,974,800-1199,https://atcoder.jp/contests/abc351/tasks/abc351_d
Binary-Indexed-Tree,abc351_f,F - Double Sum,1253,1200-1599,https://atcoder.jp/contests/abc351/tasks/abc351_f
座標圧縮,abc351_f,F - Double Sum,1253,1200-1599,https://atcoder.jp/contests/abc351/tasks/abc351_f
set,abc352_d,D - Permutation Subsequence,714,400-799,https://atcoder.jp/contests/abc352/tasks/abc352_d
sliding-window,abc352_d,D - Permutation Subsequence,714,400-799,https://atcoder.jp/contests/abc352/tasks/abc352_d
Union-Find,abc352_e,E - Clique Connect,1030,800-1199,https://atcoder.jp/contests/abc352/tasks/abc352_e
最小全域木,abc352_e,E - Clique Connect,1030,800-1199,https://atcoder.jp/contests/abc352/tasks/abc352_e
シミュレーション,abc353_b,B - AtCoder Amusement Park,51,0-399,https://atcoder.jp/contests/abc353/tasks/abc353_b
尺取り法,abc353_c,C - Sigma Problem,795,400-799,https://atcoder.jp/contests/abc353/tasks/abc353_c
累積和,abc353_c,C - Sigma Problem,795,400-799,https://atcoder.jp/contests/abc353/tasks/abc353_c
累積和,abc353_d,D - Another Sigma Problem,844,800-1199,https://atcoder.jp/contests/abc353/tasks/abc353_d
Trie,abc353_e,E - Yet Another Sigma Problem,1217,1200-1599,https://atcoder.jp/contests/abc353/tasks/abc353_e
Union-Find,abc353_e,E - Yet Another Sigma Problem,1217,1200-1599,https://atcoder.jp/contests/abc353/tasks/abc353_e
stack,abc353_e,E - Yet Another Sigma Problem,1217,1200-1599,https://atcoder.jp/contests/abc353/tasks/abc353_e
Segment-Tree,abc353_g,G - Merchant Takahashi,1765,1600-1999,https://atcoder.jp/contests/abc353/tasks/abc353_g
set,abc353_g,G - Merchant Takahashi,1765,1600-1999,https://atcoder.jp/contests/abc353/tasks/abc353_g
基礎DP,abc353_g,G - Merchant Takahashi,1765,1600-1999,https://atcoder.jp/contests/abc353/tasks/abc353_g
シミュレーション,abc354_a,A - Exponential Plant,21,0-399,https://atcoder.jp/contests/abc354/tasks/abc354_a
座標圧縮,abc354_c,C - AtCoder Magics,441,400-799,https://atcoder.jp/contests/abc354/tasks/abc354_c
累積和,abc354_d,D - AtCoder Wallpaper,1259,1200-1599,https://atcoder.jp/contests/abc354/tasks/abc354_d
bitDP,abc354_e,E - Remove Pairs,1223,1200-1599,https://atcoder.jp/contests/abc354/tasks/abc354_e
LIS,abc354_f,F - Useless for LIS,1639,1600-1999,https://atcoder.jp/contests/abc354/tasks/abc354_f
二分探索,abc354_f,F - Useless for LIS,1639,1600-1999,https://atcoder.jp/contests/abc354/tasks/abc354_f
尺取り法,abc355_d,D - Intersecting Intervals,735,400-799,https://atcoder.jp/contests/abc355/tasks/abc355_d
二分探索,abc355_d,D - Intersecting Intervals,735,400-799,https://atcoder.jp/contests/abc355/tasks/abc355_d
Union-Find,abc355_f,F - MST Query,1924,1600-1999,https://atcoder.jp/contests/abc355/tasks/abc355_f
bit全探索,abc356_c,C - Keys,568,400-799,https://atcoder.jp/contests/abc356/tasks/abc356_c
累積和,abc356_e,E - Max/Min,1506,1200-1599,https://atcoder.jp/contests/abc356/tasks/abc356_e
シミュレーション,abc357_a,A - Sanitize Hands,19,0-399,https://atcoder.jp/contests/abc357/tasks/abc357_a
逆元,abc357_d,D - 88888888,970,800-1199,https://atcoder.jp/contests/abc357/tasks/abc357_d
深さ優先探索,abc357_e,E - Reachability in Functional Graph,1295,1200-1599,https://atcoder.jp/contests/abc357/tasks/abc357_e
強連結成分分解,abc357_e,E - Reachability in Functional Graph,1295,1200-1599,https://atcoder.jp/contests/abc357/tasks/abc357_e
Lazy-Segment-Tree,abc357_f,F - Two Sequence Queries,1793,1600-1999,https://atcoder.jp/contests/abc357/tasks/abc357_f
bit全探索,abc358_c,C - Popcorn,273,0-399,https://atcoder.jp/contests/abc358/tasks/abc358_c
multiset,abc358_d,D - Souvenirs,393,0-399,https://atcoder.jp/contests/abc358/tasks/abc358_d
尺取り法,abc358_d,D - Souvenirs,393,0-399,https://atcoder.jp/contests/abc358/tasks/abc358_d
基礎DP,abc358_e,E - Alphabet Tiles,1397,1200-1599,https://atcoder.jp/contests/abc358/tasks/abc358_e
二項係数,abc358_e,E - Alphabet Tiles,1397,1200-1599,https://atcoder.jp/contests/abc358/tasks/abc358_e
基礎DP,abc358_g,G - AtCoder Tour,1737,1600-1999,https://atcoder.jp/contests/abc358/tasks/abc358_g
ダイクストラ法,abc358_g,G - AtCoder Tour,1737,1600-1999,https://atcoder.jp/contests/abc358/tasks/abc358_g
基礎DP,abc359_d,D - Avoid K Palindrome,1381,1200-1599,https://atcoder.jp/contests/abc359/tasks/abc359_d
stack,abc359_e,E - Water Tank,1275,1200-1599,https://atcoder.jp/contests/abc359/tasks/abc359_e
priority_queue,abc359_f,F - Tree Degree Optimization,1792,1600-1999,https://atcoder.jp/contests/abc359/tasks/abc359_f
シミュレーション,abc360_b,B - Vertical Reading,78,0-399,https://atcoder.jp/contests/abc360/tasks/abc360_b
二分探索,abc360_d,D - Ghost Ants,159,0-399,https://atcoder.jp/contests/abc360/tasks/abc360_d
尺取り法,abc360_d,D - Ghost Ants,159,0-399,https://atcoder.jp/contests/abc360/tasks/abc360_d
期待値DP,abc360_e,E - Random Swaps of Balls,1249,1200-1599,https://atcoder.jp/contests/abc360/tasks/abc360_e
基礎DP,abc360_e,E - Random Swaps of Balls,1249,1200-1599,https://atcoder.jp/contests/abc360/tasks/abc360_e
LIS,abc360_g,G - Suitable Edit for LIS,1982,1600-1999,https://atcoder.jp/contests/abc360/tasks/abc360_g
基礎DP,abc360_g,G - Suitable Edit for LIS,1982,1600-1999,https://atcoder.jp/contests/abc360/tasks/abc360_g
幅優先探索,abc361_d,D - Go Stone Puzzle,1202,1200-1599,https://atcoder.jp/contests/abc361/tasks/abc361_d
連想配列,abc361_d,D - Go Stone Puzzle,1202,1200-1599,https://atcoder.jp/contests/abc361/tasks/abc361_d
深さ優先探索,abc361_e,E - Tree and Hamilton Path 2,1213,1200-1599,https://atcoder.jp/contests/abc361/tasks/abc361_e
包除原理,abc361_f,F - x = a^b,1606,1600-1999,https://atcoder.jp/contests/abc361/tasks/abc361_f
二分探索,abc361_f,F - x = a^b,1606,1600-1999,https://atcoder.jp/contests/abc361/tasks/abc361_f
ダイクストラ法,abc362_d,D - Shortest Path 3,634,400-799,https://atcoder.jp/contests/abc362/tasks/abc362_d
基礎DP,abc362_e,E - Count Arithmetic Subsequences,1225,1200-1599,https://atcoder.jp/contests/abc362/tasks/abc362_e
連想配列,abc362_e,E - Count Arithmetic Subsequences,1225,1200-1599,https://atcoder.jp/contests/abc362/tasks/abc362_e
座標圧縮,abc362_e,E - Count Arithmetic Subsequences,1225,1200-1599,https://atcoder.jp/contests/abc362/tasks/abc362_e
Suffix-Array,abc362_g,G - Count Substring Query,1625,1600-1999,https://atcoder.jp/contests/abc362/tasks/abc362_g
二分探索,abc362_g,G - Count Substring Query,1625,1600-1999,https://atcoder.jp/contests/abc362/tasks/abc362_g
シミュレーション,abc363_c,C - Avoid K Palindrome 2,602,400-799,https://atcoder.jp/contests/abc363/tasks/abc363_c
二分探索,abc363_d,D - Palindromic Number,975,800-1199,https://atcoder.jp/contests/abc363/tasks/abc363_d
priority_queue,abc363_e,E - Sinking Land,1307,1200-1599,https://atcoder.jp/contests/abc363/tasks/abc363_e
ダイクストラ法,abc363_e,E - Sinking Land,1307,1200-1599,https://atcoder.jp/contests/abc363/tasks/abc363_e
連想配列,abc363_f,F - Palindromic Expression,1913,1600-1999,https://atcoder.jp/contests/abc363/tasks/abc363_f
深さ優先探索,abc363_f,F - Palindromic Expression,1913,1600-1999,https://atcoder.jp/contests/abc363/tasks/abc363_f
シミュレーション,abc364_b,B - Grid Walk,79,0-399,https://atcoder.jp/contests/abc364/tasks/abc364_b
二分探索,abc364_d,D - K-th Nearest,1136,800-1199,https://atcoder.jp/contests/abc364/tasks/abc364_d
基礎DP,abc364_e,E - Maximum Glutton,1496,1200-1599,https://atcoder.jp/contests/abc364/tasks/abc364_e
Union-Find,abc364_f,F - Range Connect MST,1878,1600-1999,https://atcoder.jp/contests/abc364/tasks/abc364_f
set,abc364_f,F - Range Connect MST,1878,1600-1999,https://atcoder.jp/contests/abc364/tasks/abc364_f
Lazy-Segment-Tree,abc364_f,F - Range Connect MST,1878,1600-1999,https://atcoder.jp/contests/abc364/tasks/abc364_f
二分探索,abc365_c,C - Transportation Expenses,269,0-399,https://atcoder.jp/contests/abc365/tasks/abc365_c
基礎DP,abc365_d,D - AtCoder Janken 3,730,400-799,https://atcoder.jp/contests/abc365/tasks/abc365_d
累積和,abc365_e,E - Xor Sigma Problem,1102,800-1199,https://atcoder.jp/contests/abc365/tasks/abc365_e
連想配列,abc366_c,C - Balls and Bag Query,180,0-399,https://atcoder.jp/contests/abc366/tasks/abc366_c
累積和,abc366_d,D - Cuboid Sum Query,586,400-799,https://atcoder.jp/contests/abc366/tasks/abc366_d
尺取り法,abc366_e,E - Manhattan Multifocal Ellipse,1515,1200-1599,https://atcoder.jp/contests/abc366/tasks/abc366_e
基礎DP,abc366_f,F - Maximum Composition,1819,1600-1999,https://atcoder.jp/contests/abc366/tasks/abc366_f
深さ優先探索,abc367_c,C - Enumerate Sequences,234,0-399,https://atcoder.jp/contests/abc367/tasks/abc367_c
累積和,abc367_d,D - Pedometer,1037,800-1199,https://atcoder.jp/contests/abc367/tasks/abc367_d
ダブリング,abc367_e,E - Permute K times,1370,1200-1599,https://atcoder.jp/contests/abc367/tasks/abc367_e
累積和,abc367_f,F - Rearrange Query,1540,1200-1599,https://atcoder.jp/contests/abc367/tasks/abc367_f
シミュレーション,abc368_b,B - Decrease 2 max elements,56,0-399,https://atcoder.jp/contests/abc368/tasks/abc368_b
シミュレーション,abc368_c,C - Triple Attack,368,0-399,https://atcoder.jp/contests/abc368/tasks/abc368_c
木DP,abc368_d,D - Minimum Steiner Tree,816,800-1199,https://atcoder.jp/contests/abc368/tasks/abc368_d
深さ優先探索,abc368_d,D - Minimum Steiner Tree,816,800-1199,https://atcoder.jp/contests/abc368/tasks/abc368_d
Nim,abc368_f,F - Dividing Game,1180,800-1199,https://atcoder.jp/contests/abc368/tasks/abc368_f
Grundy数,abc368_f,F - Dividing Game,1180,800-1199,https://atcoder.jp/contests/abc368/tasks/abc368_f
Segment-Tree,abc368_g,G - Add and Multiply Queries,1841,1600-1999,https://atcoder.jp/contests/abc368/tasks/abc368_g
基礎DP,abc369_d,D - Bonus EXP,621,400-799,https://atcoder.jp/contests/abc369/tasks/abc369_d
ワーシャルフロイド法,abc369_e,E - Sightseeing Tour,1301,1200-1599,https://atcoder.jp/contests/abc369/tasks/abc369_e
LIS,abc369_f,F - Gather Coins,1618,1600-1999,https://atcoder.jp/contests/abc369/tasks/abc369_f
Segment-Tree,abc369_f,F - Gather Coins,1618,1600-1999,https://atcoder.jp/contests/abc369/tasks/abc369_f
座標圧縮,abc369_f,F - Gather Coins,1618,1600-1999,https://atcoder.jp/contests/abc369/tasks/abc369_f
シミュレーション,abc370_b,B - Binary Alchemy,84,0-399,https://atcoder.jp/contests/abc370/tasks/abc370_b
set,abc370_d,D - Cross Explosion,1088,800-1199,https://atcoder.jp/contests/abc370/tasks/abc370_d
二分探索,abc370_d,D - Cross Explosion,1088,800-1199,https://atcoder.jp/contests/abc370/tasks/abc370_d
基礎DP,abc370_e,E - Avoid K Partition,1453,1200-1599,https://atcoder.jp/contests/abc370/tasks/abc370_e
連想配列,abc370_e,E - Avoid K Partition,1453,1200-1599,https://atcoder.jp/contests/abc370/tasks/abc370_e
累積和,abc370_e,E - Avoid K Partition,1453,1200-1599,https://atcoder.jp/contests/abc370/tasks/abc370_e
二分探索,abc371_d,D - 1D Country,408,400-799,https://atcoder.jp/contests/abc371/tasks/abc371_d
累積和,abc371_d,D - 1D Country,408,400-799,https://atcoder.jp/contests/abc371/tasks/abc371_d
stack,abc372_d,D - Buildings,901,800-1199,https://atcoder.jp/contests/abc372/tasks/abc372_d
Union-Find,abc372_e,E - K-th Largest Connected Components,1042,800-1199,https://atcoder.jp/contests/abc372/tasks/abc372_e
インラインDP,abc372_f,F - Teleporting Takahashi 2,1722,1600-1999,https://atcoder.jp/contests/abc372/tasks/abc372_f
基礎DP,abc372_f,F - Teleporting Takahashi 2,1722,1600-1999,https://atcoder.jp/contests/abc372/tasks/abc372_f
深さ優先探索,abc373_d,D - Hidden Weights,765,400-799,https://atcoder.jp/contests/abc373/tasks/abc373_d
幅優先探索,abc373_d,D - Hidden Weights,765,400-799,https://atcoder.jp/contests/abc373/tasks/abc373_d
二分探索,abc373_e,E - How to Win the Election,1592,1200-1599,https://atcoder.jp/contests/abc373/tasks/abc373_e
累積和,abc373_e,E - How to Win the Election,1592,1200-1599,https://atcoder.jp/contests/abc373/tasks/abc373_e
bit全探索,abc374_c,C - Separated Lunch,226,0-399,https://atcoder.jp/contests/abc374/tasks/abc374_c
bitDP,abc374_d,D - Laser Marking,694,400-799,https://atcoder.jp/contests/abc374/tasks/abc374_d
二分探索,abc374_e,E - Sensor Optimization Dilemma 2,1504,1200-1599,https://atcoder.jp/contests/abc374/tasks/abc374_e
累積和,abc375_d,D - ABA,658,400-799,https://atcoder.jp/contests/abc375/tasks/abc375_d
基礎DP,abc375_e,E - 3 Team Division,1424,1200-1599,https://atcoder.jp/contests/abc375/tasks/abc375_e
ワーシャルフロイド法,abc375_f,F - Road Blocked,1546,1200-1599,https://atcoder.jp/contests/abc375/tasks/abc375_f
二分探索,abc376_c,C - Prepare Another Box,366,0-399,https://atcoder.jp/contests/abc376/tasks/abc376_c
幅優先探索,abc376_d,D - Cycle,743,400-799,https://atcoder.jp/contests/abc376/tasks/abc376_d
priority_queue,abc376_e,E - Max × Sum,1063,800-1199,https://atcoder.jp/contests/abc376/tasks/abc376_e
連想配列,abc377_c,C - Avoid Knight Attack,274,0-399,https://atcoder.jp/contests/abc377/tasks/abc377_c
尺取り法,abc377_d,D - Many Segments 2,987,800-1199,https://atcoder.jp/contests/abc377/tasks/abc377_d
ダブリング,abc377_e,E - Permute K times 2,1685,1600-1999,https://atcoder.jp/contests/abc377/tasks/abc377_e
Trie,abc377_g,G - Edit to Match,1782,1600-1999,https://atcoder.jp/contests/abc377/tasks/abc377_g
連想配列,abc378_c,C - Repeating,191,0-399,https://atcoder.jp/contests/abc378/tasks/abc378_c
深さ優先探索,abc378_d,D - Count Simple Paths,587,400-799,https://atcoder.jp/contests/abc378/tasks/abc378_d
Binary-Indexed-Tree,abc378_e,E - Mod Sigma Problem,1406,1200-1599,https://atcoder.jp/contests/abc378/tasks/abc378_e
累積和,abc378_e,E - Mod Sigma Problem,1406,1200-1599,https://atcoder.jp/contests/abc378/tasks/abc378_e
木DP,abc378_f,F - Add One Edge 2,1436,1200-1599,https://atcoder.jp/contests/abc378/tasks/abc378_f
累積和,abc379_c,C - Sowing Stones,951,800-1199,https://atcoder.jp/contests/abc379/tasks/abc379_c
queue,abc379_d,D - Home Garden,745,400-799,https://atcoder.jp/contests/abc379/tasks/abc379_d
累積和,abc379_d,D - Home Garden,745,400-799,https://atcoder.jp/contests/abc379/tasks/abc379_d
累積和,abc379_e,E - Sum of All Substrings,1246,1200-1599,https://atcoder.jp/contests/abc379/tasks/abc379_e
Segment-Tree,abc379_f,F - Buildings 2,1659,1600-1999,https://atcoder.jp/contests/abc379/tasks/abc379_f
stack,abc379_f,F - Buildings 2,1659,1600-1999,https://atcoder.jp/contests/abc379/tasks/abc379_f
二分探索,abc379_f,F - Buildings 2,1659,1600-1999,https://atcoder.jp/contests/abc379/tasks/abc379_f
分割統治,abc380_d,D - Strange Mirroring,849,800-1199,https://atcoder.jp/contests/abc380/tasks/abc380_d
Union-Find,abc380_e,E - 1D Bucket Tool,1230,1200-1599,https://atcoder.jp/contests/abc380/tasks/abc380_e
set,abc380_e,E - 1D Bucket Tool,1230,1200-1599,https://atcoder.jp/contests/abc380/tasks/abc380_e
深さ優先探索,abc380_f,F - Exchange Game,1769,1600-1999,https://atcoder.jp/contests/abc380/tasks/abc380_f
Segment-Tree,abc380_g,G - Another Shuffle Window,1995,1600-1999,https://atcoder.jp/contests/abc380/tasks/abc380_g
Binary-Indexed-Tree,abc380_g,G - Another Shuffle Window,1995,1600-1999,https://atcoder.jp/contests/abc380/tasks/abc380_g
期待値DP,abc380_g,G - Another Shuffle Window,1995,1600-1999,https://atcoder.jp/contests/abc380/tasks/abc380_g
尺取り法,abc381_d,D - 1122 Substring,921,800-1199,https://atcoder.jp/contests/abc381/tasks/abc381_d
二分探索,abc381_e,E - 11/22 Subsequence,1396,1200-1599,https://atcoder.jp/contests/abc381/tasks/abc381_e
累積和,abc381_e,E - 11/22 Subsequence,1396,1200-1599,https://atcoder.jp/contests/abc381/tasks/abc381_e
bitDP,abc381_f,F - 1122 Subsequence,1739,1600-1999,https://atcoder.jp/contests/abc381/tasks/abc381_f
二分探索,abc382_c,C - Kaiten Sushi,476,400-799,https://atcoder.jp/contests/abc382/tasks/abc382_c
深さ優先探索,abc382_d,D - Keep Distance,685,400-799,https://atcoder.jp/contests/abc382/tasks/abc382_d
基礎DP,abc382_e,E - Expansion Packs,1671,1600-1999,https://atcoder.jp/contests/abc382/tasks/abc382_e
期待値DP,abc382_e,E - Expansion Packs,1671,1600-1999,https://atcoder.jp/contests/abc382/tasks/abc382_e
Lazy-Segment-Tree,abc382_f,F - Falling Bars,1443,1200-1599,https://atcoder.jp/contests/abc382/tasks/abc382_f
シミュレーション,abc383_a,A - Humidifier 1,19,0-399,https://atcoder.jp/contests/abc383/tasks/abc383_a
幅優先探索,abc383_c,C - Humidifier 3,750,400-799,https://atcoder.jp/contests/abc383/tasks/abc383_c
尺取り法,abc383_d,D - 9 Divisors,884,800-1199,https://atcoder.jp/contests/abc383/tasks/abc383_d
Union-Find,abc383_e,E - Sum of Max Matching,1616,1600-1999,https://atcoder.jp/contests/abc383/tasks/abc383_e
基礎DP,abc383_f,F - Diversity,1706,1600-1999,https://atcoder.jp/contests/abc383/tasks/abc383_f
bit全探索,abc384_c,C - Perfect Standings,187,0-399,https://atcoder.jp/contests/abc384/tasks/abc384_c
set,abc384_d,D - Repeated Sequence,666,400-799,https://atcoder.jp/contests/abc384/tasks/abc384_d
尺取り法,abc384_d,D - Repeated Sequence,666,400-799,https://atcoder.jp/contests/abc384/tasks/abc384_d
累積和,abc384_d,D - Repeated Sequence,666,400-799,https://atcoder.jp/contests/abc384/tasks/abc384_d
priority_queue,abc384_e,E - Takahashi is Slime 2,1002,800-1199,https://atcoder.jp/contests/abc384/tasks/abc384_e
分割統治,abc384_f,F - Double Sum 2,1908,1600-1999,https://atcoder.jp/contests/abc384/tasks/abc384_f
シミュレーション,abc385_b,B - Santa Claus 1,77,0-399,https://atcoder.jp/contests/abc385/tasks/abc385_b
基礎DP,abc385_c,C - Illuminate Buildings,446,400-799,https://atcoder.jp/contests/abc385/tasks/abc385_c
set,abc385_d,D - Santa Claus 2,1171,800-1199,https://atcoder.jp/contests/abc385/tasks/abc385_d
連想配列,abc385_d,D - Santa Claus 2,1171,800-1199,https://atcoder.jp/contests/abc385/tasks/abc385_d
シミュレーション,abc386_b,B - Calculator,42,0-399,https://atcoder.jp/contests/abc386/tasks/abc386_b
座標圧縮,abc386_d,D - Diagonal Separation,996,800-1199,https://atcoder.jp/contests/abc386/tasks/abc386_d
bit全探索,abc386_e,E -  Maximize XOR,1518,1200-1599,https://atcoder.jp/contests/abc386/tasks/abc386_e
深さ優先探索,abc386_e,E -  Maximize XOR,1518,1200-1599,https://atcoder.jp/contests/abc386/tasks/abc386_e
基礎DP,abc386_f,F - Operate K,1875,1600-1999,https://atcoder.jp/contests/abc386/tasks/abc386_f
Suffix-Array,abc386_f,F - Operate K,1875,1600-1999,https://atcoder.jp/contests/abc386/tasks/abc386_f
桁DP,abc387_c,C - Snake Numbers,1249,1200-1599,https://atcoder.jp/contests/abc387/tasks/abc387_c
幅優先探索,abc387_d,D - Snaky Walk,817,800-1199,https://atcoder.jp/contests/abc387/tasks/abc387_d
木DP,abc387_f,F - Count Arrays,1760,1600-1999,https://atcoder.jp/contests/abc387/tasks/abc387_f
累積和,abc387_f,F - Count Arrays,1760,1600-1999,https://atcoder.jp/contests/abc387/tasks/abc387_f
二分探索,abc388_c,C - Various Kagamimochi,211,0-399,https://atcoder.jp/contests/abc388/tasks/abc388_c
尺取り法,abc388_c,C - Various Kagamimochi,211,0-399,https://atcoder.jp/contests/abc388/tasks/abc388_c
imos法,abc388_d,D - Coming of Age Celebration,659,400-799,https://atcoder.jp/contests/abc388/tasks/abc388_d
二分探索,abc388_e,E - Simultaneous Kagamimochi,1068,800-1199,https://atcoder.jp/contests/abc388/tasks/abc388_e
尺取り法,abc388_e,E - Simultaneous Kagamimochi,1068,800-1199,https://atcoder.jp/contests/abc388/tasks/abc388_e
累積和,abc389_c,C - Snake Queue,255,0-399,https://atcoder.jp/contests/abc389/tasks/abc389_c
尺取り法,abc389_d,D - Squares in Circle,749,400-799,https://atcoder.jp/contests/abc389/tasks/abc389_d
二分探索,abc389_e,E - Square Price,1897,1600-1999,https://atcoder.jp/contests/abc389/tasks/abc389_e
priority_queue,abc389_e,E - Square Price,1897,1600-1999,https://atcoder.jp/contests/abc389/tasks/abc389_e
Lazy-Segment-Tree,abc389_f,F - Rated Range,1642,1600-1999,https://atcoder.jp/contests/abc389/tasks/abc389_f
二分探索,abc389_f,F - Rated Range,1642,1600-1999,https://atcoder.jp/contests/abc389/tasks/abc389_f
深さ優先探索,abc390_d,D - Stone XOR,1607,1600-1999,https://atcoder.jp/contests/abc390/tasks/abc390_d
基礎DP,abc390_e,E - Vitamin Balance,1227,1200-1599,https://atcoder.jp/contests/abc390/tasks/abc390_e
基礎DP,abc391_e,E - Hierarchical Majority Vote,1165,800-1199,https://atcoder.jp/contests/abc391/tasks/abc391_e
priority_queue,abc391_f,F - K-th Largest Triplet,1554,1200-1599,https://atcoder.jp/contests/abc391/tasks/abc391_f
二分探索,abc391_f,F - K-th Largest Triplet,1554,1200-1599,https://atcoder.jp/contests/abc391/tasks/abc391_f
連想配列,abc392_d,D - Doubles,579,400-799,https://atcoder.jp/contests/abc392/tasks/abc392_d
Union-Find,abc392_e,E - Cables and Servers,1218,1200-1599,https://atcoder.jp/contests/abc392/tasks/abc392_e
set,abc392_e,E - Cables and Servers,1218,1200-1599,https://atcoder.jp/contests/abc392/tasks/abc392_e
Binary-Indexed-Tree,abc392_f,F - Insert,1395,1200-1599,https://atcoder.jp/contests/abc392/tasks/abc392_f
Segment-Tree,abc392_f,F - Insert,1395,1200-1599,https://atcoder.jp/contests/abc392/tasks/abc392_f
二分探索,abc392_f,F - Insert,1395,1200-1599,https://atcoder.jp/contests/abc392/tasks/abc392_f
分割統治,abc393_b,B - A..B..C,44,0-399,https://atcoder.jp/contests/abc393/tasks/abc393_b
連想配列,abc393_c,C - Make it Simple,188,0-399,https://atcoder.jp/contests/abc393/tasks/abc393_c
gcd,abc393_e,E - GCD of Subset,1253,1200-1599,https://atcoder.jp/contests/abc393/tasks/abc393_e
LIS,abc393_f,F - Prefix LIS Query,1284,1200-1599,https://atcoder.jp/contests/abc393/tasks/abc393_f
二分探索,abc393_f,F - Prefix LIS Query,1284,1200-1599,https://atcoder.jp/contests/abc393/tasks/abc393_f
座標圧縮,abc393_f,F - Prefix LIS Query,1284,1200-1599,https://atcoder.jp/contests/abc393/tasks/abc393_f
stack,abc394_d,D - Colorful Bracket Sequence,253,0-399,https://atcoder.jp/contests/abc394/tasks/abc394_d
幅優先探索,abc394_e,E - Palindromic Shortest Path,1403,1200-1599,https://atcoder.jp/contests/abc394/tasks/abc394_e
木DP,abc394_f,F - Alkane,1549,1200-1599,https://atcoder.jp/contests/abc394/tasks/abc394_f
連想配列,abc395_c,C - Shortest Duplicate Subarray,161,0-399,https://atcoder.jp/contests/abc395/tasks/abc395_c
尺取り法,abc395_c,C - Shortest Duplicate Subarray,161,0-399,https://atcoder.jp/contests/abc395/tasks/abc395_c
ダイクストラ法,abc395_e,E - Flip Edge,978,800-1199,https://atcoder.jp/contests/abc395/tasks/abc395_e
二分探索,abc395_f,F - Smooth Occlusion,1437,1200-1599,https://atcoder.jp/contests/abc395/tasks/abc395_f
stack,abc396_b,B - Card Pile,37,0-399,https://atcoder.jp/contests/abc396/tasks/abc396_b
累積和,abc396_c,C - Buy Balls,291,0-399,https://atcoder.jp/contests/abc396/tasks/abc396_c
深さ優先探索,abc396_d,D - Minimum XOR Path,601,400-799,https://atcoder.jp/contests/abc396/tasks/abc396_d
幅優先探索,abc396_e,E - Min of Restricted Sum,1379,1200-1599,https://atcoder.jp/contests/abc396/tasks/abc396_e
深さ優先探索,abc396_e,E - Min of Restricted Sum,1379,1200-1599,https://atcoder.jp/contests/abc396/tasks/abc396_e
Binary-Indexed-Tree,abc396_f,F - Rotated Inversions,1479,1200-1599,https://atcoder.jp/contests/abc396/tasks/abc396_f
imos法,abc396_f,F - Rotated Inversions,1479,1200-1599,https://atcoder.jp/contests/abc396/tasks/abc396_f
二分探索,abc397_d,D - Cubes,1132,800-1199,https://atcoder.jp/contests/abc397/tasks/abc397_d
木DP,abc397_e,E - Path Decomposition of a Tree,1484,1200-1599,https://atcoder.jp/contests/abc397/tasks/abc397_e
Lazy-Segment-Tree,abc397_f,F - Variety Split Hard,1753,1600-1999,https://atcoder.jp/contests/abc397/tasks/abc397_f
インラインDP,abc397_f,F - Variety Split Hard,1753,1600-1999,https://atcoder.jp/contests/abc397/tasks/abc397_f
bit全探索,abc398_b,B - Full House 3,46,0-399,https://atcoder.jp/contests/abc398/tasks/abc398_b
連想配列,abc398_c,C - Uniqueness,124,0-399,https://atcoder.jp/contests/abc398/tasks/abc398_c
set,abc398_d,D - Bonfire,746,400-799,https://atcoder.jp/contests/abc398/tasks/abc398_d
連想配列,abc398_d,D - Bonfire,746,400-799,https://atcoder.jp/contests/abc398/tasks/abc398_d
深さ優先探索,abc398_e,E - Tree Game,1238,1200-1599,https://atcoder.jp/contests/abc398/tasks/abc398_e
幅優先探索,abc398_e,E - Tree Game,1238,1200-1599,https://atcoder.jp/contests/abc398/tasks/abc398_e
Manacher,abc398_f,F - ABCBA,1033,800-1199,https://atcoder.jp/contests/abc398/tasks/abc398_f
Union-Find,abc399_c,C - Make it Forest,321,0-399,https://atcoder.jp/contests/abc399/tasks/abc399_c
幅優先探索,abc399_c,C - Make it Forest,321,0-399,https://atcoder.jp/contests/abc399/tasks/abc399_c
深さ優先探索,abc399_c,C - Make it Forest,321,0-399,https://atcoder.jp/contests/abc399/tasks/abc399_c
累積和,abc399_f,F - Range Power Sum,1558,1200-1599,https://atcoder.jp/contests/abc399/tasks/abc399_f
二分探索,abc400_c,C - 2^a b^2,702,400-799,https://atcoder.jp/contests/abc400/tasks/abc400_c
幅優先探索,abc400_d,D - Takahashi the Wall Breaker,1026,800-1199,https://atcoder.jp/contests/abc400/tasks/abc400_d
二分探索,abc400_e,E - Ringo's Favorite Numbers 3,1226,1200-1599,https://atcoder.jp/contests/abc400/tasks/abc400_e
累積和,abc401_c,C - K-bonacci,248,0-399,https://atcoder.jp/contests/abc401/tasks/abc401_c
基礎DP,abc401_d,D - Logical Filling,1148,800-1199,https://atcoder.jp/contests/abc401/tasks/abc401_d
Union-Find,abc401_e,E - Reachable Set,1270,1200-1599,https://atcoder.jp/contests/abc401/tasks/abc401_e
全方位木DP,abc401_f,F - Add One Edge 3,1666,1600-1999,https://atcoder.jp/contests/abc401/tasks/abc401_f
期待値DP,abc402_e,E - Payment Required,1409,1200-1599,https://atcoder.jp/contests/abc402/tasks/abc402_e
bitDP,abc402_e,E - Payment Required,1409,1200-1599,https://atcoder.jp/contests/abc402/tasks/abc402_e
半分全列挙,abc402_f,F - Path to Integer,1645,1600-1999,https://atcoder.jp/contests/abc402/tasks/abc402_f
二分探索,abc402_f,F - Path to Integer,1645,1600-1999,https://atcoder.jp/contests/abc402/tasks/abc402_f
set,abc403_c,C - 403 Forbidden,208,0-399,https://atcoder.jp/contests/abc403/tasks/abc403_c
基礎DP,abc403_d,D - Forbidden Difference,1052,800-1199,https://atcoder.jp/contests/abc403/tasks/abc403_d
Trie,abc403_e,E - Forbidden Prefix,1447,1200-1599,https://atcoder.jp/contests/abc403/tasks/abc403_e
Binary-Indexed-Tree,abc403_e,E - Forbidden Prefix,1447,1200-1599,https://atcoder.jp/contests/abc403/tasks/abc403_e
multiset,abc403_e,E - Forbidden Prefix,1447,1200-1599,https://atcoder.jp/contests/abc403/tasks/abc403_e
二分探索,abc403_e,E - Forbidden Prefix,1447,1200-1599,https://atcoder.jp/contests/abc403/tasks/abc403_e
累積和,abc403_e,E - Forbidden Prefix,1447,1200-1599,https://atcoder.jp/contests/abc403/tasks/abc403_e
基礎DP,abc403_f,F - Shortest One Formula,1733,1600-1999,https://atcoder.jp/contests/abc403/tasks/abc403_f
Union-Find,abc404_c,C - Cycle Graph?,371,0-399,https://atcoder.jp/contests/abc404/tasks/abc404_c
深さ優先探索,abc404_c,C - Cycle Graph?,371,0-399,https://atcoder.jp/contests/abc404/tasks/abc404_c
幅優先探索,abc404_c,C - Cycle Graph?,371,0-399,https://atcoder.jp/contests/abc404/tasks/abc404_c
深さ優先探索,abc404_d,D - Goin' to the Zoo,803,800-1199,https://atcoder.jp/contests/abc404/tasks/abc404_d
基礎DP,abc404_e,E - Bowls and Beans,1286,1200-1599,https://atcoder.jp/contests/abc404/tasks/abc404_e
ベルマンフォード法,abc404_g,G - Specified Range Sums,1894,1600-1999,https://atcoder.jp/contests/abc404/tasks/abc404_g
累積和,abc404_g,G - Specified Range Sums,1894,1600-1999,https://atcoder.jp/contests/abc404/tasks/abc404_g
累積和,abc405_c,C - Sum of Product,102,0-399,https://atcoder.jp/contests/abc405/tasks/abc405_c
幅優先探索,abc405_d,D - Escape Route,471,400-799,https://atcoder.jp/contests/abc405/tasks/abc405_d
二項係数,abc405_e,E - Fruit Lineup,1259,1200-1599,https://atcoder.jp/contests/abc405/tasks/abc405_e
Segment-Tree,abc405_f,F - Chord Crossing,1588,1200-1599,https://atcoder.jp/contests/abc405/tasks/abc405_f
Lazy-Segment-Tree,abc405_f,F - Chord Crossing,1588,1200-1599,https://atcoder.jp/contests/abc405/tasks/abc405_f
stack,abc405_f,F - Chord Crossing,1588,1200-1599,https://atcoder.jp/contests/abc405/tasks/abc405_f
最小共通祖先,abc405_f,F - Chord Crossing,1588,1200-1599,https://atcoder.jp/contests/abc405/tasks/abc405_f
基礎DP,abc406_c,C - ~,862,800-1199,https://atcoder.jp/contests/abc406/tasks/abc406_c
連想配列,abc406_d,D - Garbage Removal,694,400-799,https://atcoder.jp/contests/abc406/tasks/abc406_d
桁DP,abc406_e,E - Popcount Sum 3,1365,1200-1599,https://atcoder.jp/contests/abc406/tasks/abc406_e
Binary-Indexed-Tree,abc406_f,F - Compare Tree Weights,1470,1200-1599,https://atcoder.jp/contests/abc406/tasks/abc406_f
深さ優先探索,abc406_f,F - Compare Tree Weights,1470,1200-1599,https://atcoder.jp/contests/abc406/tasks/abc406_f
bit全探索,abc407_d,D - Domino Covering XOR,930,800-1199,https://atcoder.jp/contests/abc407/tasks/abc407_d
Lazy-Segment-Tree,abc407_e,E - Most Valuable Parentheses,1531,1200-1599,https://atcoder.jp/contests/abc407/tasks/abc407_e
priority_queue,abc407_e,E - Most Valuable Parentheses,1531,1200-1599,https://atcoder.jp/contests/abc407/tasks/abc407_e
set,abc407_f,F - Sums of Sliding Window Maximum,1740,1600-1999,https://atcoder.jp/contests/abc407/tasks/abc407_f
imos法,abc407_f,F - Sums of Sliding Window Maximum,1740,1600-1999,https://atcoder.jp/contests/abc407/tasks/abc407_f
累積和,abc407_f,F - Sums of Sliding Window Maximum,1740,1600-1999,https://atcoder.jp/contests/abc407/tasks/abc407_f
set,abc408_b,B - Compression,35,0-399,https://atcoder.jp/contests/abc408/tasks/abc408_b
imos法,abc408_c,C - Not All Covered,223,0-399,https://atcoder.jp/contests/abc408/tasks/abc408_c
基礎DP,abc408_d,D - Flip to Gather,950,800-1199,https://atcoder.jp/contests/abc408/tasks/abc408_d
Union-Find,abc408_e,E - Minimum OR Path,1222,1200-1599,https://atcoder.jp/contests/abc408/tasks/abc408_e
基礎DP,abc408_f,F - Athletic,1472,1200-1599,https://atcoder.jp/contests/abc408/tasks/abc408_f
Segment-Tree,abc408_f,F - Athletic,1472,1200-1599,https://atcoder.jp/contests/abc408/tasks/abc408_f
累積和,abc409_c,C - Equilateral Triangle,421,400-799,https://atcoder.jp/contests/abc409/tasks/abc409_c
連想配列,abc409_c,C - Equilateral Triangle,421,400-799,https://atcoder.jp/contests/abc409/tasks/abc409_c
深さ優先探索,abc409_e,E - Pair Annihilation,973,800-1199,https://atcoder.jp/contests/abc409/tasks/abc409_e
Union-Find,abc409_f,F - Connecting Points,1580,1200-1599,https://atcoder.jp/contests/abc409/tasks/abc409_f
priority_queue,abc409_f,F - Connecting Points,1580,1200-1599,https://atcoder.jp/contests/abc409/tasks/abc409_f
幅優先探索,abc410_d,D - XOR Shortest Walk,1048,800-1199,https://atcoder.jp/contests/abc410/tasks/abc410_d
深さ優先探索,abc410_d,D - XOR Shortest Walk,1048,800-1199,https://atcoder.jp/contests/abc410/tasks/abc410_d
基礎DP,abc410_e,E - Battles in a Row,1077,800-1199,https://atcoder.jp/contests/abc410/tasks/abc410_e
累積和,abc410_f,F - Balanced Rectangles,1732,1600-1999,https://atcoder.jp/contests/abc410/tasks/abc410_f
累積和,abc411_b,B - Distance Table,32,0-399,https://atcoder.jp/contests/abc411/tasks/abc411_b
Segment-Tree,abc411_c,C - Black Intervals,234,0-399,https://atcoder.jp/contests/abc411/tasks/abc411_c
期待値DP,abc411_e,E - E [max],1400,1200-1599,https://atcoder.jp/contests/abc411/tasks/abc411_e
座標圧縮,abc411_e,E - E [max],1400,1200-1599,https://atcoder.jp/contests/abc411/tasks/abc411_e
逆元,abc411_e,E - E [max],1400,1200-1599,https://atcoder.jp/contests/abc411/tasks/abc411_e
set,abc411_f,F - Contraction,1898,1600-1999,https://atcoder.jp/contests/abc411/tasks/abc411_f
Union-Find,abc411_f,F - Contraction,1898,1600-1999,https://atcoder.jp/contests/abc411/tasks/abc411_f
二分探索,abc412_c,C - Giant Domino,607,400-799,https://atcoder.jp/contests/abc412/tasks/abc412_c
座標圧縮,abc412_c,C - Giant Domino,607,400-799,https://atcoder.jp/contests/abc412/tasks/abc412_c
bitDP,abc412_d,D - Make 2-Regular Graph,1186,800-1199,https://atcoder.jp/contests/abc412/tasks/abc412_d
bit全探索,abc412_d,D - Make 2-Regular Graph,1186,800-1199,https://atcoder.jp/contests/abc412/tasks/abc412_d
連想配列,abc413_b,B - cat 2,51,0-399,https://atcoder.jp/contests/abc413/tasks/abc413_b
分割統治,abc413_e,E - Reverse 2^i,1241,1200-1599,https://atcoder.jp/contests/abc413/tasks/abc413_e
後退解析,abc413_f,F - No Passage,1635,1600-1999,https://atcoder.jp/contests/abc413/tasks/abc413_f
幅優先探索,abc413_f,F - No Passage,1635,1600-1999,https://atcoder.jp/contests/abc413/tasks/abc413_f
Union-Find,abc413_g,G - Big Banned Grid,1723,1600-1999,https://atcoder.jp/contests/abc413/tasks/abc413_g
幅優先探索,abc413_g,G - Big Banned Grid,1723,1600-1999,https://atcoder.jp/contests/abc413/tasks/abc413_g
深さ優先探索,abc413_g,G - Big Banned Grid,1723,1600-1999,https://atcoder.jp/contests/abc413/tasks/abc413_g
二項係数,abc414_e,E - Count A%B=C,1296,1200-1599,https://atcoder.jp/contests/abc414/tasks/abc414_e
基礎DP,abc415_c,C - Mixture,657,400-799,https://atcoder.jp/contests/abc415/tasks/abc415_c
set,abc415_e,E - Hungry Takahashi,1212,1200-1599,https://atcoder.jp/contests/abc415/tasks/abc415_e
Segment-Tree,abc415_f,F - Max Combo,1552,1200-1599,https://atcoder.jp/contests/abc415/tasks/abc415_f
深さ優先探索,abc416_c,C - Concat (X-th),298,0-399,https://atcoder.jp/contests/abc416/tasks/abc416_c
尺取り法,abc416_d,"D - Match, Mod, Minimize 2",682,400-799,https://atcoder.jp/contests/abc416/tasks/abc416_d
ワーシャルフロイド法,abc416_e,E - Development,1428,1200-1599,https://atcoder.jp/contests/abc416/tasks/abc416_e
シミュレーション,abc417_b,B - Search and Delete,41,0-399,https://atcoder.jp/contests/abc417/tasks/abc417_b
連想配列,abc417_c,C - Distance Indicators,246,0-399,https://atcoder.jp/contests/abc417/tasks/abc417_c
基礎DP,abc417_d,D - Takahashi's Expectation,1230,1200-1599,https://atcoder.jp/contests/abc417/tasks/abc417_d
連想配列,abc417_d,D - Takahashi's Expectation,1230,1200-1599,https://atcoder.jp/contests/abc417/tasks/abc417_d
深さ優先探索,abc417_e,E - A Path in A Dictionary,1111,800-1199,https://atcoder.jp/contests/abc417/tasks/abc417_e
Lazy-Segment-Tree,abc417_f,F - Random Gathering,1414,1200-1599,https://atcoder.jp/contests/abc417/tasks/abc417_f
逆元,abc417_f,F - Random Gathering,1414,1200-1599,https://atcoder.jp/contests/abc417/tasks/abc417_f
二分探索,abc418_b,B - You're a teapot,123,0-399,https://atcoder.jp/contests/abc418/tasks/abc418_b
累積和,abc418_b,B - You're a teapot,123,0-399,https://atcoder.jp/contests/abc418/tasks/abc418_b
累積和,abc418_c,C - Flush,401,400-799,https://atcoder.jp/contests/abc418/tasks/abc418_c
基礎DP,abc418_d,D - XNOR Operation,821,800-1199,https://atcoder.jp/contests/abc418/tasks/abc418_d
連想配列,abc418_e,E - Trapezium,1282,1200-1599,https://atcoder.jp/contests/abc418/tasks/abc418_e
priority_queue,abc419_b,B - Get Min,31,0-399,https://atcoder.jp/contests/abc419/tasks/abc419_b
累積和,abc419_d,D - Substr Swap,251,0-399,https://atcoder.jp/contests/abc419/tasks/abc419_d
基礎DP,abc419_e,E - Subarray Sum Divisibility,1298,1200-1599,https://atcoder.jp/contests/abc419/tasks/abc419_e
基礎DP,abc419_f,F - All Included,1726,1600-1999,https://atcoder.jp/contests/abc419/tasks/abc419_f
包除原理,abc419_f,F - All Included,1726,1600-1999,https://atcoder.jp/contests/abc419/tasks/abc419_f
幅優先探索,abc420_d,D - Toggle Maze,699,400-799,https://atcoder.jp/contests/abc420/tasks/abc420_d
Union-Find,abc420_e,E - Reachability Query,790,400-799,https://atcoder.jp/contests/abc420/tasks/abc420_e
シミュレーション,abc421_d,D - RLE Moving,1321,1200-1599,https://atcoder.jp/contests/abc421/tasks/abc421_d
Segment-Tree,abc421_f,F - Erase between X and Y,1805,1600-1999,https://atcoder.jp/contests/abc421/tasks/abc421_f
set,abc421_f,F - Erase between X and Y,1805,1600-1999,https://atcoder.jp/contests/abc421/tasks/abc421_f
累積和,abc425_c,C - Rotate and Sum Query,315,0-399,https://atcoder.jp/contests/abc425/tasks/abc425_c
幅優先探索,abc425_d,D - Ulam-Warburton Automaton,882,800-1199,https://atcoder.jp/contests/abc425/tasks/abc425_d
中国剰余定理,abc425_e,E - Count Sequences 2,1221,1200-1599,https://atcoder.jp/contests/abc425/tasks/abc425_e
二項係数,abc425_e,E - Count Sequences 2,1221,1200-1599,https://atcoder.jp/contests/abc425/tasks/abc425_e
bitDP,abc425_f,F - Inserting Process,1831,1600-1999,https://atcoder.jp/contests/abc425/tasks/abc425_f
区間DP,abc425_f,F - Inserting Process,1831,1600-1999,https://atcoder.jp/contests/abc425/tasks/abc425_f
multiset,abc426_c,C - Upgrade Required,458,400-799,https://atcoder.jp/contests/abc426/tasks/abc426_c
priority_queue,abc426_c,C - Upgrade Required,458,400-799,https://atcoder.jp/contests/abc426/tasks/abc426_c
Lazy-Segment-Tree,abc426_c,C - Upgrade Required,458,400-799,https://atcoder.jp/contests/abc426/tasks/abc426_c
シミュレーション,abc426_c,C - Upgrade Required,458,400-799,https://atcoder.jp/contests/abc426/tasks/abc426_c
三分探索,abc426_e,E - Closest Moment,1584,1200-1599,https://atcoder.jp/contests/abc426/tasks/abc426_e
Lazy-Segment-Tree,abc426_f,F - Clearance,1776,1600-1999,https://atcoder.jp/contests/abc426/tasks/abc426_f
Segment-Tree,abc426_f,F - Clearance,1776,1600-1999,https://atcoder.jp/contests/abc426/tasks/abc426_f
二分探索,abc426_f,F - Clearance,1776,1600-1999,https://atcoder.jp/contests/abc426/tasks/abc426_f
bit全探索,abc427_c,C - Bipartize,629,400-799,https://atcoder.jp/contests/abc427/tasks/abc427_c
後退解析,abc427_d,D - The Simple Game,981,800-1199,https://atcoder.jp/contests/abc427/tasks/abc427_d
基礎DP,abc427_d,D - The Simple Game,981,800-1199,https://atcoder.jp/contests/abc427/tasks/abc427_d
幅優先探索,abc427_e,E - Wind Cleaning,1734,1600-1999,https://atcoder.jp/contests/abc427/tasks/abc427_e
累積和,abc427_e,E - Wind Cleaning,1734,1600-1999,https://atcoder.jp/contests/abc427/tasks/abc427_e
半分全列挙,abc427_f,F - Not Adjacent,1605,1600-1999,https://atcoder.jp/contests/abc427/tasks/abc427_f
連想配列,abc427_f,F - Not Adjacent,1605,1600-1999,https://atcoder.jp/contests/abc427/tasks/abc427_f
連想配列,abc428_b,B - Most Frequent Substrings,118,0-399,https://atcoder.jp/contests/abc428/tasks/abc428_b
stack,abc428_c,C - Brackets Stack Query,483,400-799,https://atcoder.jp/contests/abc428/tasks/abc428_c
深さ優先探索,abc428_e,E - Farthest Vertex,1167,800-1199,https://atcoder.jp/contests/abc428/tasks/abc428_e
尺取り法,abc429_d,D - On AtCoder Conference,903,800-1199,https://atcoder.jp/contests/abc429/tasks/abc429_d
連想配列,abc429_d,D - On AtCoder Conference,903,800-1199,https://atcoder.jp/contests/abc429/tasks/abc429_d
幅優先探索,abc429_e,E - Hit and Away,1313,1200-1599,https://atcoder.jp/contests/abc429/tasks/abc429_e
乱択アルゴリズム,abc429_e,E - Hit and Away,1313,1200-1599,https://atcoder.jp/contests/abc429/tasks/abc429_e
Segment-Tree,abc429_f,F - Shortest Path Query,1859,1600-1999,https://atcoder.jp/contests/abc429/tasks/abc429_f
set,abc430_b,B - Count Subgrid,141,0-399,https://atcoder.jp/contests/abc430/tasks/abc430_b
二分探索,abc430_c,C - Truck Driver,750,400-799,https://atcoder.jp/contests/abc430/tasks/abc430_c
尺取り法,abc430_c,C - Truck Driver,750,400-799,https://atcoder.jp/contests/abc430/tasks/abc430_c
累積和,abc430_c,C - Truck Driver,750,400-799,https://atcoder.jp/contests/abc430/tasks/abc430_c
set,abc430_d,D - Neighbor Distance,982,800-1199,https://atcoder.jp/contests/abc430/tasks/abc430_d
Z-Algorithm,abc430_e,E - Shift String,1109,800-1199,https://atcoder.jp/contests/abc430/tasks/abc430_e
累積和,abc430_f,F - Back and Forth Filling,1615,1600-1999,https://atcoder.jp/contests/abc430/tasks/abc430_f
基礎DP,abc431_d,D - Robot Customize,693,400-799,https://atcoder.jp/contests/abc431/tasks/abc431_d
幅優先探索,abc431_e,E - Reflection on Grid,1424,1200-1599,https://atcoder.jp/contests/abc431/tasks/abc431_e
挿入DP,abc431_f,F - Almost Sorted 2,1613,1600-1999,https://atcoder.jp/contests/abc431/tasks/abc431_f
二項係数,abc431_f,F - Almost Sorted 2,1613,1600-1999,https://atcoder.jp/contests/abc431/tasks/abc431_f
Union-Find,abc432_d,"D - Suddenly, A Tempest",1745,1600-1999,https://atcoder.jp/contests/abc432/tasks/abc432_d
深さ優先探索,abc432_d,"D - Suddenly, A Tempest",1745,1600-1999,https://atcoder.jp/contests/abc432/tasks/abc432_d
Segment-Tree,abc432_e,E - Clamp,1133,800-1199,https://atcoder.jp/contests/abc432/tasks/abc432_e
二項係数,abc432_g,"G - Sum of Binom(A, B)",1984,1600-1999,https://atcoder.jp/contests/abc432/tasks/abc432_g
stack,abc433_b,B - Nearest Taller,47,0-399,https://atcoder.jp/contests/abc433/tasks/abc433_b
連想配列,abc433_d,D - 183183,752,400-799,https://atcoder.jp/contests/abc433/tasks/abc433_d
二分探索,abc433_d,D - 183183,752,400-799,https://atcoder.jp/contests/abc433/tasks/abc433_d
二項係数,abc433_f,F - 1122 Subsequence 2,1617,1600-1999,https://atcoder.jp/contests/abc433/tasks/abc433_f
累積和,abc433_f,F - 1122 Subsequence 2,1617,1600-1999,https://atcoder.jp/contests/abc433/tasks/abc433_f
imos法,abc434_d,D - Clouds,909,800-1199,https://atcoder.jp/contests/abc434/tasks/abc434_d
Union-Find,abc434_e,E - Distribute Bunnies,1317,1200-1599,https://atcoder.jp/contests/abc434/tasks/abc434_e
連想配列,abc434_e,E - Distribute Bunnies,1317,1200-1599,https://atcoder.jp/contests/abc434/tasks/abc434_e
座標圧縮,abc434_e,E - Distribute Bunnies,1317,1200-1599,https://atcoder.jp/contests/abc434/tasks/abc434_e
尺取り法,abc435_c,C - Domino,151,0-399,https://atcoder.jp/contests/abc435/tasks/abc435_c
幅優先探索,abc435_d,D - Reachability Query 2,568,400-799,https://atcoder.jp/contests/abc435/tasks/abc435_d
深さ優先探索,abc435_d,D - Reachability Query 2,568,400-799,https://atcoder.jp/contests/abc435/tasks/abc435_d
set,abc435_e,E - Cover query,982,800-1199,https://atcoder.jp/contests/abc435/tasks/abc435_e
Segment-Tree,abc435_e,E - Cover query,982,800-1199,https://atcoder.jp/contests/abc435/tasks/abc435_e
座標圧縮,abc435_e,E - Cover query,982,800-1199,https://atcoder.jp/contests/abc435/tasks/abc435_e
木DP,abc435_f,F - Cat exercise,1385,1200-1599,https://atcoder.jp/contests/abc435/tasks/abc435_f
stack,abc435_f,F - Cat exercise,1385,1200-1599,https://atcoder.jp/contests/abc435/tasks/abc435_f
set,abc436_c,C - 2x2 Placing,248,0-399,https://atcoder.jp/contests/abc436/tasks/abc436_c
連想配列,abc436_c,C - 2x2 Placing,248,0-399,https://atcoder.jp/contests/abc436/tasks/abc436_c
幅優先探索,abc436_d,D - Teleport Maze,633,400-799,https://atcoder.jp/contests/abc436/tasks/abc436_d
Binary-Indexed-Tree,abc436_f,F - Starry Landscape Photo,1336,1200-1599,https://atcoder.jp/contests/abc436/tasks/abc436_f
二分探索,abc437_d,D - Sum of Differences,509,400-799,https://atcoder.jp/contests/abc437/tasks/abc437_d
累積和,abc437_d,D - Sum of Differences,509,400-799,https://atcoder.jp/contests/abc437/tasks/abc437_d
Trie,abc437_e,E - Sort Arrays,1279,1200-1599,https://atcoder.jp/contests/abc437/tasks/abc437_e
深さ優先探索,abc437_e,E - Sort Arrays,1279,1200-1599,https://atcoder.jp/contests/abc437/tasks/abc437_e
連想配列,abc437_e,E - Sort Arrays,1279,1200-1599,https://atcoder.jp/contests/abc437/tasks/abc437_e
Segment-Tree,abc437_f,F - Manhattan Christmas Tree 2,1332,1200-1599,https://atcoder.jp/contests/abc437/tasks/abc437_f
stack,abc438_c,C - 1D puyopuyo,368,0-399,https://atcoder.jp/contests/abc438/tasks/abc438_c
基礎DP,abc438_d,D - Tail of Snake,652,400-799,https://atcoder.jp/contests/abc438/tasks/abc438_d
累積和,abc438_d,D - Tail of Snake,652,400-799,https://atcoder.jp/contests/abc438/tasks/abc438_d
ダブリング,abc438_e,E - Heavy Buckets,1226,1200-1599,https://atcoder.jp/contests/abc438/tasks/abc438_e
最小共通祖先,abc438_f,F - Sum of Mex,1852,1600-1999,https://atcoder.jp/contests/abc438/tasks/abc438_f
シミュレーション,abc439_b,B - Happy Number,46,0-399,https://atcoder.jp/contests/abc439/tasks/abc439_b
連想配列,abc439_d,D - Kadomatsu Subsequence,627,400-799,https://atcoder.jp/contests/abc439/tasks/abc439_d
LIS,abc439_e,E - Kite,1071,800-1199,https://atcoder.jp/contests/abc439/tasks/abc439_e
二分探索,abc439_e,E - Kite,1071,800-1199,https://atcoder.jp/contests/abc439/tasks/abc439_e
座標圧縮,abc439_e,E - Kite,1071,800-1199,https://atcoder.jp/contests/abc439/tasks/abc439_e
Segment-Tree,abc439_f,F - Beautiful Kadomatsu,1488,1200-1599,https://atcoder.jp/contests/abc439/tasks/abc439_f
累積和,abc439_f,F - Beautiful Kadomatsu,1488,1200-1599,https://atcoder.jp/contests/abc439/tasks/abc439_f
尺取り法,abc440_c,C - Striped Horse,631,400-799,https://atcoder.jp/contests/abc440/tasks/abc440_c
累積和,abc440_c,C - Striped Horse,631,400-799,https://atcoder.jp/contests/abc440/tasks/abc440_c
二分探索,abc440_d,D - Forbidden List 2,863,800-1199,https://atcoder.jp/contests/abc440/tasks/abc440_d
座標圧縮,abc440_d,D - Forbidden List 2,863,800-1199,https://atcoder.jp/contests/abc440/tasks/abc440_d
priority_queue,abc440_e,E - Cookies,1603,1600-1999,https://atcoder.jp/contests/abc440/tasks/abc440_e
累積和,abc441_c,C - Sake or Water,406,400-799,https://atcoder.jp/contests/abc441/tasks/abc441_c
深さ優先探索,abc441_d,D - Paid Walk,732,400-799,https://atcoder.jp/contests/abc441/tasks/abc441_d
Binary-Indexed-Tree,abc441_e,E - A > B substring,969,800-1199,https://atcoder.jp/contests/abc441/tasks/abc441_e
累積和,abc441_e,E - A > B substring,969,800-1199,https://atcoder.jp/contests/abc441/tasks/abc441_e
基礎DP,abc441_f,F - Must Buy,1455,1200-1599,https://atcoder.jp/contests/abc441/tasks/abc441_f
Lazy-Segment-Tree,abc441_g,G - Takoyaki and Flip,1985,1600-1999,https://atcoder.jp/contests/abc441/tasks/abc441_g
二項係数,abc442_c,C - Peer Review,174,0-399,https://atcoder.jp/contests/abc442/tasks/abc442_c
Binary-Indexed-Tree,abc442_d,D - Swap and Range Sum,293,0-399,https://atcoder.jp/contests/abc442/tasks/abc442_d
Segment-Tree,abc442_d,D - Swap and Range Sum,293,0-399,https://atcoder.jp/contests/abc442/tasks/abc442_d
偏角ソート,abc442_e,E - Laser Takahashi,1355,1200-1599,https://atcoder.jp/contests/abc442/tasks/abc442_e
基礎DP,abc442_f,F - Diagonal Separation 2,1295,1200-1599,https://atcoder.jp/contests/abc442/tasks/abc442_f
累積和,abc442_f,F - Diagonal Separation 2,1295,1200-1599,https://atcoder.jp/contests/abc442/tasks/abc442_f
二分探索,abc443_b,B - Setsubun,28,0-399,https://atcoder.jp/contests/abc443/tasks/abc443_b
シミュレーション,abc443_c,C - Chokutter Addiction,150,0-399,https://atcoder.jp/contests/abc443/tasks/abc443_c
priority_queue,abc443_d,D - Pawn Line,738,400-799,https://atcoder.jp/contests/abc443/tasks/abc443_d
simulation,abc443_d,D - Pawn Line,738,400-799,https://atcoder.jp/contests/abc443/tasks/abc443_d
基礎DP,abc443_e,E - Climbing Silver,1301,1200-1599,https://atcoder.jp/contests/abc443/tasks/abc443_e
累積和,abc443_e,E - Climbing Silver,1301,1200-1599,https://atcoder.jp/contests/abc443/tasks/abc443_e
幅優先探索,abc443_f,F - Non-Increasing Number,1967,1600-1999,https://atcoder.jp/contests/abc443/tasks/abc443_f
基礎DP,abc443_f,F - Non-Increasing Number,1967,1600-1999,https://atcoder.jp/contests/abc443/tasks/abc443_f
尺取り法,abc444_c,C - AtCoder Riko,582,400-799,https://atcoder.jp/contests/abc444/tasks/abc444_c
imos法,abc444_d,D - Many Repunit Sum,574,400-799,https://atcoder.jp/contests/abc444/tasks/abc444_d
尺取り法,abc444_e,E - Sparse Range,1107,800-1199,https://atcoder.jp/contests/abc444/tasks/abc444_e
set,abc444_e,E - Sparse Range,1107,800-1199,https://atcoder.jp/contests/abc444/tasks/abc444_e
ダブリング,abc445_c,C - Sugoroku Destination,404,400-799,https://atcoder.jp/contests/abc445/tasks/abc445_c
gcd,abc445_e,E - Many LCMs,1337,1200-1599,https://atcoder.jp/contests/abc445/tasks/abc445_e
行列累乗,abc445_f,F - Exactly K Steps 2,1514,1200-1599,https://atcoder.jp/contests/abc445/tasks/abc445_f
ダブリング,abc445_f,F - Exactly K Steps 2,1514,1200-1599,https://atcoder.jp/contests/abc445/tasks/abc445_f
連想配列,abc446_d,D - Max Straight,550,400-799,https://atcoder.jp/contests/abc446/tasks/abc446_d
基礎DP,abc446_d,D - Max Straight,550,400-799,https://atcoder.jp/contests/abc446/tasks/abc446_d
深さ優先探索,abc446_e,E - Multiple-Free Sequences,1209,1200-1599,https://atcoder.jp/contests/abc446/tasks/abc446_e
priority_queue,abc446_f,F - Reachable Set 2,1543,1200-1599,https://atcoder.jp/contests/abc446/tasks/abc446_f
幅優先探索,abc446_f,F - Reachable Set 2,1543,1200-1599,https://atcoder.jp/contests/abc446/tasks/abc446_f
基礎DP,abc446_g,G - 221 Subsequence,1955,1600-1999,https://atcoder.jp/contests/abc446/tasks/abc446_g
累積和,abc446_g,G - 221 Subsequence,1955,1600-1999,https://atcoder.jp/contests/abc446/tasks/abc446_g
Union-Find,abc447_e,E - Divide Graph,955,800-1199,https://atcoder.jp/contests/abc447/tasks/abc447_e
木DP,abc447_f,F - Centipede Graph,1480,1200-1599,https://atcoder.jp/contests/abc447/tasks/abc447_f
二分探索,abc448_c,C - Except and Min,262,0-399,https://atcoder.jp/contests/abc448/tasks/abc448_c
深さ優先探索,abc448_d,D - Integer-duplicated Path,638,400-799,https://atcoder.jp/contests/abc448/tasks/abc448_d
set,abc448_d,D - Integer-duplicated Path,638,400-799,https://atcoder.jp/contests/abc448/tasks/abc448_d
ダブリング,abc448_e,E - Simple Division,1359,1200-1599,https://atcoder.jp/contests/abc448/tasks/abc448_e
行列累乗,abc448_e,E - Simple Division,1359,1200-1599,https://atcoder.jp/contests/abc448/tasks/abc448_e
平方分割,abc448_f,F - Authentic Traveling Salesman Problem,1719,1600-1999,https://atcoder.jp/contests/abc448/tasks/abc448_f
シミュレーション,abc449_b,B - Deconstruct Chocolate,45,0-399,https://atcoder.jp/contests/abc449/tasks/abc449_b
累積和,abc449_c,C - Comfortable Distance,330,0-399,https://atcoder.jp/contests/abc449/tasks/abc449_c
包除原理,abc449_d,D - Make Target 2,927,800-1199,https://atcoder.jp/contests/abc449/tasks/abc449_d
Binary-Indexed-Tree,abc449_e,E - A += v,1556,1200-1599,https://atcoder.jp/contests/abc449/tasks/abc449_e
二分探索,abc449_e,E - A += v,1556,1200-1599,https://atcoder.jp/contests/abc449/tasks/abc449_e
Lazy-Segment-Tree,abc449_f,F - Grid Clipping,1987,1600-1999,https://atcoder.jp/contests/abc449/tasks/abc449_f
座標圧縮,abc449_f,F - Grid Clipping,1987,1600-1999,https://atcoder.jp/contests/abc449/tasks/abc449_f
幅優先探索,abc450_c,C - Puddles,364,0-399,https://atcoder.jp/contests/abc450/tasks/abc450_c
深さ優先探索,abc450_c,C - Puddles,364,0-399,https://atcoder.jp/contests/abc450/tasks/abc450_c
Union-Find,abc450_c,C - Puddles,364,0-399,https://atcoder.jp/contests/abc450/tasks/abc450_c
尺取り法,abc450_d,D - Minimize Range,647,400-799,https://atcoder.jp/contests/abc450/tasks/abc450_d
座標圧縮,abc450_d,D - Minimize Range,647,400-799,https://atcoder.jp/contests/abc450/tasks/abc450_d
分割統治,abc450_e,E - Fibonacci String,1352,1200-1599,https://atcoder.jp/contests/abc450/tasks/abc450_e
Lazy-Segment-Tree,abc450_f,F - Strongly Connected 2,1967,1600-1999,https://atcoder.jp/contests/abc450/tasks/abc450_f
基礎DP,abc450_f,F - Strongly Connected 2,1967,1600-1999,https://atcoder.jp/contests/abc450/tasks/abc450_f
priority_queue,abc451_c,C - Understory,275,0-399,https://atcoder.jp/contests/abc451/tasks/abc451_c
深さ優先探索,abc451_d,D - Concat Power of 2,856,800-1199,https://atcoder.jp/contests/abc451/tasks/abc451_d
最小全域木,abc451_e,E - Tree Distance,1215,1200-1599,https://atcoder.jp/contests/abc451/tasks/abc451_e
深さ優先探索,abc451_e,E - Tree Distance,1215,1200-1599,https://atcoder.jp/contests/abc451/tasks/abc451_e
Union-Find,abc451_f,F - Make Bipartite 3,1540,1200-1599,https://atcoder.jp/contests/abc451/tasks/abc451_f
部分列DP,abc452_d,D - No-Subsequence Substring,903,800-1199,https://atcoder.jp/contests/abc452/tasks/abc452_d
累積和,abc452_e,E - You WILL Like Sigma Problem,1318,1200-1599,https://atcoder.jp/contests/abc452/tasks/abc452_e
Binary-Indexed-Tree,abc452_f,F - Interval Inversion Count,1630,1600-1999,https://atcoder.jp/contests/abc452/tasks/abc452_f
尺取り法,abc452_f,F - Interval Inversion Count,1630,1600-1999,https://atcoder.jp/contests/abc452/tasks/abc452_f
bit全探索,abc453_c,C - Sneaking Glances,338,0-399,https://atcoder.jp/contests/abc453/tasks/abc453_c
幅優先探索,abc453_d,D - Go Straight,1011,800-1199,https://atcoder.jp/contests/abc453/tasks/abc453_d
深さ優先探索,abc453_d,D - Go Straight,1011,800-1199,https://atcoder.jp/contests/abc453/tasks/abc453_d
二項係数,abc453_e,E - Team Division,1513,1200-1599,https://atcoder.jp/contests/abc453/tasks/abc453_e
逆元,abc453_e,E - Team Division,1513,1200-1599,https://atcoder.jp/contests/abc453/tasks/abc453_e
imos法,abc453_e,E - Team Division,1513,1200-1599,https://atcoder.jp/contests/abc453/tasks/abc453_e
Segment-Tree,abc453_g,G - Copy Query,1735,1600-1999,https://atcoder.jp/contests/abc453/tasks/abc453_g
深さ優先探索,abc453_g,G - Copy Query,1735,1600-1999,https://atcoder.jp/contests/abc453/tasks/abc453_g
平方分割,abc453_g,G - Copy Query,1735,1600-1999,https://atcoder.jp/contests/abc453/tasks/abc453_g
set,abc454_b,B - Mapping,45,0-399,https://atcoder.jp/contests/abc454/tasks/abc454_b
幅優先探索,abc454_c,C - Straw Millionaire,274,0-399,https://atcoder.jp/contests/abc454/tasks/abc454_c
深さ優先探索,abc454_c,C - Straw Millionaire,274,0-399,https://atcoder.jp/contests/abc454/tasks/abc454_c
stack,abc454_d,D - (xx),706,400-799,https://atcoder.jp/contests/abc454/tasks/abc454_d
シミュレーション,abc454_e,E - LRUD Moving,1627,1600-1999,https://atcoder.jp/contests/abc454/tasks/abc454_e
連想配列,abc455_c,C - Vanish,210,0-399,https://atcoder.jp/contests/abc455/tasks/abc455_c
Union-Find,abc455_d,D - Card Pile Query,796,400-799,https://atcoder.jp/contests/abc455/tasks/abc455_d
包除原理,abc455_e,E - Unbalanced ABC Substrings,1157,800-1199,https://atcoder.jp/contests/abc455/tasks/abc455_e
連想配列,abc455_e,E - Unbalanced ABC Substrings,1157,800-1199,https://atcoder.jp/contests/abc455/tasks/abc455_e
Lazy-Segment-Tree,abc455_f,F - Merge Slimes 2,1549,1200-1599,https://atcoder.jp/contests/abc455/tasks/abc455_f
基礎DP,abc456_d,D - Not Adjacent 2,586,400-799,https://atcoder.jp/contests/abc456/tasks/abc456_d
深さ優先探索,abc456_e,E - Endless Holidays,1214,1200-1599,https://atcoder.jp/contests/abc456/tasks/abc456_e
トポロジカルソート,abc456_e,E - Endless Holidays,1214,1200-1599,https://atcoder.jp/contests/abc456/tasks/abc456_e
Segment-Tree,abc456_f,F - Plan Holidays,1888,1600-1999,https://atcoder.jp/contests/abc456/tasks/abc456_f
基礎DP,abc456_f,F - Plan Holidays,1888,1600-1999,https://atcoder.jp/contests/abc456/tasks/abc456_f
二分探索,abc457_d,D - Raise Minimum,677,400-799,https://atcoder.jp/contests/abc457/tasks/abc457_d
set,abc457_e,E - Crossing Table Cloth,1428,1200-1599,https://atcoder.jp/contests/abc457/tasks/abc457_e
二分探索,abc457_e,E - Crossing Table Cloth,1428,1200-1599,https://atcoder.jp/contests/abc457/tasks/abc457_e
Segment-Tree,abc457_g,G - Catch All Apples,1928,1600-1999,https://atcoder.jp/contests/abc457/tasks/abc457_g
座標圧縮,abc457_g,G - Catch All Apples,1928,1600-1999,https://atcoder.jp/contests/abc457/tasks/abc457_g
priority_queue,abc458_d,D - Chalkboard Median,450,400-799,https://atcoder.jp/contests/abc458/tasks/abc458_d
二項係数,abc458_e,E - Count 123,1309,1200-1599,https://atcoder.jp/contests/abc458/tasks/abc458_e
逆元,abc458_e,E - Count 123,1309,1200-1599,https://atcoder.jp/contests/abc458/tasks/abc458_e
行列累乗,abc458_f,F - Critical Misread,1744,1600-1999,https://atcoder.jp/contests/abc458/tasks/abc458_f
Trie,abc458_f,F - Critical Misread,1744,1600-1999,https://atcoder.jp/contests/abc458/tasks/abc458_f
木DP,abc459_e,E - Select from Subtrees,1298,1200-1599,https://atcoder.jp/contests/abc459/tasks/abc459_e
二項係数,abc459_e,E - Select from Subtrees,1298,1200-1599,https://atcoder.jp/contests/abc459/tasks/abc459_e
尺取り法,abc460_c,C - Sushi,192,0-399,https://atcoder.jp/contests/abc460/tasks/abc460_c
幅優先探索,abc460_d,D - Repeatedly Repainting,1216,1200-1599,https://atcoder.jp/contests/abc460/tasks/abc460_d
gcd,abc460_e,E - x + y ≡ x + y,1362,1200-1599,https://atcoder.jp/contests/abc460/tasks/abc460_e
Segment-Tree,abc460_f,F - Farthest Pair Query,1987,1600-1999,https://atcoder.jp/contests/abc460/tasks/abc460_f
最小共通祖先,abc460_f,F - Farthest Pair Query,1987,1600-1999,https://atcoder.jp/contests/abc460/tasks/abc460_f
